<?xml version="1.0" encoding="UTF-8"?>
<kml xmlns="http://www.opengis.net/kml/2.2" xmlns:gx="http://www.google.com/kml/ext/2.2" xmlns:kml="http://www.opengis.net/kml/2.2" xmlns:atom="http://www.w3.org/2005/Atom">
<Document id="1Yf42UWVbvBR_PMYGI4YMlg1yS9M__GOO">
	<name>TrainingData2014</name>
	<gx:CascadingStyle kml:id="__managed_style_1121EDCC4D40E2337E8C_normal">
		<Style>
			<IconStyle>
				<scale>0.75</scale>
				<Icon>
					<href>https://earth.google.com/earth/document/icon?color=1976d2&amp;id=2000&amp;scale=4</href>
				</Icon>
				<hotSpot x="64" y="128" xunits="pixels" yunits="insetPixels"/>
			</IconStyle>
			<LabelStyle>
			</LabelStyle>
			<LineStyle>
				<color>ff2dc0fb</color>
				<width>3.2</width>
			</LineStyle>
			<PolyStyle>
				<color>40ffffff</color>
			</PolyStyle>
			<BalloonStyle>
			</BalloonStyle>
		</Style>
	</gx:CascadingStyle>
	<gx:CascadingStyle kml:id="__managed_style_04D4037C9D40E2337E89_normal">
		<Style>
			<IconStyle>
				<scale>0.75</scale>
				<Icon>
					<href>https://earth.google.com/earth/document/icon?color=fbc02d&amp;id=2367&amp;scale=4</href>
				</Icon>
				<hotSpot x="64" y="128" xunits="pixels" yunits="insetPixels"/>
			</IconStyle>
			<LabelStyle>
			</LabelStyle>
			<LineStyle>
				<color>ff2dc0fb</color>
				<width>3.2</width>
			</LineStyle>
			<PolyStyle>
				<color>40ffffff</color>
			</PolyStyle>
			<BalloonStyle>
			</BalloonStyle>
		</Style>
	</gx:CascadingStyle>
	<StyleMap id="__managed_style_1121EDCC4D40E2337E8C">
		<Pair>
			<key>normal</key>
			<styleUrl>#__managed_style_1121EDCC4D40E2337E8C_normal</styleUrl>
		</Pair>
		<Pair>
			<key>highlight</key>
			<styleUrl>#__managed_style_1121EDCC4D40E2337E8C_highlight</styleUrl>
		</Pair>
	</StyleMap>
	<gx:CascadingStyle kml:id="__managed_style_04D4037C9D40E2337E89_highlight">
		<Style>
			<IconStyle>
				<scale>0.9</scale>
				<Icon>
					<href>https://earth.google.com/earth/document/icon?color=fbc02d&amp;id=2367&amp;scale=4</href>
				</Icon>
				<hotSpot x="64" y="128" xunits="pixels" yunits="insetPixels"/>
			</IconStyle>
			<LabelStyle>
			</LabelStyle>
			<LineStyle>
				<color>ff2dc0fb</color>
				<width>4.8</width>
			</LineStyle>
			<PolyStyle>
				<color>40ffffff</color>
			</PolyStyle>
			<BalloonStyle>
			</BalloonStyle>
		</Style>
	</gx:CascadingStyle>
	<gx:CascadingStyle kml:id="__managed_style_21329CE9A640E2337E8C_highlight">
		<Style>
			<IconStyle>
				<scale>0.9</scale>
				<Icon>
					<href>https://earth.google.com/earth/document/icon?color=d32f2f&amp;id=2006&amp;scale=4</href>
				</Icon>
				<hotSpot x="64" y="128" xunits="pixels" yunits="insetPixels"/>
			</IconStyle>
			<LabelStyle>
			</LabelStyle>
			<LineStyle>
				<color>ff2dc0fb</color>
				<width>4.8</width>
			</LineStyle>
			<PolyStyle>
				<color>40ffffff</color>
			</PolyStyle>
			<BalloonStyle>
			</BalloonStyle>
		</Style>
	</gx:CascadingStyle>
	<StyleMap id="__managed_style_04D4037C9D40E2337E89">
		<Pair>
			<key>normal</key>
			<styleUrl>#__managed_style_04D4037C9D40E2337E89_normal</styleUrl>
		</Pair>
		<Pair>
			<key>highlight</key>
			<styleUrl>#__managed_style_04D4037C9D40E2337E89_highlight</styleUrl>
		</Pair>
	</StyleMap>
	<StyleMap id="__managed_style_21329CE9A640E2337E8C">
		<Pair>
			<key>normal</key>
			<styleUrl>#__managed_style_21329CE9A640E2337E8C_normal</styleUrl>
		</Pair>
		<Pair>
			<key>highlight</key>
			<styleUrl>#__managed_style_21329CE9A640E2337E8C_highlight</styleUrl>
		</Pair>
	</StyleMap>
	<gx:CascadingStyle kml:id="__managed_style_045827AB8D40E2337E91_highlight">
		<Style>
			<IconStyle>
				<scale>1.2</scale>
				<Icon>
					<href>https://earth.google.com/earth/document/icon?color=388e3c&amp;id=2370&amp;scale=4</href>
				</Icon>
				<hotSpot x="64" y="128" xunits="pixels" yunits="insetPixels"/>
			</IconStyle>
			<LabelStyle>
			</LabelStyle>
			<LineStyle>
				<color>ff2dc0fb</color>
				<width>4.8</width>
			</LineStyle>
			<PolyStyle>
				<color>40ffffff</color>
			</PolyStyle>
			<BalloonStyle>
			</BalloonStyle>
		</Style>
	</gx:CascadingStyle>
	<gx:CascadingStyle kml:id="__managed_style_0B611D7F1240E2337E90_highlight">
		<Style>
			<IconStyle>
				<scale>1.2</scale>
				<Icon>
					<href>https://earth.google.com/earth/document/icon?color=1976d2&amp;id=2000&amp;scale=4</href>
				</Icon>
				<hotSpot x="64" y="128" xunits="pixels" yunits="insetPixels"/>
			</IconStyle>
			<LabelStyle>
			</LabelStyle>
			<LineStyle>
				<color>ff2dc0fb</color>
				<width>4.8</width>
			</LineStyle>
			<PolyStyle>
				<color>40ffffff</color>
			</PolyStyle>
			<BalloonStyle>
			</BalloonStyle>
		</Style>
	</gx:CascadingStyle>
	<StyleMap id="__managed_style_045827AB8D40E2337E91">
		<Pair>
			<key>normal</key>
			<styleUrl>#__managed_style_045827AB8D40E2337E91_normal</styleUrl>
		</Pair>
		<Pair>
			<key>highlight</key>
			<styleUrl>#__managed_style_045827AB8D40E2337E91_highlight</styleUrl>
		</Pair>
	</StyleMap>
	<gx:CascadingStyle kml:id="__managed_style_045827AB8D40E2337E91_normal">
		<Style>
			<IconStyle>
				<Icon>
					<href>https://earth.google.com/earth/document/icon?color=388e3c&amp;id=2370&amp;scale=4</href>
				</Icon>
				<hotSpot x="64" y="128" xunits="pixels" yunits="insetPixels"/>
			</IconStyle>
			<LabelStyle>
			</LabelStyle>
			<LineStyle>
				<color>ff2dc0fb</color>
				<width>3.2</width>
			</LineStyle>
			<PolyStyle>
				<color>40ffffff</color>
			</PolyStyle>
			<BalloonStyle>
			</BalloonStyle>
		</Style>
	</gx:CascadingStyle>
	<gx:CascadingStyle kml:id="__managed_style_0CA7E471A240E2337E8C_normal">
		<Style>
			<IconStyle>
				<Icon>
					<href>https://earth.google.com/earth/document/icon?color=388e3c&amp;id=2370&amp;scale=4</href>
				</Icon>
				<hotSpot x="64" y="128" xunits="pixels" yunits="insetPixels"/>
			</IconStyle>
			<LabelStyle>
			</LabelStyle>
			<LineStyle>
				<color>ff2dc0fb</color>
				<width>3.2</width>
			</LineStyle>
			<PolyStyle>
				<color>40ffffff</color>
			</PolyStyle>
			<BalloonStyle>
			</BalloonStyle>
		</Style>
	</gx:CascadingStyle>
	<gx:CascadingStyle kml:id="__managed_style_21329CE9A640E2337E8C_normal">
		<Style>
			<IconStyle>
				<scale>0.75</scale>
				<Icon>
					<href>https://earth.google.com/earth/document/icon?color=d32f2f&amp;id=2006&amp;scale=4</href>
				</Icon>
				<hotSpot x="64" y="128" xunits="pixels" yunits="insetPixels"/>
			</IconStyle>
			<LabelStyle>
			</LabelStyle>
			<LineStyle>
				<color>ff2dc0fb</color>
				<width>3.2</width>
			</LineStyle>
			<PolyStyle>
				<color>40ffffff</color>
			</PolyStyle>
			<BalloonStyle>
			</BalloonStyle>
		</Style>
	</gx:CascadingStyle>
	<gx:CascadingStyle kml:id="__managed_style_00CB5420A940E2337E94_normal">
		<Style>
			<IconStyle>
				<Icon>
					<href>https://earth.google.com/earth/document/icon?color=1976d2&amp;id=2000&amp;scale=4</href>
				</Icon>
				<hotSpot x="64" y="128" xunits="pixels" yunits="insetPixels"/>
			</IconStyle>
			<LabelStyle>
			</LabelStyle>
			<LineStyle>
				<color>70ff0000</color>
				<width>1.6</width>
			</LineStyle>
			<PolyStyle>
				<color>3dbc47ab</color>
			</PolyStyle>
			<BalloonStyle>
			</BalloonStyle>
		</Style>
	</gx:CascadingStyle>
	<gx:CascadingStyle kml:id="__managed_style_00CB5420A940E2337E94_highlight">
		<Style>
			<IconStyle>
				<scale>1.2</scale>
				<Icon>
					<href>https://earth.google.com/earth/document/icon?color=1976d2&amp;id=2000&amp;scale=4</href>
				</Icon>
				<hotSpot x="64" y="128" xunits="pixels" yunits="insetPixels"/>
			</IconStyle>
			<LabelStyle>
			</LabelStyle>
			<LineStyle>
				<color>70ff0000</color>
				<width>2.4</width>
			</LineStyle>
			<PolyStyle>
				<color>3dbc47ab</color>
			</PolyStyle>
			<BalloonStyle>
			</BalloonStyle>
		</Style>
	</gx:CascadingStyle>
	<StyleMap id="__managed_style_00CB5420A940E2337E94">
		<Pair>
			<key>normal</key>
			<styleUrl>#__managed_style_00CB5420A940E2337E94_normal</styleUrl>
		</Pair>
		<Pair>
			<key>highlight</key>
			<styleUrl>#__managed_style_00CB5420A940E2337E94_highlight</styleUrl>
		</Pair>
	</StyleMap>
	<gx:CascadingStyle kml:id="__managed_style_1121EDCC4D40E2337E8C_highlight">
		<Style>
			<IconStyle>
				<scale>0.9</scale>
				<Icon>
					<href>https://earth.google.com/earth/document/icon?color=1976d2&amp;id=2000&amp;scale=4</href>
				</Icon>
				<hotSpot x="64" y="128" xunits="pixels" yunits="insetPixels"/>
			</IconStyle>
			<LabelStyle>
			</LabelStyle>
			<LineStyle>
				<color>ff2dc0fb</color>
				<width>4.8</width>
			</LineStyle>
			<PolyStyle>
				<color>40ffffff</color>
			</PolyStyle>
			<BalloonStyle>
			</BalloonStyle>
		</Style>
	</gx:CascadingStyle>
	<StyleMap id="__managed_style_0CA7E471A240E2337E8C">
		<Pair>
			<key>normal</key>
			<styleUrl>#__managed_style_0CA7E471A240E2337E8C_normal</styleUrl>
		</Pair>
		<Pair>
			<key>highlight</key>
			<styleUrl>#__managed_style_0CA7E471A240E2337E8C_highlight</styleUrl>
		</Pair>
	</StyleMap>
	<gx:CascadingStyle kml:id="__managed_style_0B611D7F1240E2337E90_normal">
		<Style>
			<IconStyle>
				<Icon>
					<href>https://earth.google.com/earth/document/icon?color=1976d2&amp;id=2000&amp;scale=4</href>
				</Icon>
				<hotSpot x="64" y="128" xunits="pixels" yunits="insetPixels"/>
			</IconStyle>
			<LabelStyle>
			</LabelStyle>
			<LineStyle>
				<color>ff2dc0fb</color>
				<width>3.2</width>
			</LineStyle>
			<PolyStyle>
				<color>40ffffff</color>
			</PolyStyle>
			<BalloonStyle>
			</BalloonStyle>
		</Style>
	</gx:CascadingStyle>
	<gx:CascadingStyle kml:id="__managed_style_0CA7E471A240E2337E8C_highlight">
		<Style>
			<IconStyle>
				<scale>1.2</scale>
				<Icon>
					<href>https://earth.google.com/earth/document/icon?color=388e3c&amp;id=2370&amp;scale=4</href>
				</Icon>
				<hotSpot x="64" y="128" xunits="pixels" yunits="insetPixels"/>
			</IconStyle>
			<LabelStyle>
			</LabelStyle>
			<LineStyle>
				<color>ff2dc0fb</color>
				<width>4.8</width>
			</LineStyle>
			<PolyStyle>
				<color>40ffffff</color>
			</PolyStyle>
			<BalloonStyle>
			</BalloonStyle>
		</Style>
	</gx:CascadingStyle>
	<StyleMap id="__managed_style_0B611D7F1240E2337E90">
		<Pair>
			<key>normal</key>
			<styleUrl>#__managed_style_0B611D7F1240E2337E90_normal</styleUrl>
		</Pair>
		<Pair>
			<key>highlight</key>
			<styleUrl>#__managed_style_0B611D7F1240E2337E90_highlight</styleUrl>
		</Pair>
	</StyleMap>
	<Folder id="5DB5EE6980000001">
		<name>992007</name>
		<open>1</open>
		<styleUrl>#__managed_style_0B611D7F1240E2337E90</styleUrl>
		<Placemark id="5DB5EE6980000002">
			<name>Pokhara</name>
			<styleUrl>#__managed_style_00CB5420A940E2337E94</styleUrl>
			<Polygon>
				<outerBoundaryIs>
					<LinearRing>
						<coordinates>
							83.79871850000001,28.2286575,0 83.7998264,28.2276914,0 83.8040815,28.2236235,0 83.8074293,28.2204519,0 83.8095977,28.2195682,0 83.81632329999999,28.210159,0 83.82342730000001,28.2144086,0 83.82813640000001,28.2144877,0 83.8294028,28.2146548,0 83.82977080000001,28.2146659,0 83.8304708,28.2147073,0 83.8323833,28.2138937,0 83.8356215,28.2133432,0 83.8388209,28.211465,0 83.83942589999999,28.2107897,0 83.8408889,28.209618,0 83.8415767,28.206888,0 83.8428845,28.2041531,0 83.8449444,28.203964,0 83.8466825,28.202489,0 83.8467254,28.1995579,0 83.8476505,28.1993085,0 83.8555708,28.193827,0 83.8578881,28.1953917,0 83.8601852,28.1959168,0 83.8627864,28.197941,0 83.86512879999999,28.1972819,0 83.8689384,28.1970412,0 83.869642,28.19779219999999,0 83.87361300000001,28.1974163,0 83.8764979,28.1929673,0 83.8788539,28.1928512,0 83.880544,28.1935419,0 83.8863616,28.1944421,0 83.8905269,28.195253,0 83.8920928,28.1940737,0 83.8945954,28.1921103,0 83.89887210000001,28.1899903,0 83.8985005,28.18779960000001,0 83.90057400000001,28.1859576,0 83.90141749999999,28.1833555,0 83.90279700000001,28.1808115,0 83.9046768,28.1774915,0 83.90709769999999,28.1751288,0 83.91267259999999,28.1723702,0 83.9152794,28.1719797,0 83.91637830000001,28.1706699,0 83.9182631,28.1712823,0 83.9212129,28.1692563,0 83.92301500000001,28.1693353,0 83.923795,28.1686432,0 83.9246709,28.1673123,0 83.9259464,28.1637198,0 83.9260117,28.163576,0 83.9270514,28.1612855,0 83.9240047,28.1584156,0 83.9223786,28.1559306,0 83.922839,28.1542514,0 83.923315,28.1532205,0 83.923483,28.1514262,0 83.9263089,28.1489943,0 83.92785430000001,28.1479507,0 83.92964360000001,28.1451944,0 83.9315641,28.1441592,0 83.9341036,28.1440336,0 83.9352923,28.1402796,0 83.93696799999999,28.1380649,0 83.9421778,28.1379635,0 83.9436748,28.1383989,0 83.9455267,28.1389375,0 83.94976459999999,28.1400039,0 83.9520483,28.1398744,0 83.95304109999999,28.1397183,0 83.9534005,28.139723,0 83.9537868,28.1397302,0 83.9543267,28.1395083,0 83.95571940000001,28.1391056,0 83.95831029999999,28.139675,0 83.9600657,28.1411375,0 83.9607982,28.14095470000001,0 83.9604527,28.1390046,0 83.96132350000001,28.1389802,0 83.9623187,28.1404428,0 83.9644196,28.1410888,0 83.96504160000001,28.1412838,0 83.9654839,28.1420029,0 83.9671149,28.1426488,0 83.96887030000001,28.1435751,0 83.96905,28.1432095,0 83.9691605,28.1427342,0 83.9695337,28.1425148,0 83.9701419,28.1415397,0 83.9708883,28.1420395,0 83.9712893,28.1420261,0 83.9719802,28.1420029,0 83.97238110000001,28.1422223,0 83.97351449999999,28.1422832,0 83.97500719999999,28.1427707,0 83.9773984,28.1431851,0 83.9792229,28.1434776,0 83.9801767,28.1433192,0 83.9802043,28.1427707,0 83.97996929999999,28.1412716,0 83.9796929,28.1402356,0 83.9806604,28.1399675,0 83.98158650000001,28.1402844,0 83.9823052,28.1404794,0 83.9826784,28.1399065,0 83.9830102,28.1390168,0 83.9833004,28.1380173,0 83.98364599999999,28.1378589,0 83.98541520000001,28.13868769999999,0 83.98606479999999,28.1389924,0 83.98665920000001,28.1384074,0 83.9865624,28.1369326,0 83.9865762,28.13644499999999,0 83.9876682,28.1365425,0 83.989548,28.1374079,0 83.99052930000001,28.1371642,0 83.990865,28.136628,0 83.9908611,28.1363231,0 83.9899212,28.1361769,0 83.98985209999999,28.1357137,0 83.99015609999999,28.135409,0 83.9897553,28.1344948,0 83.9901423,28.1342267,0 83.9907297,28.135086,0 83.9911168,28.1357868,0 83.9918562,28.1359819,0 83.9924299,28.135604,0 83.9925957,28.1349824,0 83.9935771,28.1346045,0 83.9941369,28.1344766,0 83.99444099999999,28.1341962,0 83.99485559999999,28.1334953,0 83.9952012,28.1332881,0 83.9955605,28.1333552,0 83.99664559999999,28.133922,0 83.9970533,28.1339463,0 83.9971086,28.1337574,0 83.99690819999999,28.1335075,0 83.9968667,28.1330505,0 83.9970671,28.1328737,0 83.9977099,28.132825,0 83.99868429999999,28.1328493,0 83.9992579,28.1324837,0 83.9996795,28.1314781,0 84.0003775,28.1310088,0 84.00109620000001,28.131216,0 84.0017251,28.1316487,0 84.00205,28.1313013,0 84.002202,28.1306675,0 84.0026804,28.1304684,0 84.0027,28.1301265,0 84.0023039,28.1294722,0 84.00211109999999,28.1294171,0 84.0015727,28.1293,0 84.0010523,28.1287829,0 84.00071509999999,28.12849629999999,0 84.0000285,28.1278347,0 83.9993492,28.1271646,0 83.9987921,28.126447,0 83.9987991,28.12615720000001,0 83.9988654,28.1257402,0 83.99924900000001,28.1251778,0 83.9995471,28.1248222,0 83.9995333,28.1240451,0 83.99924300000001,28.1227835,0 83.99888369999999,28.12184480000001,0 83.99917050000001,28.1210342,0 84.0002209,28.1201961,0 84.0009051,28.1197267,0 84.00120579999999,28.1187393,0 84.00147870000001,28.1181846,0 84.0021629,28.1180383,0 84.00291970000001,28.1178372,0 84.00349679999999,28.1175507,0 84.0038181,28.1173587,0 84.0042224,28.1171697,0 84.0043641,28.1170936,0 84.00399779999999,28.1168101,0 84.00417059999999,28.1162158,0 84.0047096,28.1156947,0 84.0056357,28.1153899,0 84.00631300000001,28.1153106,0 84.0065929,28.1149998,0 84.0066965,28.1137106,0 84.00745329999999,28.1132473,0 84.0080373,28.112275,0 84.0083344,28.1118148,0 84.0086489,28.1109309,0 84.0091817,28.1100038,0 84.00971920000001,28.1094089,0 84.0108578,28.10998650000001,0 84.01195250000001,28.109827,0 84.0129836,28.1099477,0 84.0136238,28.1096244,0 84.0139854,28.1089477,0 84.0136971,28.1081632,0 84.0136775,28.1077149,0 84.0136531,28.1072839,0 84.0132552,28.1070166,0 84.0125711,28.1065338,0 84.0122339,28.1057622,0 84.01278120000001,28.1053959,0 84.0137146,28.1053226,0 84.0151855,28.1052752,0 84.0160798,28.1051545,0 84.0164365,28.1050855,0 84.0175361,28.1044992,0 84.0184108,28.1042277,0 84.0192807,28.104413,0 84.02065880000001,28.1048657,0 84.0218658,28.1050639,0 84.0226526,28.104801,0 84.023928,28.10512,0 84.0253599,28.1053312,0 84.0262932,28.1049088,0 84.0270165,28.1046631,0 84.02774460000001,28.1047191,0 84.02843369999999,28.1044734,0 84.0285949,28.1041587,0 84.0285216,28.1034561,0 84.02819909999999,28.1027922,0 84.02755399999999,28.10181800000001,0 84.0267917,28.1012749,0 84.0258632,28.1008007,0 84.0256677,28.0997747,0 84.0258046,28.0987229,0 84.0261564,28.0981883,0 84.02655710000001,28.0973951,0 84.0269481,28.0969727,0 84.0262737,28.0962829,0 84.0267331,28.095619,0 84.02790589999999,28.0955501,0 84.02864870000001,28.0956277,0 84.0289593,28.095977,0 84.02910129999999,28.0962323,0 84.02925329999999,28.0965738,0 84.028811,28.0965677,0 84.02834110000001,28.0968969,0 84.0282866,28.097515,0 84.0274979,28.0979089,0 84.02744269999999,28.0986831,0 84.02813380000001,28.0990002,0 84.02834110000001,28.1000792,0 84.0297233,28.1001951,0 84.03162279999999,28.0999246,0 84.0338185,28.0987189,0 84.0352579,28.0969905,0 84.03637209999999,28.0958352,0 84.0378393,28.0958596,0 84.03908850000001,28.0966961,0 84.04108290000001,28.094973,0 84.0416393,28.0932777,0 84.0409173,28.0926368,0 84.04013809999999,28.0922153,0 84.0387072,28.0920544,0 84.0379674,28.0924079,0 84.0374163,28.0922399,0 84.0377575,28.0915239,0 84.038686,28.0912179,0 84.04096319999999,28.0907566,0 84.0435044,28.0899073,0 84.0437683,28.089058,0 84.0434604,28.0886441,0 84.0437829,28.0883509,0 84.0447408,28.0880707,0 84.0460015,28.0870748,0 84.047106,28.0853696,0 84.0473308,28.0850226,0 84.04988539999999,28.0837881,0 84.0508696,28.0837937,0 84.0517724,28.0840715,0 84.0535702,28.0863135,0 84.0555437,28.0887105,0 84.0573551,28.0879831,0 84.0583824,28.0880427,0 84.0606398,28.086564,0 84.0623566,28.0839403,0 84.0644112,28.0830458,0 84.0666957,28.0811854,0 84.06784469999999,28.0785973,0 84.06952080000001,28.0777267,0 84.0708726,28.0788478,0 84.07134739999999,28.0801736,0 84.0734404,28.0832135,0 84.07577449999999,28.0865543,0 84.07725739999999,28.0896132,0 84.0778504,28.0904151,0 84.0787809,28.0913435,0 84.07921229999999,28.0918886,0 84.0877253,28.0945077,0 84.08872049999999,28.0986046,0 84.0930255,28.1026504,0 84.0980538,28.1074216,0 84.10098549999999,28.108352,0 84.1024819,28.1104861,0 84.107739,28.110277,0 84.1115274,28.1074924,0 84.1154305,28.1068342,0 84.116654,28.1071844,0 84.11604800000001,28.1086586,0 84.1162533,28.1092879,0 84.1197229,28.109831,0 84.12155060000001,28.1120551,0 84.1229745,28.1121665,0 84.1242117,28.1129615,0 84.125164,28.1141647,0 84.1249495,28.1153603,0 84.1274205,28.115436,0 84.12797810000001,28.1170024,0 84.12814109999999,28.1189244,0 84.12688850000001,28.1200745,0 84.1260563,28.1200821,0 84.1251984,28.1208388,0 84.1246064,28.1210431,0 84.1242374,28.1217619,0 84.12287329999999,28.12253370000001,0 84.1221355,28.1224505,0 84.12159490000001,28.123699,0 84.1222384,28.1250231,0 84.12165570000001,28.1256854,0 84.1212862,28.1265383,0 84.1216021,28.12759670000001,0 84.1226674,28.1283448,0 84.12370490000001,28.1286753,0 84.1243486,28.128997,0 84.12489100000001,28.1294024,0 84.12299779999999,28.1313449,0 84.1206682,28.1308313,0 84.1163973,28.1311737,0 84.1154873,28.1332388,0 84.11128909999999,28.1342339,0 84.1111557,28.135015,0 84.1098089,28.1361063,0 84.10996660000001,28.1378824,0 84.1115075,28.1393803,0 84.110731,28.1418518,0 84.1097118,28.1434674,0 84.111277,28.1447619,0 84.1134677,28.1449049,0 84.1137765,28.1460457,0 84.1126845,28.1467518,0 84.112551,28.147597,0 84.11207779999999,28.1483887,0 84.11273300000001,28.1493408,0 84.1138857,28.1501432,0 84.11593619999999,28.1497474,0 84.1169675,28.1509348,0 84.11568920000001,28.1520847,0 84.1157364,28.1523889,0 84.11602809999999,28.154267,0 84.11543589999999,28.1553609,0 84.11632160000001,28.1570939,0 84.1166492,28.1591585,0 84.1183297,28.1597468,0 84.11878470000001,28.1612284,0 84.12112639999999,28.1614102,0 84.12336500000001,28.1618167,0 84.12479399999999,28.1621982,0 84.12543100000001,28.1624335,0 84.1261954,28.1623426,0 84.12652300000001,28.1627598,0 84.1271297,28.1628453,0 84.1272692,28.1638188,0 84.12816100000001,28.1643375,0 84.12951390000001,28.1650061,0 84.1307879,28.16499,0 84.1310912,28.1654874,0 84.13078179999999,28.1657816,0 84.1304846,28.1661185,0 84.13107909999999,28.1661934,0 84.13201340000001,28.1670705,0 84.13167970000001,28.1674823,0 84.1323288,28.1682685,0 84.1327838,28.1685145,0 84.1328202,28.1678407,0 84.1342459,28.1678834,0 84.1353441,28.1694718,0 84.140732,28.1736315,0 84.1430828,28.1735256,0 84.1445757,28.1753105,0 84.1444927,28.1758775,0 84.1438192,28.1765468,0 84.1430041,28.1772312,0 84.14370340000001,28.1780972,0 84.14364759999999,28.17955299999999,0 84.1429352,28.1807671,0 84.1435661,28.182088,0 84.1436207,28.1830452,0 84.1421587,28.1833232,0 84.1423589,28.1842911,0 84.1418917,28.1853392,0 84.1422436,28.1860878,0 84.14335989999999,28.1860862,0 84.1434787,28.186543,0 84.1424645,28.1873246,0 84.1421854,28.1876353,0 84.1420111,28.1879285,0 84.141452,28.1885344,0 84.14182820000001,28.1892406,0 84.14242489999999,28.1901661,0 84.1435488,28.1901359,0 84.1446727,28.1906047,0 84.1465259,28.1904157,0 84.1474838,28.1911431,0 84.1473301,28.1916396,0 84.1471799,28.1916774,0 84.14685,28.1917413,0 84.14649319999999,28.191772,0 84.1461734,28.1917532,0 84.1456829,28.1917704,0 84.1455181,28.1921675,0 84.1451794,28.1924756,0 84.1448584,28.1929363,0 84.14457950000001,28.1944303,0 84.1446117,28.1952246,0 84.1445473,28.1959149,0 84.14446150000001,28.1977398,0 84.14308819999999,28.1986759,0 84.14194019999999,28.1992716,0 84.140878,28.1996498,0 84.1398588,28.1997065,0 84.1392819,28.2004625,0 84.1390097,28.20043769999999,0 84.13821,28.2005652,0 84.137477,28.2007183,0 84.1365596,28.200828,0 84.1363719,28.2009074,0 84.1358516,28.2009216,0 84.13500809999999,28.200915,0 84.1342326,28.2009605,0 84.13385599999999,28.2010681,0 84.13330879999999,28.2012147,0 84.13289519999999,28.2012917,0 84.13232720000001,28.2016496,0 84.1316995,28.2021886,0 84.1311577,28.2025951,0 84.1307929,28.2030348,0 84.1301921,28.2033515,0 84.12976829999999,28.2034744,0 84.1293821,28.2035548,0 84.1287437,28.2037014,0 84.1283736,28.2036068,0 84.1278834,28.2033401,0 84.1276869,28.2032853,0 84.12732219999999,28.2033184,0 84.12714510000001,28.2034792,0 84.1268876,28.2039472,0 84.12669990000001,28.2049825,0 84.1264048,28.2052615,0 84.1262734,28.2068995,0 84.1266811,28.2079963,0 84.127475,28.2091119,0 84.12528639999999,28.2093199,0 84.1232693,28.2098304,0 84.121459,28.2104466,0 84.1208367,28.2104277,0 84.1199355,28.2104939,0 84.11859440000001,28.2103615,0 84.11813309999999,28.2103426,0 84.1167169,28.2101819,0 84.1155152,28.2102292,0 84.1138845,28.2101535,0 84.11253259999999,28.2100874,0 84.1117709,28.2101535,0 84.1100328,28.2108059,0 84.109314,28.211099,0 84.1086595,28.2115906,0 84.108681,28.2127062,0 84.1087024,28.21368,0 84.108563,28.2145876,0 84.1081586,28.2155962,0 84.1081184,28.2157912,0 84.1081023,28.2159649,0 84.1081801,28.2161445,0 84.10827260000001,28.2162993,0 84.1084027,28.2164412,0 84.10867759999999,28.2166822,0 84.1087393,28.216876,0 84.1087728,28.2169765,0 84.1088895,28.217214,0 84.1089297,28.2174433,0 84.1089123,28.2178179,0 84.1090397,28.218001,0 84.109324,28.2181346,0 84.1094045,28.2181866,0 84.1095909,28.2182267,0 84.10972769999999,28.2182906,0 84.1098176,28.2184548,0 84.10983899999999,28.2186309,0 84.1098453,28.21873829999999,0 84.10924009999999,28.2189404,0 84.10846359999999,28.2208221,0 84.1071092,28.2220408,0 84.1045664,28.2220625,0 84.10135699999999,28.2223018,0 84.09886349999999,28.2234547,0 84.0977232,28.2244759,0 84.0949552,28.2224512,0 84.0925072,28.220402,0 84.0901533,28.2181738,0 84.0898431,28.2180625,0 84.0896527,28.2175922,0 84.0894918,28.2174314,0 84.0892262,28.2174055,0 84.089119,28.2174385,0 84.0889983,28.2176938,0 84.08898480000001,28.2179963,0 84.0889822,28.2183556,0 84.0889392,28.2185966,0 84.0888413,28.218794,0 84.0886268,28.2190563,0 84.08836119999999,28.2192643,0 84.0880367,28.2194014,0 84.0878087,28.21949830000001,0 84.0875968,28.2195904,0 84.0872602,28.2196436,0 84.0870134,28.2197122,0 84.0867988,28.219724,0 84.08667010000001,28.2198043,0 84.0863777,28.22007380000001,0 84.08630530000001,28.2201517,0 84.0860907,28.2201328,0 84.08601830000001,28.2200643,0 84.0860103,28.2199509,0 84.0859942,28.2197925,0 84.08594050000001,28.2195018,0 84.0858815,28.2194238,0 84.085785,28.2193458,0 84.08567499999999,28.2191993,0 84.0855409,28.2190669,0 84.0854282,28.2189157,0 84.08519219999999,28.2187195,0 84.08516539999999,28.218365,0 84.08513050000001,28.2182516,0 84.08502319999999,28.2180979,0 84.0849776,28.2179136,0 84.0851734,28.217578,0 84.08526999999999,28.2175047,0 84.0853209,28.2174007,0 84.085278,28.2172849,0 84.0851546,28.21718329999999,0 84.084991,28.2169871,0 84.0849132,28.2168808,0 84.08470939999999,28.2166161,0 84.08464499999999,28.2164128,0 84.0846142,28.2156104,0 84.084464,28.2144665,0 84.08417970000001,28.2136298,0 84.0835842,28.2129491,0 84.0828707,28.2124291,0 84.08241750000001,28.2119186,0 84.0799042,28.2112047,0 84.077855,28.2107037,0 84.0765407,28.2105524,0 84.0755537,28.2106186,0 84.0748188,28.2103633,0 84.0743789,28.2103491,0 84.07382629999999,28.2103255,0 84.0735528,28.2103869,0 84.0730914,28.2104768,0 84.0724852,28.2104768,0 84.07182539999999,28.2103491,0 84.0709725,28.2101459,0 84.0705755,28.210004,0 84.0700981,28.2096731,0 84.0697387,28.2096968,0 84.0689769,28.2097015,0 84.0687731,28.2097488,0 84.06796300000001,28.2097771,0 84.06768940000001,28.2105335,0 84.0677377,28.2107509,0 84.06766260000001,28.211096,0 84.0674051,28.2114458,0 84.0673998,28.2118004,0 84.0674588,28.2125591,0 84.0676868,28.2126134,0 84.0681159,28.2125591,0 84.06828489999999,28.2124291,0 84.0689474,28.21228959999999,0 84.0698513,28.212344,0 84.07089740000001,28.2123794,0 84.0721017,28.2123369,0 84.0728312,28.2120367,0 84.0738102,28.2116987,0 84.074623,28.2117247,0 84.07552149999999,28.2119469,0 84.07608740000001,28.2119871,0 84.076351,28.21206099999999,0 84.07692160000001,28.2121939,0 84.0775774,28.2123978,0 84.0780173,28.2125283,0 84.07820940000001,28.2125452,0 84.07844540000001,28.212596,0 84.0786667,28.212661,0 84.0789805,28.2127792,0 84.07919649999999,28.2129056,0 84.0793681,28.2129954,0 84.0797275,28.2129954,0 84.07991869999999,28.2128417,0 84.08021309999999,28.2126196,0 84.08056740000001,28.2124895,0 84.0807089,28.2125754,0 84.08114620000001,28.2130524,0 84.0815568,28.2134871,0 84.0819779,28.2138984,0 84.082097,28.2139727,0 84.0821414,28.2143731,0 84.082167,28.2146464,0 84.08201680000001,28.2150245,0 84.0818237,28.2153932,0 84.081534,28.2157809,0 84.081298,28.21609279999999,0 84.0808152,28.2166979,0 84.0805362,28.2169531,0 84.080032,28.2173218,0 84.0798174,28.2175109,0 84.07931309999999,28.217804,0 84.0788732,28.2182105,0 84.07865870000001,28.2183618,0 84.07841190000001,28.2185508,0 84.0780257,28.2187115,0 84.0777145,28.2188439,0 84.0774892,28.2190141,0 84.0771244,28.2193544,0 84.0765665,28.2194773,0 84.0758155,28.2194773,0 84.0748177,28.21943,0 84.07420620000001,28.2192031,0 84.07331569999999,28.2187872,0 84.0723394,28.2183334,0 84.071701,28.2179411,0 84.07126649999999,28.2177425,0 84.071009,28.2176433,0 84.07063890000001,28.2177189,0 84.0702526,28.2178513,0 84.06981639999999,28.2177967,0 84.06961339999999,28.2176069,0 84.0691368,28.217128,0 84.06867010000001,28.2172037,0 84.0682893,28.2174684,0 84.06818199999999,28.2176433,0 84.0680371,28.2178465,0 84.0678494,28.2180262,0 84.0674417,28.2182909,0 84.0670769,28.2185319,0 84.0665619,28.2186501,0 84.0661381,28.2186737,0 84.06554269999999,28.2186548,0 84.0651082,28.2188061,0 84.0647487,28.2191039,0 84.0644161,28.2195907,0 84.06370269999999,28.220106,0 84.0632521,28.2203896,0 84.0629624,28.2205786,0 84.0627585,28.220919,0 84.0619968,28.2211175,0 84.06101510000001,28.2211175,0 84.0605484,28.2208433,0 84.0599261,28.2206779,0 84.05970309999999,28.220739,0 84.05946969999999,28.220567,0 84.05910230000001,28.2206067,0 84.05885550000001,28.2206256,0 84.0586114,28.2204063,0 84.0583834,28.2201151,0 84.0580106,28.2199497,0 84.05782550000001,28.2197937,0 84.0577243,28.219614,0 84.0575412,28.2194604,0 84.05714829999999,28.2193622,0 84.0568841,28.2193167,0 84.0567054,28.2192621,0 84.0565763,28.219172,0 84.0562913,28.2190484,0 84.0558863,28.2190721,0 84.0555547,28.2191487,0 84.0552184,28.2191981,0 84.0549958,28.2191489,0 84.0548,28.2193115,0 84.0545774,28.2193096,0 84.0544245,28.2194344,0 84.0539873,28.2194136,0 84.0538988,28.219321,0 84.0537056,28.2190563,0 84.0533543,28.2189788,0 84.0531156,28.2188294,0 84.0528688,28.2187632,0 84.05238869999999,28.218818,0 84.0519917,28.2188748,0 84.05171009999999,28.2188861,0 84.0514124,28.2187141,0 84.05105829999999,28.2184683,0 84.05073640000001,28.2183359,0 84.05052190000001,28.2183737,0 84.050208,28.2182527,0 84.0499935,28.2180069,0 84.0498429,28.2177456,0 84.0494999,28.2177044,0 84.04894470000001,28.217608,0 84.0487633,28.2176208,0 84.04856719999999,28.2176625,0 84.0503473,28.2195914,0 84.0523932,28.2218409,0 84.05606520000001,28.2249223,0 84.0558029,28.2265554,0 84.05561059999999,28.2290667,0 84.05352980000001,28.230484,0 84.0527429,28.23231729999999,0 84.0529178,28.2345665,0 84.0540194,28.2372471,0 84.0551035,28.2378941,0 84.0560303,28.2410982,0 84.05679960000001,28.2421457,0 84.0575772,28.2421871,0 84.0576518,28.24286770000001,0 84.05754589999999,28.24304130000001,0 84.05702700000001,28.243948,0 84.05770889999999,28.2450109,0 84.0572368,28.2466437,0 84.058251,28.2479068,0 84.05788750000001,28.248545,0 84.0574915,28.2489592,0 84.05743390000001,28.2490338,0 84.05822619999999,28.2498802,0 84.0591264,28.2502166,0 84.05959780000001,28.2508715,0 84.0608914,28.2514403,0 84.0599996,28.2522804,0 84.0598719,28.2530217,0 84.0602957,28.2533947,0 84.0615935,28.2540484,0 84.0611588,28.2548076,0 84.0611624,28.255771,0 84.0617778,28.2562164,0 84.06219710000001,28.2580534,0 84.0628773,28.2607718,0 84.06138129999999,28.2631546,0 84.0616888,28.264067,0 84.0614824,28.2645728,0 84.0616864,28.2659915,0 84.062117,28.2671057,0 84.0612002,28.2702798,0 84.0614106,28.2714159,0 84.0608593,28.2723156,0 84.0600828,28.2726644,0 84.06015650000001,28.2733319,0 84.0602263,28.2739997,0 84.0597688,28.2748294,0 84.060011,28.2763543,0 84.0604058,28.2768521,0 84.0606749,28.277745,0 84.0601276,28.2779583,0 84.0600918,28.2782586,0 84.06114150000001,28.2792699,0 84.0612491,28.2799178,0 84.06108759999999,28.2805578,0 84.0607826,28.2807395,0 84.0603699,28.2812689,0 84.05968799999999,28.2815217,0 84.0586832,28.282375,0 84.0578398,28.2823671,0 84.05679910000001,28.2834969,0 84.0564761,28.2837498,0 84.0562697,28.2845556,0 84.0556058,28.2851798,0 84.05484319999999,28.2854879,0 84.05400880000001,28.2868942,0 84.0537037,28.2876527,0 84.053393,28.28769670000001,0 84.0527278,28.2879612,0 84.0514403,28.2883769,0 84.0498525,28.2891327,0 84.04814229999999,28.2900973,0 84.0473054,28.2909098,0 84.04609739999999,28.2920236,0 84.044709,28.2931393,0 84.0433843,28.2939236,0 84.04150540000001,28.2945554,0 84.0387116,28.2959262,0 84.0378893,28.2963225,0 84.0372777,28.2964642,0 84.0370272,28.2965024,0 84.036641,28.2964269,0 84.036119,28.2964736,0 84.03573280000001,28.2967381,0 84.03526069999999,28.2969082,0 84.0350638,28.2970692,0 84.03459549999999,28.2978056,0 84.03447749999999,28.2980796,0 84.0343058,28.2982496,0 84.0338407,28.2985146,0 84.03362989999999,28.2987314,0 84.033587,28.2989676,0 84.033469,28.2991754,0 84.0331364,28.2993076,0 84.0327609,28.2994304,0 84.0325034,28.299591,0 84.0323923,28.2998182,0 84.0321601,28.3000634,0 84.0317524,28.3003279,0 84.0310942,28.301084,0 84.03085110000001,28.301537,0 84.0305293,28.3018487,0 84.0304826,28.3021609,0 84.0302181,28.3025666,0 84.02991400000001,28.3030489,0 84.0294956,28.3039746,0 84.02930619999999,28.3043331,0 84.0292096,28.3044653,0 84.0290272,28.3047298,0 84.0289843,28.3050699,0 84.02882339999999,28.305391,0 84.0284264,28.3057972,0 84.0276432,28.3064679,0 84.0272463,28.3067702,0 84.02677420000001,28.3069969,0 84.02636649999999,28.3071197,0 84.0259229,28.3072901,0 84.025712,28.30759189999999,0 84.0256155,28.307932,0 84.0257228,28.308187,0 84.02588369999999,28.3086688,0 84.0256584,28.308971,0 84.0253687,28.30933,0 84.0253328,28.3096421,0 84.02515409999999,28.3100856,0 84.0251327,28.3104445,0 84.0252722,28.3108035,0 84.0255726,28.3111907,0 84.0259695,28.3117102,0 84.0261412,28.3122392,0 84.02600169999999,28.3133443,0 84.0259695,28.3136088,0 84.02576569999999,28.3137882,0 84.02540089999999,28.313996,0 84.0251112,28.314251,0 84.0248071,28.3146104,0 84.0240131,28.315026,0 84.02322289999999,28.3154884,0 84.0229762,28.315715,0 84.02292250000001,28.316159,0 84.0229547,28.3164612,0 84.02300839999999,28.3167162,0 84.0230727,28.3170846,0 84.0231264,28.3174813,0 84.0230298,28.317963,0 84.0230835,28.3186052,0 84.0231247,28.3196771,0 84.02111499999999,28.3215662,0 84.02009320000001,28.3243697,0 84.02009320000001,28.3260338,0 84.02018390000001,28.3283507,0 84.01794,28.3293502,0 84.0176967,28.3306114,0 84.0161827,28.3322058,0 84.0138307,28.3333956,0 84.0124519,28.3341571,0 84.010262,28.3357752,0 84.0079911,28.3373219,0 84.00731519999999,28.3390351,0 84.0058824,28.3409625,0 84.0039629,28.3408435,0 84.0007998,28.3412243,0 83.99885329999999,28.3397728,0 83.9975826,28.3389638,0 83.9977719,28.3373219,0 83.9967175,28.3363225,0 83.9950499,28.3346651,0 83.9945128,28.3344014,0 83.994315,28.3341626,0 83.9943432,28.3338242,0 83.99434890000001,28.3336351,0 83.9942697,28.3334261,0 83.9942132,28.333237,0 83.9941793,28.3330728,0 83.99414539999999,28.3329086,0 83.99402670000001,28.332824,0 83.99387969999999,28.3326797,0 83.9937383,28.3324906,0 83.9936479,28.3323363,0 83.9935122,28.3322069,0 83.99335960000001,28.3321771,0 83.9930882,28.3320776,0 83.99272070000001,28.3319681,0 83.9925511,28.331784,0 83.9924381,28.3316944,0 83.9922911,28.3316397,0 83.9921102,28.3315899,0 83.991884,28.3315352,0 83.9916522,28.3315003,0 83.9914883,28.3314207,0 83.9911774,28.3312117,0 83.99091730000001,28.3310375,0 83.9904859,28.3307204,0 83.99046939999999,28.3304602,0 83.9903928,28.3301807,0 83.9902833,28.3299108,0 83.9902012,28.3297084,0 83.9900698,28.3294819,0 83.9896865,28.32913,0 83.9895058,28.3290144,0 83.9892704,28.3288264,0 83.98913899999999,28.3286963,0 83.9889474,28.32848419999999,0 83.98875580000001,28.3283397,0 83.98853130000001,28.3281758,0 83.9881206,28.3281324,0 83.98752930000001,28.3282529,0 83.9872337,28.3283589,0 83.9870913,28.3284361,0 83.9869052,28.3284601,0 83.9866533,28.3284746,0 83.986407,28.3284409,0 83.9860949,28.3284409,0 83.9857052,28.3284256,0 83.9854534,28.3283292,0 83.9851796,28.328387,0 83.9848894,28.3285027,0 83.9846924,28.3286096,0 83.9842598,28.3284063,0 83.98405169999999,28.328281,0 83.98384369999999,28.328175,0 83.9836083,28.3281268,0 83.98336740000001,28.3281364,0 83.9830881,28.3281557,0 83.9828253,28.3282039,0 83.98254059999999,28.3282328,0 83.981807,28.3283196,0 83.981588,28.3283533,0 83.9814073,28.3282762,0 83.9812814,28.3281461,0 83.98111710000001,28.3280497,0 83.9809419,28.3279388,0 83.98076399999999,28.327859,0 83.9805258,28.3280256,0 83.9802466,28.328175,0 83.9797757,28.3282473,0 83.9795074,28.3282135,0 83.9793815,28.3281316,0 83.9791738,28.3279693,0 83.9788537,28.3280147,0 83.97828320000001,28.3280994,0 83.97788009999999,28.3281764,0 83.97748319999999,28.3282854,0 83.9770189,28.328549,0 83.976792,28.328647,0 83.97662269999999,28.3286835,0 83.9762954,28.3289092,0 83.9758901,28.3294202,0 83.9756373,28.3295938,0 83.9752012,28.32982000000001,0 83.9747941,28.3299334,0 83.97439730000001,28.3300418,0 83.9739716,28.3301093,0 83.9736479,28.3301546,0 83.97336060000001,28.3301984,0 83.9730969,28.3302615,0 83.9728482,28.3302087,0 83.97250289999999,28.3301488,0 83.971953,28.3298389,0 83.9717115,28.3297566,0 83.9713575,28.3296513,0 83.97090590000001,28.3295831,0 83.9705842,28.329377,0 83.9701977,28.3290633,0 83.9699382,28.3288758,0 83.9695498,28.328434,0 83.9694648,28.3283098,0 83.9693832,28.3281729,0 83.9692397,28.3280191,0 83.969027,28.32803910000001,0 83.9686837,28.3281452,0 83.9684547,28.3284294,0 83.96804059999999,28.3282787,0 83.96776149999999,28.3283474,0 83.9674394,28.3284105,0 83.9670847,28.3285285,0 83.96682629999999,28.3286319,0 83.9664485,28.32871069999999,0 83.9661852,28.3287448,0 83.96596839999999,28.3286494,0 83.96585229999999,28.3284109,0 83.965891,28.3282336,0 83.9660691,28.3280633,0 83.9662627,28.3279951,0 83.96650270000001,28.327777,0 83.966464,28.3275316,0 83.96595430000001,28.3271474,0 83.96559379999999,28.3269607,0 83.9654029,28.326662,0 83.96538169999999,28.3263166,0 83.9655301,28.3259525,0 83.9656044,28.3254578,0 83.96538169999999,28.3246456,0 83.9651908,28.3242162,0 83.96518020000001,28.3239455,0 83.96528619999999,28.3236374,0 83.9655932,28.3232522,0 83.9655612,28.322855,0 83.9653264,28.3225374,0 83.9650635,28.3223865,0 83.9648408,28.3222372,0 83.9645439,28.3219291,0 83.96426820000001,28.321453,0 83.9640879,28.3207715,0 83.96413029999999,28.3203141,0 83.9641409,28.31995,0 83.9641091,28.3196419,0 83.96398189999999,28.3192965,0 83.96376979999999,28.3190911,0 83.9635895,28.3189978,0 83.9633244,28.3188951,0 83.9630911,28.318727,0 83.9629108,28.3184937,0 83.9627517,28.3182603,0 83.9624972,28.3179335,0 83.96210480000001,28.317112,0 83.9622639,28.3167106,0 83.9623275,28.3163745,0 83.9622957,28.3160104,0 83.9622109,28.315749,0 83.96203060000001,28.3155809,0 83.96150040000001,28.3151795,0 83.9614473,28.3148434,0 83.9614473,28.3144886,0 83.96119280000001,28.3140218,0 83.9607792,28.313611,0 83.9604611,28.3131723,0 83.9600157,28.3127801,0 83.95978239999999,28.3124907,0 83.959687,28.3121826,0 83.9596339,28.3117438,0 83.95950670000001,28.3114077,0 83.95905070000001,28.3110249,0 83.9576397,28.31028,0 83.9574215,28.31006349999999,0 83.9566806,28.3096211,0 83.9564081,28.3094937,0 83.9561867,28.3089464,0 83.95596519999999,28.3080916,0 83.9549689,28.3077168,0 83.9548582,28.3074843,0 83.9549178,28.30709450000001,0 83.9543302,28.3064122,0 83.95379370000001,28.3060523,0 83.95242260000001,28.3058873,0 83.95168169999999,28.3058273,0 83.95139210000001,28.3055649,0 83.951324,28.3053775,0 83.9508897,28.3052425,0 83.9498167,28.30528,0 83.94919849999999,28.30546379999999,0 83.948931,28.3056849,0 83.9483434,28.3060223,0 83.9480879,28.3060073,0 83.9479649,28.3061581,0 83.9478007,28.3061838,0 83.94751119999999,28.3062557,0 83.94738,28.3059582,0 83.94731,28.3056486,0 83.9467076,28.3043602,0 83.9465228,28.3040991,0 83.9458813,28.3039639,0 83.9450808,28.3041408,0 83.9444463,28.3040732,0 83.9438047,28.303715,0 83.9431984,28.3025532,0 83.9429655,28.3020704,0 83.9427931,28.3013355,0 83.9428015,28.3003039,0 83.94255560000001,28.3000702,0 83.9419429,28.2997862,0 83.9409314,28.2995273,0 83.93994290000001,28.2988962,0 83.93922600000001,28.2987299,0 83.93805,28.2988501,0 83.9361401,28.2986009,0 83.93540710000001,28.2983654,0 83.9347459,28.2980081,0 83.934628,28.2974601,0 83.93480769999999,28.2969558,0 83.9356386,28.2959841,0 83.93575010000001,28.2953876,0 83.9355121,28.2950519,0 83.93417359999999,28.2939856,0 83.9335746,28.293642,0 83.9330777,28.2934999,0 83.9325781,28.2933602,0 83.9322166,28.2933682,0 83.9319119,28.2935621,0 83.9316524,28.2940322,0 83.9309811,28.2946344,0 83.93055889999999,28.2953179,0 83.9304357,28.2958352,0 83.93063840000001,28.2967334,0 83.9305253,28.2970723,0 83.9303111,28.2972554,0 83.9300927,28.2973699,0 83.9297139,28.2974352,0 83.9294737,28.29753240000001,0 83.92888720000001,28.2977042,0 83.92791250000001,28.29800120000001,0 83.9271177,28.2982935,0 83.9268071,28.2988278,0 83.9265855,28.2996722,0 83.9263263,28.3002066,0 83.92577,28.3007836,0 83.9254184,28.3011278,0 83.92479520000001,28.3015079,0 83.9242433,28.3015451,0 83.9236597,28.3014772,0 83.92310139999999,28.3012051,0 83.92205869999999,28.3005529,0 83.920942,28.3000764,0 83.920205,28.2998738,0 83.9194609,28.2998317,0 83.9186181,28.2999115,0 83.91786089999999,28.2990214,0 83.9163588,28.2973747,0 83.9138547,28.2962202,0 83.912459,28.2956281,0 83.91071530000001,28.2946312,0 83.9104449,28.2936761,0 83.9101017,28.2931955,0 83.9092723,28.2928667,0 83.9084481,28.2924404,0 83.9073588,28.29205749999999,0 83.905579,28.2937371,0 83.90192589999999,28.29337719999999,0 83.9002739,28.2927773,0 83.89847109999999,28.2925112,0 83.89780279999999,28.292374,0 83.8967425,28.292549,0 83.89648320000001,28.2927897,0 83.8957777,28.294037,0 83.8950198,28.2943369,0 83.8941768,28.2951018,0 83.8930187,28.2965639,0 83.89188609999999,28.2965789,0 83.8904811,28.2970587,0 83.88812230000001,28.29769599999999,0 83.8853122,28.2976136,0 83.881097,28.2935796,0 83.878619,28.2918925,0 83.8782188,28.2913302,0 83.8770142,28.2902047,0 83.87735549999999,28.2902761,0 83.87785460000001,28.2904226,0 83.8781276,28.2904424,0 83.8788017,28.2904808,0 83.8792689,28.2902441,0 83.8798575,28.2899041,0 83.87942889999999,28.2891919,0 83.878334,28.2877397,0 83.87727959999999,28.2854423,0 83.8768606,28.2823831,0 83.8778338,28.2818832,0 83.87951,28.2815737,0 83.8823757,28.2803594,0 83.884187,28.2789986,0 83.88299910000001,28.2777313,0 83.88280690000001,28.277201,0 83.8834399,28.275908,0 83.8816482,28.2744529,0 83.88143359999999,28.2728182,0 83.8819057,28.2704087,0 83.8819057,28.2677535,0 83.8830858,28.2665723,0 83.88347210000001,28.2657219,0 83.88244210000001,28.2648525,0 83.8823885,28.26421940000001,0 83.8824528,28.2600047,0 83.8822275,28.2583604,0 83.8808542,28.2568106,0 83.87909689999999,28.2559175,0 83.8777461,28.2551354,0 83.8775289,28.2557544,0 83.8770348,28.2566056,0 83.8767623,28.2567898,0 83.8762768,28.2571049,0 83.87594470000001,28.25735239999999,0 83.8755997,28.2576,0 83.87502480000001,28.2582753,0 83.8748155,28.258555,0 83.8737855,28.2587479,0 83.87345329999999,28.2587367,0 83.872955,28.2586016,0 83.8722906,28.2585341,0 83.8718051,28.2586129,0 83.87117910000001,28.258928,0 83.8707447,28.2592431,0 83.87058209999999,28.2594183,0 83.8704264,28.2594806,0 83.869945,28.2597543,0 83.86941539999999,28.25988329999999,0 83.8691556,28.2599558,0 83.86815919999999,28.26011799999999,0 83.8678377,28.2605321,0 83.8675959,28.2609909,0 83.8673896,28.2611786,0 83.8668737,28.2614609,0 83.866158,28.26189889999999,0 83.8658769,28.2621014,0 83.8649826,28.2624278,0 83.8640754,28.263103,0 83.8631683,28.264037,0 83.8623123,28.2647009,0 83.86136689999999,28.2651848,0 83.8610091,28.2652748,0 83.86068969999999,28.2654661,0 83.8604583,28.265598,0 83.86005609999999,28.2657779,0 83.85962379999999,28.2658805,0 83.8592843,28.2659837,0 83.859131,28.2661525,0 83.8591867,28.2666258,0 83.8591201,28.2668118,0 83.85893799999999,28.2669451,0 83.85860719999999,28.2670078,0 83.8583644,28.2669402,0 83.8582365,28.2668605,0 83.85805070000001,28.2667803,0 83.85755949999999,28.2664114,0 83.857292,28.2660616,0 83.8569097,28.2658204,0 83.8566955,28.26582700000001,0 83.85667170000001,28.2658591,0 83.8563458,28.2662988,0 83.8561797,28.2664001,0 83.8560519,28.2666702,0 83.8559625,28.266974,0 83.85571969999999,28.2670415,0 83.8552725,28.267064,0 83.8548509,28.26707529999999,0 83.85438720000001,28.2668626,0 83.85380960000001,28.2665839,0 83.8532962,28.2663764,0 83.8529927,28.2662887,0 83.8529365,28.2661936,0 83.8528673,28.2660972,0 83.8526868,28.2659594,0 83.8524896,28.265976,0 83.8525233,28.2661161,0 83.8524132,28.2661646,0 83.85229219999999,28.2662664,0 83.8521738,28.2662906,0 83.8520472,28.2662567,0 83.85182709999999,28.2661839,0 83.8517033,28.2661646,0 83.8515106,28.266213,0 83.8513538,28.2662882,0 83.85125189999999,28.266453,0 83.8511171,28.2666057,0 83.85106759999999,28.2666808,0 83.8509052,28.2667075,0 83.85058789999999,28.2667689,0 83.850297,28.2667317,0 83.85002729999999,28.2666566,0 83.84986499999999,28.2665378,0 83.8497466,28.26647000000001,0 83.849598,28.2664069,0 83.84925130000001,28.2661258,0 83.84912749999999,28.2659125,0 83.8490449,28.2658083,0 83.8487587,28.2656313,0 83.8487133,28.2655181,0 83.8487009,28.2654236,0 83.84878809999999,28.2652666,0 83.8487768,28.2650865,0 83.8484394,28.2647462,0 83.8480769,28.2641355,0 83.8468855,28.2634075,0 83.8466525,28.2634065,0 83.8461892,28.2628919,0 83.8456896,28.2626982,0 83.8454488,28.2625889,0 83.8451728,28.2625702,0 83.8447275,28.2627254,0 83.8443663,28.2627822,0 83.8436269,28.2628053,0 83.8431143,28.2627858,0 83.8427125,28.2626673,0 83.842281,28.2626165,0 83.8421317,28.2626509,0 83.841919,28.2627167,0 83.8417401,28.2626816,0 83.8409443,28.2628603,0 83.84071419999999,28.2628727,0 83.8405078,28.2629088,0 83.8402289,28.2632745,0 83.8400793,28.2633664,0 83.83975220000001,28.2635473,0 83.839591,28.2635832,0 83.8388021,28.2636307,0 83.8383939,28.2634696,0 83.83797180000001,28.2642005,0 83.8376883,28.2643741,0 83.83720769999999,28.264537,0 83.8367112,28.2650231,0 83.8362862,28.2651847,0 83.8361975,28.2657851,0 83.8364979,28.2665222,0 83.83666959999999,28.2673159,0 83.836219,28.2682797,0 83.82632700000001,28.2673915,0 83.82272209999999,28.2676561,0 83.82177830000001,28.26690139999999,0 83.82107019999999,28.2665045,0 83.8201153,28.2659328,0 83.8196808,28.2654414,0 83.8191712,28.2651249,0 83.8190317,28.2643122,0 83.8191336,28.2638633,0 83.81941260000001,28.2634617,0 83.8196003,28.262753,0 83.81968620000001,28.2621104,0 83.8198793,28.2615245,0 83.8205064,28.2605599,0 83.8222435,28.2566446,0 83.8222725,28.2554601,0 83.8223121,28.2537044,0 83.82238839999999,28.25073069999999,0 83.8093464,28.24085820000001,0 83.8038754,28.2347335,0 83.8011719,28.2321232,0 83.79871850000001,28.2286575,0 
						</coordinates>
					</LinearRing>
				</outerBoundaryIs>
			</Polygon>
		</Placemark>
	</Folder>
	<Folder id="0E1A84F3D340D8685B0C">
		<name>Forest</name>
		<visibility>0</visibility>
		<styleUrl>#__managed_style_0B611D7F1240E2337E90</styleUrl>
		<Placemark id="021EF332E340D86921D6">
			<LookAt>
				<longitude>83.82233282058513</longitude>
				<latitude>28.25710913198366</latitude>
				<altitude>1807.445499307104</altitude>
				<heading>-85.04433080245919</heading>
				<tilt>47.29776137378492</tilt>
				<gx:fovy>35</gx:fovy>
				<range>153.9672628253902</range>
				<altitudeMode>absolute</altitudeMode>
			</LookAt>
			<styleUrl>#__managed_style_0CA7E471A240E2337E8C</styleUrl>
			<Point>
				<coordinates>83.82229464848675,28.257242704616,1806.145405026431</coordinates>
			</Point>
		</Placemark>
		<Placemark id="0554E2A5D040D86921D7">
			<LookAt>
				<longitude>83.86712076307998</longitude>
				<latitude>28.25684448200305</latitude>
				<altitude>925.9872188891268</altitude>
				<heading>25.39959732042612</heading>
				<tilt>6.994661722099345</tilt>
				<gx:fovy>35</gx:fovy>
				<range>99.19635889991699</range>
				<altitudeMode>absolute</altitudeMode>
			</LookAt>
			<styleUrl>#__managed_style_0CA7E471A240E2337E8C</styleUrl>
			<Point>
				<coordinates>83.86736513818558,28.25670535401235,918.4343987655272</coordinates>
			</Point>
		</Placemark>
		<Placemark id="1F2B5B891340D86921D7">
			<LookAt>
				<longitude>83.82733690388056</longitude>
				<latitude>28.25433897551724</latitude>
				<altitude>1817.886939919801</altitude>
				<heading>10.14393778558704</heading>
				<tilt>59.71435117378233</tilt>
				<gx:fovy>35</gx:fovy>
				<range>244.1002416828633</range>
				<altitudeMode>absolute</altitudeMode>
			</LookAt>
			<styleUrl>#__managed_style_0CA7E471A240E2337E8C</styleUrl>
			<Point>
				<coordinates>83.82753090127801,28.25403865572454,1814.469052440526</coordinates>
			</Point>
		</Placemark>
		<Placemark id="2BA240DD7940D86921D7">
			<LookAt>
				<longitude>83.84467735071571</longitude>
				<latitude>28.25453493148873</latitude>
				<altitude>1547.120645200574</altitude>
				<heading>25.38982609792044</heading>
				<tilt>6.994692007774321</tilt>
				<gx:fovy>35</gx:fovy>
				<range>126.8671097275728</range>
				<altitudeMode>absolute</altitudeMode>
			</LookAt>
			<styleUrl>#__managed_style_0CA7E471A240E2337E8C</styleUrl>
			<Point>
				<coordinates>83.84473684429051,28.2542591217443,1537.098870983233</coordinates>
			</Point>
		</Placemark>
		<Placemark id="3E956241C440D86921D7">
			<LookAt>
				<longitude>83.88785723435306</longitude>
				<latitude>28.25540852048354</latitude>
				<altitude>1076.74297068368</altitude>
				<heading>25.39599828869096</heading>
				<tilt>6.994622319007463</tilt>
				<gx:fovy>35</gx:fovy>
				<range>63.21295047308014</range>
				<altitudeMode>absolute</altitudeMode>
			</LookAt>
			<styleUrl>#__managed_style_0CA7E471A240E2337E8C</styleUrl>
			<Point>
				<coordinates>83.88776532178423,28.25545398384617,1074.219791512616</coordinates>
			</Point>
		</Placemark>
		<Placemark id="47410DD9E140D86921D7">
			<LookAt>
				<longitude>83.82494862706443</longitude>
				<latitude>28.25329485114008</latitude>
				<altitude>1909.151047308945</altitude>
				<heading>-22.4259901236477</heading>
				<tilt>69.9405380063839</tilt>
				<gx:fovy>35</gx:fovy>
				<range>207.8686243444827</range>
				<altitudeMode>absolute</altitudeMode>
			</LookAt>
			<styleUrl>#__managed_style_0CA7E471A240E2337E8C</styleUrl>
			<Point>
				<coordinates>83.82503069819212,28.25320384158843,1906.578518046452</coordinates>
			</Point>
		</Placemark>
		<Placemark id="6B40D8406340D86921D7">
			<LookAt>
				<longitude>83.81806145092418</longitude>
				<latitude>28.21219372927111</latitude>
				<altitude>2136.440594607621</altitude>
				<heading>0.6410155464576383</heading>
				<tilt>35.14324199178994</tilt>
				<gx:fovy>30</gx:fovy>
				<range>130.404324287465</range>
				<altitudeMode>absolute</altitudeMode>
			</LookAt>
			<styleUrl>#__managed_style_0CA7E471A240E2337E8C</styleUrl>
			<Point>
				<coordinates>83.81824341423295,28.21207092004002,2133.82764665051</coordinates>
			</Point>
		</Placemark>
		<Placemark id="78A8ACD17F40D86921D7">
			<LookAt>
				<longitude>83.81592310518479</longitude>
				<latitude>28.24350657325625</latitude>
				<altitude>1953.217034257387</altitude>
				<heading>-22.4341411149815</heading>
				<tilt>60.00252317258658</tilt>
				<gx:fovy>35</gx:fovy>
				<range>665.9545455724583</range>
				<altitudeMode>absolute</altitudeMode>
			</LookAt>
			<styleUrl>#__managed_style_0CA7E471A240E2337E8C</styleUrl>
			<Point>
				<coordinates>83.81507481108515,28.24297877474359,1948.447374964222</coordinates>
			</Point>
		</Placemark>
		<Placemark id="8E9992E70C40D86921D7">
			<LookAt>
				<longitude>83.82733414987348</longitude>
				<latitude>28.21455288928185</latitude>
				<altitude>1934.358433147509</altitude>
				<heading>0.6410156678849572</heading>
				<tilt>35.14326216043479</tilt>
				<gx:fovy>30</gx:fovy>
				<range>134.2975004183245</range>
				<altitudeMode>absolute</altitudeMode>
			</LookAt>
			<styleUrl>#__managed_style_0CA7E471A240E2337E8C</styleUrl>
			<Point>
				<coordinates>83.82764681205333,28.21487943171865,1911.300024216151</coordinates>
			</Point>
		</Placemark>
		<Placemark id="996EC3493F40D86921D7">
			<LookAt>
				<longitude>83.81310865354781</longitude>
				<latitude>28.21783609922264</latitude>
				<altitude>2054.456830804996</altitude>
				<heading>0</heading>
				<tilt>0</tilt>
				<gx:fovy>30</gx:fovy>
				<range>295.4082616095911</range>
				<altitudeMode>absolute</altitudeMode>
			</LookAt>
			<styleUrl>#__managed_style_045827AB8D40E2337E91</styleUrl>
			<Point>
				<coordinates>83.81261597328836,28.2178036948402,2067.873151861195</coordinates>
			</Point>
		</Placemark>
		<Placemark id="AFA9C8AA6040D86921D7">
			<LookAt>
				<longitude>83.82878102113764</longitude>
				<latitude>28.24533269742523</latitude>
				<altitude>1437.705578281375</altitude>
				<heading>25.37968075881938</heading>
				<tilt>6.994700859315829</tilt>
				<gx:fovy>35</gx:fovy>
				<range>134.9491502131241</range>
				<altitudeMode>absolute</altitudeMode>
			</LookAt>
			<styleUrl>#__managed_style_0CA7E471A240E2337E8C</styleUrl>
			<Point>
				<coordinates>83.82867472760962,28.24520494244988,1443.39175360875</coordinates>
			</Point>
		</Placemark>
		<Placemark id="08922AA13040D86AEE3F">
			<LookAt>
				<longitude>83.885467436873</longitude>
				<latitude>28.27314690648786</latitude>
				<altitude>1420.79312224261</altitude>
				<heading>25.41141014221894</heading>
				<tilt>6.994660230957449</tilt>
				<gx:fovy>35</gx:fovy>
				<range>97.84241625571667</range>
				<altitudeMode>absolute</altitudeMode>
			</LookAt>
			<styleUrl>#__managed_style_0CA7E471A240E2337E8C</styleUrl>
			<Point>
				<coordinates>83.88561404993577,28.27291643130036,1413.484991231142</coordinates>
			</Point>
		</Placemark>
		<Placemark id="0A2AEDD3BD40D86B9E88">
			<LookAt>
				<longitude>83.89295430390644</longitude>
				<latitude>28.27202707978723</latitude>
				<altitude>1484.653450265253</altitude>
				<heading>25.41354693714436</heading>
				<tilt>62.88509355126347</tilt>
				<gx:fovy>35</gx:fovy>
				<range>188.1549519754299</range>
				<altitudeMode>absolute</altitudeMode>
			</LookAt>
			<styleUrl>#__managed_style_0CA7E471A240E2337E8C</styleUrl>
			<Point>
				<coordinates>83.89305513953538,28.2717136931034,1477.821766264747</coordinates>
			</Point>
		</Placemark>
		<Placemark id="0009A46EBC40D86C5FAB">
			<LookAt>
				<longitude>83.88545841598668</longitude>
				<latitude>28.28262661767035</latitude>
				<altitude>1404.32596514544</altitude>
				<heading>25.42007776504721</heading>
				<tilt>0</tilt>
				<gx:fovy>35</gx:fovy>
				<range>159.5999873209985</range>
				<altitudeMode>absolute</altitudeMode>
			</LookAt>
			<styleUrl>#__managed_style_0CA7E471A240E2337E8C</styleUrl>
			<Point>
				<coordinates>83.88526002668497,28.28255710419518,1409.330937483252</coordinates>
			</Point>
		</Placemark>
		<Placemark id="0495FDA36240D86D167E">
			<LookAt>
				<longitude>83.89370407132256</longitude>
				<latitude>28.27964656782215</latitude>
				<altitude>1418.511424694778</altitude>
				<heading>25.42593922283885</heading>
				<tilt>0</tilt>
				<gx:fovy>35</gx:fovy>
				<range>132.6918490450771</range>
				<altitudeMode>absolute</altitudeMode>
			</LookAt>
			<styleUrl>#__managed_style_0CA7E471A240E2337E8C</styleUrl>
			<Point>
				<coordinates>83.89381862554255,28.27950922020086,1421.827834402627</coordinates>
			</Point>
		</Placemark>
		<Placemark id="053B2F592140D86D6FA7">
			<LookAt>
				<longitude>83.89833105564949</longitude>
				<latitude>28.2518834649176</latitude>
				<altitude>996.9094110537471</altitude>
				<heading>25.43071853819103</heading>
				<tilt>0</tilt>
				<gx:fovy>35</gx:fovy>
				<range>131.4561585128104</range>
				<altitudeMode>absolute</altitudeMode>
			</LookAt>
			<styleUrl>#__managed_style_0CA7E471A240E2337E8C</styleUrl>
			<Point>
				<coordinates>83.89820224741517,28.2517859560943,993.6156794866648</coordinates>
			</Point>
		</Placemark>
		<Placemark id="082031A73240D86DBC01">
			<LookAt>
				<longitude>83.89685016026944</longitude>
				<latitude>28.24453231577568</latitude>
				<altitude>925.3586943700867</altitude>
				<heading>25.43258009508326</heading>
				<tilt>0</tilt>
				<gx:fovy>35</gx:fovy>
				<range>404.5202177028114</range>
				<altitudeMode>absolute</altitudeMode>
			</LookAt>
			<styleUrl>#__managed_style_0CA7E471A240E2337E8C</styleUrl>
			<Point>
				<coordinates>83.89604108097328,28.24402202468116,883.7363835196451</coordinates>
			</Point>
		</Placemark>
		<Placemark id="02D9B3583640D86E5776">
			<name>Untitled placemark</name>
			<LookAt>
				<longitude>83.94560488823183</longitude>
				<latitude>28.25010026235765</latitude>
				<altitude>1476.976048725857</altitude>
				<heading>25.47614925286673</heading>
				<tilt>0</tilt>
				<gx:fovy>35</gx:fovy>
				<range>136.8277409964321</range>
				<altitudeMode>absolute</altitudeMode>
			</LookAt>
			<styleUrl>#__managed_style_0CA7E471A240E2337E8C</styleUrl>
			<Point>
				<coordinates>83.94526230475715,28.2500404202485,1509.233902600221</coordinates>
			</Point>
		</Placemark>
		<Placemark id="0D53E8843040D86ECD70">
			<LookAt>
				<longitude>83.98977197807972</longitude>
				<latitude>28.32242087520258</latitude>
				<altitude>1485.307070165901</altitude>
				<heading>25.48952179812827</heading>
				<tilt>0</tilt>
				<gx:fovy>35</gx:fovy>
				<range>167.5470646454778</range>
				<altitudeMode>absolute</altitudeMode>
			</LookAt>
			<styleUrl>#__managed_style_0CA7E471A240E2337E8C</styleUrl>
			<Point>
				<coordinates>83.98963698132819,28.32248388501944,1485.205075155166</coordinates>
			</Point>
		</Placemark>
		<Placemark id="0F05D4D47940D86F1924">
			<name>Untitled placemark</name>
			<LookAt>
				<longitude>84.00247829042598</longitude>
				<latitude>28.33716058273471</latitude>
				<altitude>1898.15610188998</altitude>
				<heading>25.49395996216516</heading>
				<tilt>0</tilt>
				<gx:fovy>35</gx:fovy>
				<range>171.7500789245787</range>
				<altitudeMode>absolute</altitudeMode>
			</LookAt>
			<styleUrl>#__managed_style_0CA7E471A240E2337E8C</styleUrl>
			<Point>
				<coordinates>84.00211143524137,28.33716892797419,1873.615671242705</coordinates>
			</Point>
		</Placemark>
		<Placemark id="0DFADE807040D86F6EC0">
			<LookAt>
				<longitude>84.01599082266527</longitude>
				<latitude>28.3027413406217</latitude>
				<altitude>1442.980526585588</altitude>
				<heading>25.50194847900527</heading>
				<tilt>0</tilt>
				<gx:fovy>35</gx:fovy>
				<range>159.2387992013755</range>
				<altitudeMode>absolute</altitudeMode>
			</LookAt>
			<styleUrl>#__managed_style_0CA7E471A240E2337E8C</styleUrl>
			<Point>
				<coordinates>84.01577175237666,28.30279720600499,1453.908385567851</coordinates>
			</Point>
		</Placemark>
		<Placemark id="0AE4F44F7140D8701940">
			<LookAt>
				<longitude>84.03208412042383</longitude>
				<latitude>28.27245798193405</latitude>
				<altitude>1410.243904506975</altitude>
				<heading>25.52006091698286</heading>
				<tilt>0</tilt>
				<gx:fovy>35</gx:fovy>
				<range>125.1211759342005</range>
				<altitudeMode>absolute</altitudeMode>
			</LookAt>
			<styleUrl>#__managed_style_0CA7E471A240E2337E8C</styleUrl>
			<Point>
				<coordinates>84.0318813446157,28.2725360548867,1392.187723376706</coordinates>
			</Point>
		</Placemark>
		<Placemark id="09E5493F5F40D8706233">
			<LookAt>
				<longitude>84.03435824179611</longitude>
				<latitude>28.2698879310241</latitude>
				<altitude>1518.811869574605</altitude>
				<heading>25.5200610727363</heading>
				<tilt>0</tilt>
				<gx:fovy>35</gx:fovy>
				<range>56.96570669684661</range>
				<altitudeMode>absolute</altitudeMode>
			</LookAt>
			<styleUrl>#__managed_style_0CA7E471A240E2337E8C</styleUrl>
			<Point>
				<coordinates>84.03435682728517,28.26980853408483,1520.600197665767</coordinates>
			</Point>
		</Placemark>
		<Placemark id="0A120923CC40D870C849">
			<LookAt>
				<longitude>84.03513065502472</longitude>
				<latitude>28.26647780142758</latitude>
				<altitude>1553.66973772846</altitude>
				<heading>25.51999325373328</heading>
				<tilt>0</tilt>
				<gx:fovy>35</gx:fovy>
				<range>76.95065548320599</range>
				<altitudeMode>absolute</altitudeMode>
			</LookAt>
			<styleUrl>#__managed_style_0CA7E471A240E2337E8C</styleUrl>
			<Point>
				<coordinates>84.03511649440273,28.26641872641926,1552.823608758889</coordinates>
			</Point>
		</Placemark>
		<Placemark id="0D4ECA620640D8710FD4">
			<LookAt>
				<longitude>84.03673147033481</longitude>
				<latitude>28.25737030044102</latitude>
				<altitude>1231.569067641032</altitude>
				<heading>25.51981987219065</heading>
				<tilt>0</tilt>
				<gx:fovy>35</gx:fovy>
				<range>139.198067727757</range>
				<altitudeMode>absolute</altitudeMode>
			</LookAt>
			<styleUrl>#__managed_style_0CA7E471A240E2337E8C</styleUrl>
			<Point>
				<coordinates>84.03680749377105,28.2571056615803,1240.199069754761</coordinates>
			</Point>
		</Placemark>
		<Placemark id="00ACCAAC7D40D8751538">
			<LookAt>
				<longitude>83.86465257212707</longitude>
				<latitude>28.20583667965312</latitude>
				<altitude>1538.816594180784</altitude>
				<heading>25.38794742332746</heading>
				<tilt>28.69961579009676</tilt>
				<gx:fovy>35</gx:fovy>
				<range>137.6871547918927</range>
				<altitudeMode>absolute</altitudeMode>
			</LookAt>
			<styleUrl>#__managed_style_0CA7E471A240E2337E8C</styleUrl>
			<Point>
				<coordinates>83.86447406197215,28.20565160794628,1555.278279562243</coordinates>
			</Point>
		</Placemark>
		<Placemark id="07A7DBA01640D8758210">
			<LookAt>
				<longitude>83.87839115212286</longitude>
				<latitude>28.19702612517927</latitude>
				<altitude>1571.248094246181</altitude>
				<heading>25.40186384702548</heading>
				<tilt>28.69933318912558</tilt>
				<gx:fovy>35</gx:fovy>
				<range>72.23379962069885</range>
				<altitudeMode>absolute</altitudeMode>
			</LookAt>
			<styleUrl>#__managed_style_0CA7E471A240E2337E8C</styleUrl>
			<Point>
				<coordinates>83.87849731547398,28.19685207155697,1571.409460352619</coordinates>
			</Point>
		</Placemark>
		<Placemark id="0763AB314440D8761A07">
			<LookAt>
				<longitude>83.8856466953188</longitude>
				<latitude>28.19505143474978</latitude>
				<altitude>1405.588382477116</altitude>
				<heading>23.51251931003451</heading>
				<tilt>26.07930896191532</tilt>
				<gx:fovy>35</gx:fovy>
				<range>403.5868557765936</range>
				<altitudeMode>absolute</altitudeMode>
			</LookAt>
			<styleUrl>#__managed_style_0CA7E471A240E2337E8C</styleUrl>
			<Point>
				<coordinates>83.88556538213034,28.19440770857247,1437.153412207814</coordinates>
			</Point>
		</Placemark>
		<Placemark id="0E301E3FAF40D87695EB">
			<LookAt>
				<longitude>83.89925927879403</longitude>
				<latitude>28.18872639143771</latitude>
				<altitude>1174.494227968466</altitude>
				<heading>23.51124761378451</heading>
				<tilt>26.0782539726673</tilt>
				<gx:fovy>35</gx:fovy>
				<range>136.6614764874248</range>
				<altitudeMode>absolute</altitudeMode>
			</LookAt>
			<styleUrl>#__managed_style_0CA7E471A240E2337E8C</styleUrl>
			<Point>
				<coordinates>83.89903709723674,28.18866867157528,1189.059610029877</coordinates>
			</Point>
		</Placemark>
		<Placemark id="0F213793CC40D876D240">
			<LookAt>
				<longitude>83.90292095309628</longitude>
				<latitude>28.18416064504187</latitude>
				<altitude>1357.197401206666</altitude>
				<heading>23.51422162194704</heading>
				<tilt>26.07787526273838</tilt>
				<gx:fovy>35</gx:fovy>
				<range>40.84957728161953</range>
				<altitudeMode>absolute</altitudeMode>
			</LookAt>
			<styleUrl>#__managed_style_0CA7E471A240E2337E8C</styleUrl>
			<Point>
				<coordinates>83.90283630517172,28.18415908911977,1356.774006666726</coordinates>
			</Point>
		</Placemark>
		<Placemark id="0E0BE04A6140D8776981">
			<LookAt>
				<longitude>83.91101830551798</longitude>
				<latitude>28.18881683776422</latitude>
				<altitude>882.9531897406595</altitude>
				<heading>23.520330007299</heading>
				<tilt>26.07817878211893</tilt>
				<gx:fovy>35</gx:fovy>
				<range>117.6330034882449</range>
				<altitudeMode>absolute</altitudeMode>
			</LookAt>
			<styleUrl>#__managed_style_0CA7E471A240E2337E8C</styleUrl>
			<Point>
				<coordinates>83.91098594849466,28.18870832259714,895.1698918239022</coordinates>
			</Point>
		</Placemark>
		<Placemark id="0444F1CC8B40D877C587">
			<LookAt>
				<longitude>83.92860867712835</longitude>
				<latitude>28.17256947887183</latitude>
				<altitude>1130.017742574738</altitude>
				<heading>23.52883734526062</heading>
				<tilt>26.07809993640708</tilt>
				<gx:fovy>35</gx:fovy>
				<range>97.68984970793102</range>
				<altitudeMode>absolute</altitudeMode>
			</LookAt>
			<styleUrl>#__managed_style_0CA7E471A240E2337E8C</styleUrl>
			<Point>
				<coordinates>83.92849052868222,28.17247645758902,1135.08787155381</coordinates>
			</Point>
		</Placemark>
		<Placemark id="0D9BCA68A640D878F7F4">
			<LookAt>
				<longitude>83.9331412891507</longitude>
				<latitude>28.15536432629331</latitude>
				<altitude>1089.484662881719</altitude>
				<heading>23.53138385364991</heading>
				<tilt>26.07812653740413</tilt>
				<gx:fovy>35</gx:fovy>
				<range>104.4191643732483</range>
				<altitudeMode>absolute</altitudeMode>
			</LookAt>
			<styleUrl>#__managed_style_0CA7E471A240E2337E8C</styleUrl>
			<Point>
				<coordinates>83.93299475812651,28.15531571356519,1083.014629068858</coordinates>
			</Point>
		</Placemark>
		<Placemark id="0A10BDCEFE40D8795606">
			<LookAt>
				<longitude>83.93805138427059</longitude>
				<latitude>28.13844514962589</latitude>
				<altitude>896.0372529768441</altitude>
				<heading>23.53178566908238</heading>
				<tilt>26.07829808124477</tilt>
				<gx:fovy>35</gx:fovy>
				<range>147.8144561777481</range>
				<altitudeMode>absolute</altitudeMode>
			</LookAt>
			<styleUrl>#__managed_style_0CA7E471A240E2337E8C</styleUrl>
			<Point>
				<coordinates>83.93774493449133,28.13829024401851,887.4169359803475</coordinates>
			</Point>
		</Placemark>
		<Placemark id="0C6B9B09A640D87990EF">
			<LookAt>
				<longitude>83.94274567684757</longitude>
				<latitude>28.14054131099876</latitude>
				<altitude>866.3259079362896</altitude>
				<heading>23.53379651411538</heading>
				<tilt>26.07805162326219</tilt>
				<gx:fovy>35</gx:fovy>
				<range>85.46326623206369</range>
				<altitudeMode>absolute</altitudeMode>
			</LookAt>
			<styleUrl>#__managed_style_0CA7E471A240E2337E8C</styleUrl>
			<Point>
				<coordinates>83.94270434711855,28.14045248707481,868.5590058268874</coordinates>
			</Point>
		</Placemark>
		<Placemark id="0D51E4053440D879D2A0">
			<LookAt>
				<longitude>83.94858734828235</longitude>
				<latitude>28.14108086870792</latitude>
				<altitude>801.480164251103</altitude>
				<heading>23.53608359727754</heading>
				<tilt>26.07797603869318</tilt>
				<gx:fovy>35</gx:fovy>
				<range>66.34072694588212</range>
				<altitudeMode>absolute</altitudeMode>
			</LookAt>
			<styleUrl>#__managed_style_0CA7E471A240E2337E8C</styleUrl>
			<Point>
				<coordinates>83.9485708773674,28.14104536530023,799.6476478856857</coordinates>
			</Point>
		</Placemark>
		<Placemark id="02E664921140D87A0F30">
			<LookAt>
				<longitude>83.95732853927841</longitude>
				<latitude>28.14144096658574</latitude>
				<altitude>799.3364054810531</altitude>
				<heading>23.53905971237443</heading>
				<tilt>26.07786421160834</tilt>
				<gx:fovy>35</gx:fovy>
				<range>38.05028243854395</range>
				<altitudeMode>absolute</altitudeMode>
			</LookAt>
			<styleUrl>#__managed_style_0CA7E471A240E2337E8C</styleUrl>
			<Point>
				<coordinates>83.95734202492348,28.14141700479259,797.0504044723532</coordinates>
			</Point>
		</Placemark>
		<Placemark id="044A5AB1AB40D87A5B3E">
			<LookAt>
				<longitude>83.96233283266035</longitude>
				<latitude>28.14078365095932</latitude>
				<altitude>694.7990304988259</altitude>
				<heading>23.54296761967796</heading>
				<tilt>26.07920048539879</tilt>
				<gx:fovy>35</gx:fovy>
				<range>376.0995672366698</range>
				<altitudeMode>absolute</altitudeMode>
			</LookAt>
			<styleUrl>#__managed_style_0CA7E471A240E2337E8C</styleUrl>
			<Point>
				<coordinates>83.96187617655441,28.14042279046059,694.5551578665784</coordinates>
			</Point>
		</Placemark>
		<Placemark id="0FF09D2B3940D87A972F">
			<LookAt>
				<longitude>83.96333787751199</longitude>
				<latitude>28.14501172274195</latitude>
				<altitude>771.5947858486386</altitude>
				<heading>23.54423969478314</heading>
				<tilt>26.07824059820061</tilt>
				<gx:fovy>35</gx:fovy>
				<range>133.2693768771242</range>
				<altitudeMode>absolute</altitudeMode>
			</LookAt>
			<styleUrl>#__managed_style_0CA7E471A240E2337E8C</styleUrl>
			<Point>
				<coordinates>83.96346166027341,28.1449010605832,773.547014861338</coordinates>
			</Point>
		</Placemark>
		<Placemark id="06E3ED069540D87AECB3">
			<LookAt>
				<longitude>83.97896080948676</longitude>
				<latitude>28.14483648656594</latitude>
				<altitude>716.3926010649926</altitude>
				<heading>23.54631109733995</heading>
				<tilt>26.07799349270303</tilt>
				<gx:fovy>35</gx:fovy>
				<range>70.75537588473709</range>
				<altitudeMode>absolute</altitudeMode>
			</LookAt>
			<styleUrl>#__managed_style_0CA7E471A240E2337E8C</styleUrl>
			<Point>
				<coordinates>83.97899123802877,28.14472855043983,714.2666375900288</coordinates>
			</Point>
		</Placemark>
		<Placemark id="046126F90640D87BA333">
			<LookAt>
				<longitude>84.02310276878161</longitude>
				<latitude>28.10888722227137</latitude>
				<altitude>717.9535495290447</altitude>
				<heading>23.57248252263333</heading>
				<tilt>26.07810414100363</tilt>
				<gx:fovy>35</gx:fovy>
				<range>98.74726973472207</range>
				<altitudeMode>absolute</altitudeMode>
			</LookAt>
			<styleUrl>#__managed_style_0CA7E471A240E2337E8C</styleUrl>
			<Point>
				<coordinates>84.02310609525837,28.10875133736444,715.2890360477461</coordinates>
			</Point>
		</Placemark>
		<Placemark id="0A55A45C0540D87BEBB0">
			<LookAt>
				<longitude>84.04003196053654</longitude>
				<latitude>28.0992217405481</latitude>
				<altitude>630.5201895059101</altitude>
				<heading>23.60098155187428</heading>
				<tilt>26.07810398988094</tilt>
				<gx:fovy>35</gx:fovy>
				<range>98.70768239501558</range>
				<altitudeMode>absolute</altitudeMode>
			</LookAt>
			<styleUrl>#__managed_style_0CA7E471A240E2337E8C</styleUrl>
			<Point>
				<coordinates>84.04010284944633,28.09906004436758,613.2155964337713</coordinates>
			</Point>
		</Placemark>
		<Placemark id="0DD3943E7140D87C8CA6">
			<LookAt>
				<longitude>84.04766932665875</longitude>
				<latitude>28.08691279850823</latitude>
				<altitude>552.3102498316665</altitude>
				<heading>23.60442705636473</heading>
				<tilt>31.50517264217369</tilt>
				<gx:fovy>35</gx:fovy>
				<range>153.5566137087335</range>
				<altitudeMode>absolute</altitudeMode>
			</LookAt>
			<styleUrl>#__managed_style_0CA7E471A240E2337E8C</styleUrl>
			<Point>
				<coordinates>84.04777764114402,28.08663060609253,554.0940531614391</coordinates>
			</Point>
		</Placemark>
		<Placemark id="08D3C78E1E40D87CD97B">
			<LookAt>
				<longitude>84.05126012539301</longitude>
				<latitude>28.08695913611821</latitude>
				<altitude>648.908503484739</altitude>
				<heading>23.6063592657164</heading>
				<tilt>31.50474399656728</tilt>
				<gx:fovy>35</gx:fovy>
				<range>62.3393403980117</range>
				<altitudeMode>absolute</altitudeMode>
			</LookAt>
			<styleUrl>#__managed_style_0CA7E471A240E2337E8C</styleUrl>
			<Point>
				<coordinates>84.05118973988026,28.08686364185953,648.5275228821528</coordinates>
			</Point>
		</Placemark>
		<Placemark id="0A2F6D2A4340D87D30B7">
			<LookAt>
				<longitude>84.05048993552627</longitude>
				<latitude>28.0987750636327</latitude>
				<altitude>799.111906087984</altitude>
				<heading>23.60951519155131</heading>
				<tilt>31.50503925986753</tilt>
				<gx:fovy>35</gx:fovy>
				<range>125.1769528270597</range>
				<altitudeMode>absolute</altitudeMode>
			</LookAt>
			<styleUrl>#__managed_style_0CA7E471A240E2337E8C</styleUrl>
			<Point>
				<coordinates>84.05036230718308,28.09867079458848,794.6831010257307</coordinates>
			</Point>
		</Placemark>
		<Placemark id="090A6076B340D87D89BC">
			<LookAt>
				<longitude>84.06593282102538</longitude>
				<latitude>28.09228757517924</latitude>
				<altitude>579.3567179337973</altitude>
				<heading>23.61905965779599</heading>
				<tilt>31.50502126014228</tilt>
				<gx:fovy>35</gx:fovy>
				<range>121.3421726577872</range>
				<altitudeMode>absolute</altitudeMode>
			</LookAt>
			<styleUrl>#__managed_style_0CA7E471A240E2337E8C</styleUrl>
			<Point>
				<coordinates>84.06583623085599,28.09212204223055,576.8466527514374</coordinates>
			</Point>
		</Placemark>
		<Placemark id="0030AB618F40D87DD341">
			<LookAt>
				<longitude>84.06785769676655</longitude>
				<latitude>28.09325631121571</latitude>
				<altitude>587.3197216005337</altitude>
				<heading>23.62014133245614</heading>
				<tilt>31.50478799497167</tilt>
				<gx:fovy>35</gx:fovy>
				<range>71.70190848179118</range>
				<altitudeMode>absolute</altitudeMode>
			</LookAt>
			<styleUrl>#__managed_style_0CA7E471A240E2337E8C</styleUrl>
			<Point>
				<coordinates>84.06786056031464,28.0931653660033,587.4516265138681</coordinates>
			</Point>
		</Placemark>
		<Placemark id="0BA3F8B61740D87E11F4">
			<LookAt>
				<longitude>84.07377262193934</longitude>
				<latitude>28.09355270160598</latitude>
				<altitude>656.010084764657</altitude>
				<heading>23.62425013227999</heading>
				<tilt>31.50499452750094</tilt>
				<gx:fovy>35</gx:fovy>
				<range>115.6547026724911</range>
				<altitudeMode>absolute</altitudeMode>
			</LookAt>
			<styleUrl>#__managed_style_0CA7E471A240E2337E8C</styleUrl>
			<Point>
				<coordinates>84.07387432734097,28.09337605318327,640.4312425047981</coordinates>
			</Point>
		</Placemark>
		<Placemark id="075632D91240D87E52D8">
			<LookAt>
				<longitude>84.08112246249028</longitude>
				<latitude>28.09621824606006</latitude>
				<altitude>559.0533972218559</altitude>
				<heading>23.62752040940596</heading>
				<tilt>31.50563736407472</tilt>
				<gx:fovy>35</gx:fovy>
				<range>252.4523359673549</range>
				<altitudeMode>absolute</altitudeMode>
			</LookAt>
			<styleUrl>#__managed_style_0CA7E471A240E2337E8C</styleUrl>
			<Point>
				<coordinates>84.08095156769663,28.09636313457865,555.7395031648631</coordinates>
			</Point>
		</Placemark>
		<Placemark id="0960CD281D40D87E8AB9">
			<LookAt>
				<longitude>84.08274879996492</longitude>
				<latitude>28.09949727619712</latitude>
				<altitude>571.6122823605205</altitude>
				<heading>23.62895665201355</heading>
				<tilt>31.50501541406008</tilt>
				<gx:fovy>35</gx:fovy>
				<range>120.097952768956</range>
				<altitudeMode>absolute</altitudeMode>
			</LookAt>
			<styleUrl>#__managed_style_0CA7E471A240E2337E8C</styleUrl>
			<Point>
				<coordinates>84.08270845291359,28.09937656256539,574.9240325829392</coordinates>
			</Point>
		</Placemark>
		<Placemark id="01240C485340D87ECDAE">
			<LookAt>
				<longitude>84.08646090745152</longitude>
				<latitude>28.09946054719479</latitude>
				<altitude>645.0122579855907</altitude>
				<heading>23.63166333573194</heading>
				<tilt>31.50522355296125</tilt>
				<gx:fovy>35</gx:fovy>
				<range>164.3931264573985</range>
				<altitudeMode>absolute</altitudeMode>
			</LookAt>
			<styleUrl>#__managed_style_0CA7E471A240E2337E8C</styleUrl>
			<Point>
				<coordinates>84.08698239213022,28.0992644809545,626.4316451404434</coordinates>
			</Point>
		</Placemark>
		<Placemark id="0A66E6562340D87F025F">
			<LookAt>
				<longitude>84.08696745571662</longitude>
				<latitude>28.10429330018806</latitude>
				<altitude>621.6201927778856</altitude>
				<heading>23.63180807862714</heading>
				<tilt>31.50495599310379</tilt>
				<gx:fovy>35</gx:fovy>
				<range>107.4536452142274</range>
				<altitudeMode>absolute</altitudeMode>
			</LookAt>
			<styleUrl>#__managed_style_0CA7E471A240E2337E8C</styleUrl>
			<Point>
				<coordinates>84.08683135912534,28.10446238557618,607.5192200315269</coordinates>
			</Point>
		</Placemark>
		<Placemark id="049816FB0A40D87F97D1">
			<LookAt>
				<longitude>84.10085435730778</longitude>
				<latitude>28.11109705189237</latitude>
				<altitude>640.2351635720552</altitude>
				<heading>22.38543658118583</heading>
				<tilt>71.14287689812409</tilt>
				<gx:fovy>35</gx:fovy>
				<range>137.4951979139951</range>
				<altitudeMode>absolute</altitudeMode>
			</LookAt>
			<styleUrl>#__managed_style_0CA7E471A240E2337E8C</styleUrl>
			<Point>
				<coordinates>84.101078498432,28.11116606227564,640.6852748475962</coordinates>
			</Point>
		</Placemark>
		<Placemark id="016CBD4F9340D87FFCFE">
			<LookAt>
				<longitude>84.10895613789894</longitude>
				<latitude>28.11117365837245</latitude>
				<altitude>603.9283521739748</altitude>
				<heading>22.38973141894087</heading>
				<tilt>71.1115819811838</tilt>
				<gx:fovy>35</gx:fovy>
				<range>82.28022856798816</range>
				<altitudeMode>absolute</altitudeMode>
			</LookAt>
			<styleUrl>#__managed_style_0CA7E471A240E2337E8C</styleUrl>
			<Point>
				<coordinates>84.10896234148704,28.11098463728199,608.7378991168971</coordinates>
			</Point>
		</Placemark>
		<Placemark id="0E090EFAD940D8805B1C">
			<LookAt>
				<longitude>84.10665318864368</longitude>
				<latitude>28.11883517969355</latitude>
				<altitude>610.7215527103831</altitude>
				<heading>22.39053865510172</heading>
				<tilt>71.11189840074231</tilt>
				<gx:fovy>35</gx:fovy>
				<range>119.4710102950739</range>
				<altitudeMode>absolute</altitudeMode>
			</LookAt>
			<styleUrl>#__managed_style_0CA7E471A240E2337E8C</styleUrl>
			<Point>
				<coordinates>84.1066134886868,28.11849380209205,613.2098867954195</coordinates>
			</Point>
		</Placemark>
		<Placemark id="02D12A11E340D88093F1">
			<LookAt>
				<longitude>84.10834008001508</longitude>
				<latitude>28.12219611287955</latitude>
				<altitude>663.5940420520988</altitude>
				<heading>22.39197985430845</heading>
				<tilt>71.11170393201911</tilt>
				<gx:fovy>35</gx:fovy>
				<range>96.61484367762569</range>
				<altitudeMode>absolute</altitudeMode>
			</LookAt>
			<styleUrl>#__managed_style_0CA7E471A240E2337E8C</styleUrl>
			<Point>
				<coordinates>84.10833497131574,28.12192260242367,664.0482615118576</coordinates>
			</Point>
		</Placemark>
		<Placemark id="07C78C7FA740D88102A3">
			<LookAt>
				<longitude>84.11932318765604</longitude>
				<latitude>28.13018875300995</latitude>
				<altitude>714.2287979310028</altitude>
				<heading>22.39593082156596</heading>
				<tilt>71.11206188719828</tilt>
				<gx:fovy>35</gx:fovy>
				<range>138.6887168042267</range>
				<altitudeMode>absolute</altitudeMode>
			</LookAt>
			<styleUrl>#__managed_style_0CA7E471A240E2337E8C</styleUrl>
			<Point>
				<coordinates>84.11940090322578,28.130180611512,715.1882577676114</coordinates>
			</Point>
		</Placemark>
		<Placemark id="0BE04809BF40D88171FF">
			<LookAt>
				<longitude>84.10766615358482</longitude>
				<latitude>28.15209508240777</latitude>
				<altitude>670.166140827229</altitude>
				<heading>22.39308868339716</heading>
				<tilt>71.11165550548792</tilt>
				<gx:fovy>35</gx:fovy>
				<range>90.92306265884872</range>
				<altitudeMode>absolute</altitudeMode>
			</LookAt>
			<styleUrl>#__managed_style_0CA7E471A240E2337E8C</styleUrl>
			<Point>
				<coordinates>84.10771911559273,28.15187666665294,662.5596650392628</coordinates>
			</Point>
		</Placemark>
		<Placemark id="0E27D77BFB40D881B644">
			<LookAt>
				<longitude>84.10118861530911</longitude>
				<latitude>28.14888451248903</latitude>
				<altitude>749.1325739958037</altitude>
				<heading>22.39126595554001</heading>
				<tilt>71.1118066536896</tilt>
				<gx:fovy>35</gx:fovy>
				<range>108.6898456536801</range>
				<altitudeMode>absolute</altitudeMode>
			</LookAt>
			<styleUrl>#__managed_style_0CA7E471A240E2337E8C</styleUrl>
			<Point>
				<coordinates>84.10108590791616,28.14854966718353,749.7228842286289</coordinates>
			</Point>
		</Placemark>
		<Placemark id="0CD55C6B4040D8821CC6">
			<LookAt>
				<longitude>84.0911752390309</longitude>
				<latitude>28.17186023890326</latitude>
				<altitude>746.9797913491341</altitude>
				<heading>22.39158828271923</heading>
				<tilt>71.11206736926752</tilt>
				<gx:fovy>35</gx:fovy>
				<range>139.3337725720085</range>
				<altitudeMode>absolute</altitudeMode>
			</LookAt>
			<styleUrl>#__managed_style_0CA7E471A240E2337E8C</styleUrl>
			<Point>
				<coordinates>84.09134954237496,28.17168474408889,727.6346042777086</coordinates>
			</Point>
		</Placemark>
		<Placemark id="0321B1DB2D40D88271E7">
			<LookAt>
				<longitude>84.08500629744202</longitude>
				<latitude>28.17179077366468</latitude>
				<altitude>731.7471879161918</altitude>
				<heading>22.38963225667884</heading>
				<tilt>71.11203158030756</tilt>
				<gx:fovy>35</gx:fovy>
				<range>135.1268992226142</range>
				<altitudeMode>absolute</altitudeMode>
			</LookAt>
			<styleUrl>#__managed_style_0CA7E471A240E2337E8C</styleUrl>
			<Point>
				<coordinates>84.0846925701529,28.17183654864353,720.2953289216433</coordinates>
			</Point>
		</Placemark>
		<Placemark id="0DA5E57F5940D87B4A60">
			<LookAt>
				<longitude>83.99423149709679</longitude>
				<latitude>28.1354191685298</latitude>
				<altitude>643.4848390298243</altitude>
				<heading>23.55365153794101</heading>
				<tilt>26.07817652574262</tilt>
				<gx:fovy>35</gx:fovy>
				<range>117.0578165937332</range>
				<altitudeMode>absolute</altitudeMode>
			</LookAt>
			<styleUrl>#__managed_style_0CA7E471A240E2337E8C</styleUrl>
			<Point>
				<coordinates>83.99405480006342,28.13531026589894,635.4846954004769</coordinates>
			</Point>
		</Placemark>
		<Placemark id="0828DE52FA40D8831C48">
			<LookAt>
				<longitude>83.96598911988845</longitude>
				<latitude>28.15454256695894</latitude>
				<altitude>863.0913951808402</altitude>
				<heading>22.29129955343831</heading>
				<tilt>71.11268607269997</tilt>
				<gx:fovy>35</gx:fovy>
				<range>212.0587634671393</range>
				<altitudeMode>absolute</altitudeMode>
			</LookAt>
			<styleUrl>#__managed_style_0CA7E471A240E2337E8C</styleUrl>
			<Point>
				<coordinates>83.9659207174908,28.15457470960904,862.7078814013186</coordinates>
			</Point>
		</Placemark>
		<Placemark id="06DFAEE60A40D883843E">
			<LookAt>
				<longitude>83.95803862635222</longitude>
				<latitude>28.19657220633938</latitude>
				<altitude>874.9981206047875</altitude>
				<heading>22.29812393303452</heading>
				<tilt>71.11170613968703</tilt>
				<gx:fovy>35</gx:fovy>
				<range>96.87755017756899</range>
				<altitudeMode>absolute</altitudeMode>
			</LookAt>
			<styleUrl>#__managed_style_0CA7E471A240E2337E8C</styleUrl>
			<Point>
				<coordinates>83.95793295327226,28.19640393870848,866.1111182244081</coordinates>
			</Point>
		</Placemark>
		<Placemark id="0694B1BD4540D8847E76">
			<LookAt>
				<longitude>83.98684759081061</longitude>
				<latitude>28.1876945255844</latitude>
				<altitude>762.5095812006123</altitude>
				<heading>36.30973066846629</heading>
				<tilt>64.8026079185512</tilt>
				<gx:fovy>35</gx:fovy>
				<range>101.4625602661181</range>
				<altitudeMode>absolute</altitudeMode>
			</LookAt>
			<styleUrl>#__managed_style_0CA7E471A240E2337E8C</styleUrl>
			<Point>
				<coordinates>83.98669123510984,28.18772179740708,756.3791736175596</coordinates>
			</Point>
		</Placemark>
		<Placemark id="086D379CBE40D884E1C9">
			<LookAt>
				<longitude>83.9933600947426</longitude>
				<latitude>28.18531043330152</latitude>
				<altitude>826.2629392817175</altitude>
				<heading>51.344411640659</heading>
				<tilt>44.88052457036115</tilt>
				<gx:fovy>35</gx:fovy>
				<range>90.88694037024652</range>
				<altitudeMode>absolute</altitudeMode>
			</LookAt>
			<styleUrl>#__managed_style_0CA7E471A240E2337E8C</styleUrl>
			<Point>
				<coordinates>83.99323891613467,28.18513531702364,829.0760922072376</coordinates>
			</Point>
		</Placemark>
		<Placemark id="0C0A86FCA440D8856E5C">
			<LookAt>
				<longitude>84.03077827191795</longitude>
				<latitude>28.23467339755448</latitude>
				<altitude>1141.425354854492</altitude>
				<heading>51.3755791111714</heading>
				<tilt>44.88048056930155</tilt>
				<gx:fovy>35</gx:fovy>
				<range>83.9563340488894</range>
				<altitudeMode>absolute</altitudeMode>
			</LookAt>
			<styleUrl>#__managed_style_0CA7E471A240E2337E8C</styleUrl>
			<Point>
				<coordinates>84.03075220907668,28.23458720863669,1140.535974679423</coordinates>
			</Point>
		</Placemark>
		<Placemark id="0BAD248C0040D88A0889">
			<LookAt>
				<longitude>84.03915295238612</longitude>
				<latitude>28.17670563900315</latitude>
				<altitude>791.3689744373221</altitude>
				<heading>51.35642931642446</heading>
				<tilt>44.88033406239907</tilt>
				<gx:fovy>35</gx:fovy>
				<range>60.86168731722866</range>
				<altitudeMode>absolute</altitudeMode>
			</LookAt>
			<styleUrl>#__managed_style_0CA7E471A240E2337E8C</styleUrl>
			<Point>
				<coordinates>84.0391162010515,28.17666287053943,787.6053962069449</coordinates>
			</Point>
		</Placemark>
		<Placemark id="044324F10540D88A4E40">
			<LookAt>
				<longitude>84.04326053317048</longitude>
				<latitude>28.1739648679457</latitude>
				<altitude>794.8545763312837</altitude>
				<heading>51.35873089519062</heading>
				<tilt>44.88033943911668</tilt>
				<gx:fovy>35</gx:fovy>
				<range>61.70911249942037</range>
				<altitudeMode>absolute</altitudeMode>
			</LookAt>
			<styleUrl>#__managed_style_0CA7E471A240E2337E8C</styleUrl>
			<Point>
				<coordinates>84.04321104353797,28.17393045361585,797.4235023145477</coordinates>
			</Point>
		</Placemark>
		<Placemark id="0EC39F25FF40D88AA18C">
			<LookAt>
				<longitude>84.03440969359617</longitude>
				<latitude>28.20917056801384</latitude>
				<altitude>943.1474620789916</altitude>
				<heading>51.35902309232472</heading>
				<tilt>44.88069426582879</tilt>
				<gx:fovy>35</gx:fovy>
				<range>117.6338958258202</range>
				<altitudeMode>absolute</altitudeMode>
			</LookAt>
			<styleUrl>#__managed_style_0CA7E471A240E2337E8C</styleUrl>
			<Point>
				<coordinates>84.0344815497546,28.20911203986419,944.2778856857069</coordinates>
			</Point>
		</Placemark>
		<Placemark id="0BD20CA94640D88B4644">
			<LookAt>
				<longitude>84.05227246343453</longitude>
				<latitude>28.20211870814937</latitude>
				<altitude>842.6381168510558</altitude>
				<heading>51.36830339551869</heading>
				<tilt>44.88100716262306</tilt>
				<gx:fovy>35</gx:fovy>
				<range>166.9461390268771</range>
				<altitudeMode>absolute</altitudeMode>
			</LookAt>
			<styleUrl>#__managed_style_0CA7E471A240E2337E8C</styleUrl>
			<Point>
				<coordinates>84.05188585776817,28.20222905212727,860.8602615917882</coordinates>
			</Point>
		</Placemark>
		<Placemark id="0703A280B140D88B7A4C">
			<LookAt>
				<longitude>84.0545524210733</longitude>
				<latitude>28.2025283254597</latitude>
				<altitude>881.8319563930206</altitude>
				<heading>51.36931052960495</heading>
				<tilt>44.88067737409597</tilt>
				<gx:fovy>35</gx:fovy>
				<range>114.9705347057898</range>
				<altitudeMode>absolute</altitudeMode>
			</LookAt>
			<styleUrl>#__managed_style_0CA7E471A240E2337E8C</styleUrl>
			<Point>
				<coordinates>84.05459731466956,28.20241082868179,879.7457039970587</coordinates>
			</Point>
		</Placemark>
		<Placemark id="06211A2AA540D88BD430">
			<LookAt>
				<longitude>84.06180062610935</longitude>
				<latitude>28.19403451820555</latitude>
				<altitude>846.203733415771</altitude>
				<heading>51.37373602102721</heading>
				<tilt>44.88081306168763</tilt>
				<gx:fovy>35</gx:fovy>
				<range>136.3549295582925</range>
				<altitudeMode>absolute</altitudeMode>
			</LookAt>
			<styleUrl>#__managed_style_0CA7E471A240E2337E8C</styleUrl>
			<Point>
				<coordinates>84.06177080618237,28.19390360653631,851.9094900346643</coordinates>
			</Point>
		</Placemark>
		<Placemark id="04E853D17040D88C2388">
			<LookAt>
				<longitude>84.09046499427126</longitude>
				<latitude>28.20385044289358</latitude>
				<altitude>904.1417023814256</altitude>
				<heading>51.38841544448526</heading>
				<tilt>44.88047464923677</tilt>
				<gx:fovy>35</gx:fovy>
				<range>83.0201734275488</range>
				<altitudeMode>absolute</altitudeMode>
			</LookAt>
			<styleUrl>#__managed_style_0CA7E471A240E2337E8C</styleUrl>
			<Point>
				<coordinates>84.09053239059568,28.20378565784143,901.0309536211474</coordinates>
			</Point>
		</Placemark>
		<Placemark id="0D4317F39540D88C71FC">
			<LookAt>
				<longitude>84.12462203854064</longitude>
				<latitude>28.19706590511756</latitude>
				<altitude>919.7655121703652</altitude>
				<heading>51.40117867826754</heading>
				<tilt>44.88062858463514</tilt>
				<gx:fovy>35</gx:fovy>
				<range>107.2816558381783</range>
				<altitudeMode>absolute</altitudeMode>
			</LookAt>
			<styleUrl>#__managed_style_0CA7E471A240E2337E8C</styleUrl>
			<Point>
				<coordinates>84.12445021123662,28.1970299738825,913.2368734962021</coordinates>
			</Point>
		</Placemark>
		<Placemark id="0ED525743140D88CB888">
			<LookAt>
				<longitude>84.14255272378799</longitude>
				<latitude>28.17820212747963</latitude>
				<altitude>688.4572739117264</altitude>
				<heading>51.40625355451515</heading>
				<tilt>44.88095634193657</tilt>
				<gx:fovy>35</gx:fovy>
				<range>158.9327042354307</range>
				<altitudeMode>absolute</altitudeMode>
			</LookAt>
			<styleUrl>#__managed_style_0CA7E471A240E2337E8C</styleUrl>
			<Point>
				<coordinates>84.14247444931972,28.17831335976771,696.2983510036079</coordinates>
			</Point>
		</Placemark>
		<Placemark id="0A5331FF0440D88D1BAC">
			<LookAt>
				<longitude>84.05617155417595</longitude>
				<latitude>28.11751014851072</latitude>
				<altitude>777.3702474594436</altitude>
				<heading>51.40499500296374</heading>
				<tilt>44.88040315977334</tilt>
				<gx:fovy>35</gx:fovy>
				<range>71.75154331082014</range>
				<altitudeMode>absolute</altitudeMode>
			</LookAt>
			<styleUrl>#__managed_style_0CA7E471A240E2337E8C</styleUrl>
			<Point>
				<coordinates>84.05605202184854,28.11753211397097,774.994284021965</coordinates>
			</Point>
		</Placemark>
		<Placemark id="060A15553640D88D8870">
			<LookAt>
				<longitude>84.01745963262823</longitude>
				<latitude>28.15257863903247</latitude>
				<altitude>835.6293147572698</altitude>
				<heading>51.36982055472718</heading>
				<tilt>44.88099849348456</tilt>
				<gx:fovy>35</gx:fovy>
				<range>165.5796573014231</range>
				<altitudeMode>absolute</altitudeMode>
			</LookAt>
			<styleUrl>#__managed_style_0CA7E471A240E2337E8C</styleUrl>
			<Point>
				<coordinates>84.01748775502068,28.15274676910232,832.1987876166546</coordinates>
			</Point>
		</Placemark>
		<Placemark id="066167279340D88DD883">
			<LookAt>
				<longitude>84.02266319776429</longitude>
				<latitude>28.12500063788141</latitude>
				<altitude>791.0162367863957</altitude>
				<heading>51.36830375965857</heading>
				<tilt>44.8804233579578</tilt>
				<gx:fovy>35</gx:fovy>
				<range>74.93500396608398</range>
				<altitudeMode>absolute</altitudeMode>
			</LookAt>
			<styleUrl>#__managed_style_0CA7E471A240E2337E8C</styleUrl>
			<Point>
				<coordinates>84.02259179769214,28.12508336080678,788.264398585868</coordinates>
			</Point>
		</Placemark>
		<Placemark id="043C408F9440D88E4281">
			<LookAt>
				<longitude>83.98618974931871</longitude>
				<latitude>28.25805222052899</latitude>
				<altitude>986.5766257918608</altitude>
				<heading>51.36616552992163</heading>
				<tilt>44.88069828123772</tilt>
				<gx:fovy>35</gx:fovy>
				<range>118.2675598035167</range>
				<altitudeMode>absolute</altitudeMode>
			</LookAt>
			<styleUrl>#__managed_style_0CA7E471A240E2337E8C</styleUrl>
			<Point>
				<coordinates>83.98601730028018,28.25802639862207,983.0995531752433</coordinates>
			</Point>
		</Placemark>
		<Placemark id="00D3B188DC40D8BC4024">
			<name>Untitled placemark</name>
			<LookAt>
				<longitude>84.07833435746885</longitude>
				<latitude>28.14942538868144</latitude>
				<altitude>683.2230424887947</altitude>
				<heading>51.36391247702778</heading>
				<tilt>15.93559798202125</tilt>
				<gx:fovy>35</gx:fovy>
				<range>78.07880774884325</range>
				<altitudeMode>absolute</altitudeMode>
			</LookAt>
			<styleUrl>#__managed_style_21329CE9A640E2337E8C</styleUrl>
			<Point>
				<coordinates>84.07838869824003,28.14934171741948,683.0919712419081</coordinates>
			</Point>
		</Placemark>
	</Folder>
	<Folder id="0E63B611FC40D88F1579">
		<name>Builtup</name>
		<visibility>0</visibility>
		<styleUrl>#__managed_style_0B611D7F1240E2337E90</styleUrl>
		<Placemark id="02BD46D05A40D89917A8">
			<LookAt>
				<longitude>83.95483965871716</longitude>
				<latitude>28.28043888268286</latitude>
				<altitude>1069.899564049268</altitude>
				<heading>51.30937025269628</heading>
				<tilt>15.93579444149585</tilt>
				<gx:fovy>35</gx:fovy>
				<range>157.662003939331</range>
				<altitudeMode>absolute</altitudeMode>
			</LookAt>
			<styleUrl>#__managed_style_21329CE9A640E2337E8C</styleUrl>
			<Point>
				<coordinates>83.95459855059553,28.28039012780515,1065.189509995921</coordinates>
			</Point>
		</Placemark>
		<Placemark id="0C4C83087440D8997581">
			<LookAt>
				<longitude>84.00324231755748</longitude>
				<latitude>28.27527555985692</latitude>
				<altitude>1333.213114430441</altitude>
				<heading>51.32317814583458</heading>
				<tilt>15.93563877769188</tilt>
				<gx:fovy>35</gx:fovy>
				<range>94.61094320337907</range>
				<altitudeMode>absolute</altitudeMode>
			</LookAt>
			<styleUrl>#__managed_style_21329CE9A640E2337E8C</styleUrl>
			<Point>
				<coordinates>84.00321666578637,28.27521507328137,1332.022661073386</coordinates>
			</Point>
		</Placemark>
		<Placemark id="05F737676A40D899BEA7">
			<LookAt>
				<longitude>83.9873539938604</longitude>
				<latitude>28.27160110198314</latitude>
				<altitude>988.7264777114434</altitude>
				<heading>51.31427082360599</heading>
				<tilt>15.93575551966534</tilt>
				<gx:fovy>35</gx:fovy>
				<range>141.8940860852854</range>
				<altitudeMode>absolute</altitudeMode>
			</LookAt>
			<styleUrl>#__managed_style_21329CE9A640E2337E8C</styleUrl>
			<Point>
				<coordinates>83.98711644208333,28.27159755914374,991.1378430575348</coordinates>
			</Point>
		</Placemark>
		<Placemark id="0F94786C6640D89A0748">
			<LookAt>
				<longitude>83.9816689697617</longitude>
				<latitude>28.26168839777559</latitude>
				<altitude>983.7757694669563</altitude>
				<heading>51.31036825767769</heading>
				<tilt>15.93578936105453</tilt>
				<gx:fovy>35</gx:fovy>
				<range>155.6019904970344</range>
				<altitudeMode>absolute</altitudeMode>
			</LookAt>
			<styleUrl>#__managed_style_21329CE9A640E2337E8C</styleUrl>
			<Point>
				<coordinates>83.98173469613435,28.26156292770208,983.7041897051813</coordinates>
			</Point>
		</Placemark>
		<Placemark id="0EAA7B675640D89A5BE4">
			<LookAt>
				<longitude>83.970338076077</longitude>
				<latitude>28.26973310709317</latitude>
				<altitude>1025.187712963338</altitude>
				<heading>51.30847434846967</heading>
				<tilt>15.93567417215527</tilt>
				<gx:fovy>35</gx:fovy>
				<range>108.9435940114709</range>
				<altitudeMode>absolute</altitudeMode>
			</LookAt>
			<styleUrl>#__managed_style_21329CE9A640E2337E8C</styleUrl>
			<Point>
				<coordinates>83.9702545121271,28.26966526341224,1024.480191211307</coordinates>
			</Point>
		</Placemark>
		<Placemark id="0DC8B2075740D8A6DD84">
			<LookAt>
				<longitude>83.92915664744886</longitude>
				<latitude>28.21264450962076</latitude>
				<altitude>850.6865297139669</altitude>
				<heading>51.289199333879</heading>
				<tilt>15.93621737283588</tilt>
				<gx:fovy>35</gx:fovy>
				<range>328.9681507145725</range>
				<altitudeMode>absolute</altitudeMode>
			</LookAt>
			<styleUrl>#__managed_style_21329CE9A640E2337E8C</styleUrl>
			<Point>
				<coordinates>83.92882350811252,28.21283872279247,859.2904501447374</coordinates>
			</Point>
		</Placemark>
		<Placemark id="005BD90E3F40D8A745FC">
			<LookAt>
				<longitude>83.91522781100188</longitude>
				<latitude>28.23898828349976</latitude>
				<altitude>842.5813662585331</altitude>
				<heading>51.28871086686078</heading>
				<tilt>15.93580590011251</tilt>
				<gx:fovy>35</gx:fovy>
				<range>162.2978251200766</range>
				<altitudeMode>absolute</altitudeMode>
			</LookAt>
			<styleUrl>#__managed_style_21329CE9A640E2337E8C</styleUrl>
			<Point>
				<coordinates>83.91514771144875,28.23891598339753,844.8387060959941</coordinates>
			</Point>
		</Placemark>
		<Placemark id="0A0462479D40D8A79CA9">
			<LookAt>
				<longitude>83.92774327671144</longitude>
				<latitude>28.25170194898813</latitude>
				<altitude>1343.062015400828</altitude>
				<heading>51.29468321904759</heading>
				<tilt>15.93622275337483</tilt>
				<gx:fovy>35</gx:fovy>
				<range>331.1731748072634</range>
				<altitudeMode>absolute</altitudeMode>
			</LookAt>
			<styleUrl>#__managed_style_21329CE9A640E2337E8C</styleUrl>
			<Point>
				<coordinates>83.92673211268956,28.25196565603263,1339.879367134285</coordinates>
			</Point>
		</Placemark>
		<Placemark id="0BBAFCF01040D8A835A0">
			<LookAt>
				<longitude>83.9134739734459</longitude>
				<latitude>28.18751578123644</latitude>
				<altitude>820.843821902857</altitude>
				<heading>51.27561364205837</heading>
				<tilt>15.93594468150608</tilt>
				<gx:fovy>35</gx:fovy>
				<range>218.5114766616971</range>
				<altitudeMode>absolute</altitudeMode>
			</LookAt>
			<styleUrl>#__managed_style_21329CE9A640E2337E8C</styleUrl>
			<Point>
				<coordinates>83.91320232478969,28.18724882911665,838.3092741053995</coordinates>
			</Point>
		</Placemark>
		<Placemark id="03CF716E8040D8A86FF3">
			<LookAt>
				<longitude>83.91389477092193</longitude>
				<latitude>28.18519114205507</latitude>
				<altitude>854.8036154214655</altitude>
				<heading>51.27580327752629</heading>
				<tilt>15.9356866209569</tilt>
				<gx:fovy>35</gx:fovy>
				<range>113.9832153282623</range>
				<altitudeMode>absolute</altitudeMode>
			</LookAt>
			<styleUrl>#__managed_style_21329CE9A640E2337E8C</styleUrl>
			<Point>
				<coordinates>83.91369603151615,28.18522547285529,858.0991980206109</coordinates>
			</Point>
		</Placemark>
		<Placemark id="087EECDA2D40D8A8CF18">
			<LookAt>
				<longitude>83.93159350320668</longitude>
				<latitude>28.18049951700977</latitude>
				<altitude>768.0428279971399</altitude>
				<heading>51.28358246684636</heading>
				<tilt>15.93606033989431</tilt>
				<gx:fovy>35</gx:fovy>
				<range>265.3573915148809</range>
				<altitudeMode>absolute</altitudeMode>
			</LookAt>
			<styleUrl>#__managed_style_21329CE9A640E2337E8C</styleUrl>
			<Point>
				<coordinates>83.93114922119727,28.18062447472618,773.3432330166983</coordinates>
			</Point>
		</Placemark>
		<Placemark id="016E08580340D89148D8">
			<LookAt>
				<longitude>83.99166125199784</longitude>
				<latitude>28.33064242982997</latitude>
				<altitude>1350.387496291187</altitude>
				<heading>51.40648075145695</heading>
				<tilt>44.88192200957716</tilt>
				<gx:fovy>35</gx:fovy>
				<range>311.1554007458108</range>
				<altitudeMode>absolute</altitudeMode>
			</LookAt>
			<styleUrl>#__managed_style_21329CE9A640E2337E8C</styleUrl>
			<Point>
				<coordinates>83.99069248555797,28.33078929602761,1334.65288583997</coordinates>
			</Point>
		</Placemark>
		<Placemark id="012BA2460640D88F8B17">
			<LookAt>
				<longitude>83.97976260924501</longitude>
				<latitude>28.3015323389766</latitude>
				<altitude>1499.889121066171</altitude>
				<heading>51.39380959992717</heading>
				<tilt>44.8805196575083</tilt>
				<gx:fovy>35</gx:fovy>
				<range>90.12220127377077</range>
				<altitudeMode>absolute</altitudeMode>
			</LookAt>
			<styleUrl>#__managed_style_21329CE9A640E2337E8C</styleUrl>
			<Point>
				<coordinates>83.97954067366274,28.30154496896213,1507.595593529715</coordinates>
			</Point>
		</Placemark>
		<Placemark id="06FF76061940D890B719">
			<LookAt>
				<longitude>83.96402637076702</longitude>
				<latitude>28.3180438280592</latitude>
				<altitude>1215.191169172331</altitude>
				<heading>51.38846972516751</heading>
				<tilt>44.88095097296222</tilt>
				<gx:fovy>35</gx:fovy>
				<range>158.0996201928428</range>
				<altitudeMode>absolute</altitudeMode>
			</LookAt>
			<styleUrl>#__managed_style_21329CE9A640E2337E8C</styleUrl>
			<Point>
				<coordinates>83.96389458442664,28.31819911518236,1208.495045873307</coordinates>
			</Point>
		</Placemark>
		<Placemark id="0F3B96D19740D8924230">
			<name>Untitled placemark</name>
			<LookAt>
				<longitude>84.00202303843813</longitude>
				<latitude>28.29502191929034</latitude>
				<altitude>1097.045817747289</altitude>
				<heading>51.39388496900644</heading>
				<tilt>44.88071661701306</tilt>
				<gx:fovy>35</gx:fovy>
				<range>121.1595447636319</range>
				<altitudeMode>absolute</altitudeMode>
			</LookAt>
			<styleUrl>#__managed_style_21329CE9A640E2337E8C</styleUrl>
			<Point>
				<coordinates>84.00182342938265,28.29502973957772,1095.686355727873</coordinates>
			</Point>
		</Placemark>
		<Placemark id="091BECFFA440D892A7C8">
			<LookAt>
				<longitude>83.95577947368497</longitude>
				<latitude>28.30228968173434</latitude>
				<altitude>1209.856336842125</altitude>
				<heading>51.37908920835392</heading>
				<tilt>44.88087768246204</tilt>
				<gx:fovy>35</gx:fovy>
				<range>146.5478814943344</range>
				<altitudeMode>absolute</altitudeMode>
			</LookAt>
			<styleUrl>#__managed_style_21329CE9A640E2337E8C</styleUrl>
			<Point>
				<coordinates>83.95566386596684,28.30217317091086,1207.741810007259</coordinates>
			</Point>
		</Placemark>
		<Placemark id="004CC67E7F40D8934A14">
			<LookAt>
				<longitude>83.90959583930518</longitude>
				<latitude>28.28593436587721</latitude>
				<altitude>1090.926111342778</altitude>
				<heading>51.33168468240973</heading>
				<tilt>44.88120432219161</tilt>
				<gx:fovy>35</gx:fovy>
				<range>198.0272070579304</range>
				<altitudeMode>absolute</altitudeMode>
			</LookAt>
			<styleUrl>#__managed_style_21329CE9A640E2337E8C</styleUrl>
			<Point>
				<coordinates>83.90911655894634,28.28588045439621,1091.51556898116</coordinates>
			</Point>
		</Placemark>
		<Placemark id="0B7C9691EB40D8A94850">
			<LookAt>
				<longitude>83.92355000488988</longitude>
				<latitude>28.15706652468953</latitude>
				<altitude>1453.76417818311</altitude>
				<heading>51.28395998237561</heading>
				<tilt>15.93562367521107</tilt>
				<gx:fovy>35</gx:fovy>
				<range>88.49489622832152</range>
				<altitudeMode>absolute</altitudeMode>
			</LookAt>
			<styleUrl>#__managed_style_21329CE9A640E2337E8C</styleUrl>
			<Point>
				<coordinates>83.92352039636856,28.1569741605025,1453.467231772407</coordinates>
			</Point>
		</Placemark>
		<Placemark id="0D7F30B76940D8A983CC">
			<LookAt>
				<longitude>83.92956774007534</longitude>
				<latitude>28.14713363934022</latitude>
				<altitude>1284.713027949576</altitude>
				<heading>51.28637875690087</heading>
				<tilt>15.93563819222305</tilt>
				<gx:fovy>35</gx:fovy>
				<range>94.37319318354639</range>
				<altitudeMode>absolute</altitudeMode>
			</LookAt>
			<styleUrl>#__managed_style_21329CE9A640E2337E8C</styleUrl>
			<Point>
				<coordinates>83.92964569285965,28.14710668359006,1281.865134677181</coordinates>
			</Point>
		</Placemark>
		<Placemark id="05AA575A4C40D8A9C199">
			<LookAt>
				<longitude>83.93509693963186</longitude>
				<latitude>28.14553525115739</latitude>
				<altitude>1081.976317154915</altitude>
				<heading>51.28907067302153</heading>
				<tilt>15.93564245017047</tilt>
				<gx:fovy>35</gx:fovy>
				<range>96.0949759183859</range>
				<altitudeMode>absolute</altitudeMode>
			</LookAt>
			<styleUrl>#__managed_style_21329CE9A640E2337E8C</styleUrl>
			<Point>
				<coordinates>83.93522635327,28.14536842807351,1080.998984177949</coordinates>
			</Point>
		</Placemark>
		<Placemark id="05E0B34F8440D8A9F97C">
			<LookAt>
				<longitude>83.93979716686974</longitude>
				<latitude>28.14157332486336</latitude>
				<altitude>950.3628117625495</altitude>
				<heading>51.29251139557424</heading>
				<tilt>15.935746554702</tilt>
				<gx:fovy>35</gx:fovy>
				<range>138.2619824336143</range>
				<altitudeMode>absolute</altitudeMode>
			</LookAt>
			<styleUrl>#__managed_style_21329CE9A640E2337E8C</styleUrl>
			<Point>
				<coordinates>83.93984214575534,28.14141356667746,951.6667764307028</coordinates>
			</Point>
		</Placemark>
		<Placemark id="0535015E7C40D8AA7848">
			<LookAt>
				<longitude>83.96452097874459</longitude>
				<latitude>28.14457588072084</latitude>
				<altitude>721.4903352029087</altitude>
				<heading>51.3044690129214</heading>
				<tilt>15.93579652340002</tilt>
				<gx:fovy>35</gx:fovy>
				<range>158.4968494794703</range>
				<altitudeMode>absolute</altitudeMode>
			</LookAt>
			<styleUrl>#__managed_style_21329CE9A640E2337E8C</styleUrl>
			<Point>
				<coordinates>83.96443606787719,28.14451329931639,720.8435113919975</coordinates>
			</Point>
		</Placemark>
		<Placemark id="06011FDA5540D8AB1EA3">
			<LookAt>
				<longitude>83.98814005190519</longitude>
				<latitude>28.13851051541176</latitude>
				<altitude>667.2903839312399</altitude>
				<heading>51.3163190897156</heading>
				<tilt>15.93568204953498</tilt>
				<gx:fovy>35</gx:fovy>
				<range>112.1283699954984</range>
				<altitudeMode>absolute</altitudeMode>
			</LookAt>
			<styleUrl>#__managed_style_21329CE9A640E2337E8C</styleUrl>
			<Point>
				<coordinates>83.98806504228212,28.13843851518913,662.2611466047708</coordinates>
			</Point>
		</Placemark>
		<Placemark id="04B94BF0E040D8AC87D8">
			<LookAt>
				<longitude>84.00360389530896</longitude>
				<latitude>28.12417467330365</latitude>
				<altitude>649.8518344834893</altitude>
				<heading>51.31463738246337</heading>
				<tilt>15.93560928138222</tilt>
				<gx:fovy>35</gx:fovy>
				<range>82.653729787271</range>
				<altitudeMode>absolute</altitudeMode>
			</LookAt>
			<styleUrl>#__managed_style_21329CE9A640E2337E8C</styleUrl>
			<Point>
				<coordinates>84.00352605335871,28.12420112850628,649.4094741273531</coordinates>
			</Point>
		</Placemark>
		<Placemark id="0464C36C4640D8AD6AF3">
			<LookAt>
				<longitude>84.04071476657695</longitude>
				<latitude>28.11060071717746</latitude>
				<altitude>852.1747559716613</altitude>
				<heading>51.32993119788253</heading>
				<tilt>15.93557830275036</tilt>
				<gx:fovy>35</gx:fovy>
				<range>70.10828048821168</range>
				<altitudeMode>absolute</altitudeMode>
			</LookAt>
			<styleUrl>#__managed_style_21329CE9A640E2337E8C</styleUrl>
			<Point>
				<coordinates>84.04079055127094,28.11052571803631,851.8239143739831</coordinates>
			</Point>
		</Placemark>
		<Placemark id="09DECF184240D8ADF078">
			<LookAt>
				<longitude>84.06391949155748</longitude>
				<latitude>28.10179476486963</latitude>
				<altitude>592.3569721363673</altitude>
				<heading>51.34032997794302</heading>
				<tilt>15.93646122566671</tilt>
				<gx:fovy>35</gx:fovy>
				<range>427.7255374714151</range>
				<altitudeMode>absolute</altitudeMode>
			</LookAt>
			<styleUrl>#__managed_style_21329CE9A640E2337E8C</styleUrl>
			<Point>
				<coordinates>84.0642790869537,28.1013749420854,592.6753328140799</coordinates>
			</Point>
		</Placemark>
		<Placemark id="086B08E7FA40D8AE3CAB">
			<LookAt>
				<longitude>84.06988939103248</longitude>
				<latitude>28.08910539633614</latitude>
				<altitude>588.1813541093227</altitude>
				<heading>51.34200756360056</heading>
				<tilt>15.93567423091334</tilt>
				<gx:fovy>35</gx:fovy>
				<range>108.9602239390115</range>
				<altitudeMode>absolute</altitudeMode>
			</LookAt>
			<styleUrl>#__managed_style_21329CE9A640E2337E8C</styleUrl>
			<Point>
				<coordinates>84.06969538505419,28.08926072732698,588.2951823327846</coordinates>
			</Point>
		</Placemark>
		<Placemark id="02E1D7831640D8AEB057">
			<LookAt>
				<longitude>84.09124084279873</longitude>
				<latitude>28.1078459072827</latitude>
				<altitude>634.6065261357202</altitude>
				<heading>51.3530147603211</heading>
				<tilt>15.93559089457968</tilt>
				<gx:fovy>35</gx:fovy>
				<range>75.2061702897936</range>
				<altitudeMode>absolute</altitudeMode>
			</LookAt>
			<styleUrl>#__managed_style_21329CE9A640E2337E8C</styleUrl>
			<Point>
				<coordinates>84.09110648417897,28.1078176736518,633.9464943525238</coordinates>
			</Point>
		</Placemark>
		<Placemark id="026171E90B40D8AF011C">
			<LookAt>
				<longitude>84.0976967245882</longitude>
				<latitude>28.10769340906714</latitude>
				<altitude>573.2170088097666</altitude>
				<heading>51.35502440184555</heading>
				<tilt>15.93577176331455</tilt>
				<gx:fovy>35</gx:fovy>
				<range>148.4645067181919</range>
				<altitudeMode>absolute</altitudeMode>
			</LookAt>
			<styleUrl>#__managed_style_21329CE9A640E2337E8C</styleUrl>
			<Point>
				<coordinates>84.09750832146165,28.10763295652523,574.3394476486236</coordinates>
			</Point>
		</Placemark>
		<Placemark id="0EDD35611340D8AF4A64">
			<LookAt>
				<longitude>84.09720490222823</longitude>
				<latitude>28.11311496607035</latitude>
				<altitude>581.8652843640821</altitude>
				<heading>51.35473038941854</heading>
				<tilt>15.93552924587456</tilt>
				<gx:fovy>35</gx:fovy>
				<range>50.2353548339579</range>
				<altitudeMode>absolute</altitudeMode>
			</LookAt>
			<styleUrl>#__managed_style_21329CE9A640E2337E8C</styleUrl>
			<Point>
				<coordinates>84.09715186084394,28.1130989958068,582.2271149236409</coordinates>
			</Point>
		</Placemark>
		<Placemark id="004DD3500540D8AFA5D1">
			<LookAt>
				<longitude>84.10458405330037</longitude>
				<latitude>28.11323765527014</latitude>
				<altitude>635.5918575092679</altitude>
				<heading>51.35804720607616</heading>
				<tilt>15.93722787212416</tilt>
				<gx:fovy>35</gx:fovy>
				<range>738.2539146217459</range>
				<altitudeMode>absolute</altitudeMode>
			</LookAt>
			<styleUrl>#__managed_style_21329CE9A640E2337E8C</styleUrl>
			<Point>
				<coordinates>84.10402336888625,28.11269836781542,633.1156685612724</coordinates>
			</Point>
		</Placemark>
		<Placemark id="07670C9F7440D8B09E8E">
			<LookAt>
				<longitude>84.10566292393716</longitude>
				<latitude>28.11566201479113</latitude>
				<altitude>633.784050368885</altitude>
				<heading>51.36006367285704</heading>
				<tilt>15.93581578920631</tilt>
				<gx:fovy>35</gx:fovy>
				<range>166.299321761544</range>
				<altitudeMode>absolute</altitudeMode>
			</LookAt>
			<styleUrl>#__managed_style_21329CE9A640E2337E8C</styleUrl>
			<Point>
				<coordinates>84.1054135083867,28.1154228651579,635.5671690880531</coordinates>
			</Point>
		</Placemark>
		<Placemark id="0FFBD352DA40D8B12891">
			<LookAt>
				<longitude>84.11994210506944</longitude>
				<latitude>28.11662140008705</latitude>
				<altitude>698.1910073374506</altitude>
				<heading>51.36236730948973</heading>
				<tilt>15.93560800368355</tilt>
				<gx:fovy>35</gx:fovy>
				<range>82.13792390231902</range>
				<altitudeMode>absolute</altitudeMode>
			</LookAt>
			<styleUrl>#__managed_style_21329CE9A640E2337E8C</styleUrl>
			<Point>
				<coordinates>84.11973010123835,28.11677971967371,705.5447976905785</coordinates>
			</Point>
		</Placemark>
		<Placemark id="0977D3787F40D8B16F71">
			<LookAt>
				<longitude>84.11339507721095</longitude>
				<latitude>28.11678860521808</latitude>
				<altitude>677.0126203127941</altitude>
				<heading>51.36197371115897</heading>
				<tilt>15.93557856067826</tilt>
				<gx:fovy>35</gx:fovy>
				<range>70.21187856295002</range>
				<altitudeMode>absolute</altitudeMode>
			</LookAt>
			<styleUrl>#__managed_style_21329CE9A640E2337E8C</styleUrl>
			<Point>
				<coordinates>84.11331585122313,28.11681315794934,675.6334814013358</coordinates>
			</Point>
		</Placemark>
		<Placemark id="07086CA81E40D8B1B5F8">
			<LookAt>
				<longitude>84.11455197537096</longitude>
				<latitude>28.10920729276032</latitude>
				<altitude>627.755043074136</altitude>
				<heading>51.36170535054635</heading>
				<tilt>15.93558785383566</tilt>
				<gx:fovy>35</gx:fovy>
				<range>73.97547453018888</range>
				<altitudeMode>absolute</altitudeMode>
			</LookAt>
			<styleUrl>#__managed_style_21329CE9A640E2337E8C</styleUrl>
			<Point>
				<coordinates>84.11457579713985,28.10918927382171,627.3675030312706</coordinates>
			</Point>
		</Placemark>
		<Placemark id="012B953D5040D8B226B6">
			<LookAt>
				<longitude>84.10891680134411</longitude>
				<latitude>28.12788807608167</latitude>
				<altitude>721.5917432774372</altitude>
				<heading>51.360784774553</heading>
				<tilt>15.93581289519209</tilt>
				<gx:fovy>35</gx:fovy>
				<range>165.1294324338596</range>
				<altitudeMode>absolute</altitudeMode>
			</LookAt>
			<styleUrl>#__managed_style_21329CE9A640E2337E8C</styleUrl>
			<Point>
				<coordinates>84.1085947551955,28.12807777002691,726.1955563108828</coordinates>
			</Point>
		</Placemark>
		<Placemark id="02969A3FC540D8B28044">
			<LookAt>
				<longitude>84.03553428307096</longitude>
				<latitude>28.14538973933485</latitude>
				<altitude>705.6502015852172</altitude>
				<heading>51.36046700713305</heading>
				<tilt>15.93577131176828</tilt>
				<gx:fovy>35</gx:fovy>
				<range>148.2857263055303</range>
				<altitudeMode>absolute</altitudeMode>
			</LookAt>
			<styleUrl>#__managed_style_21329CE9A640E2337E8C</styleUrl>
			<Point>
				<coordinates>84.03509638483577,28.14538893069508,707.1027306292748</coordinates>
			</Point>
		</Placemark>
		<Placemark id="0CD74B4AAF40D8958B87">
			<LookAt>
				<longitude>83.88105379216564</longitude>
				<latitude>28.24740407500943</latitude>
				<altitude>812.4300530209669</altitude>
				<heading>51.30835196810448</heading>
				<tilt>43.33565919462643</tilt>
				<gx:fovy>35</gx:fovy>
				<range>85.42878375861619</range>
				<altitudeMode>absolute</altitudeMode>
			</LookAt>
			<styleUrl>#__managed_style_21329CE9A640E2337E8C</styleUrl>
			<Point>
				<coordinates>83.88097907645849,28.24745455862328,812.9995768119859</coordinates>
			</Point>
		</Placemark>
		<Placemark id="0784BF984640D8966841">
			<LookAt>
				<longitude>83.82310925623563</longitude>
				<latitude>28.22265693675179</latitude>
				<altitude>1723.149814873526</altitude>
				<heading>51.22863277803923</heading>
				<tilt>46.24680657633435</tilt>
				<gx:fovy>35</gx:fovy>
				<range>140.2408511005524</range>
				<altitudeMode>absolute</altitudeMode>
			</LookAt>
			<styleUrl>#__managed_style_21329CE9A640E2337E8C</styleUrl>
			<Point>
				<coordinates>83.82288218851615,28.22263601593245,1728.94340651918</coordinates>
			</Point>
		</Placemark>
		<Placemark id="08254C20DD40D8971D1C">
			<LookAt>
				<longitude>83.85158353451094</longitude>
				<latitude>28.21378177413204</latitude>
				<altitude>1718.040444849358</altitude>
				<heading>51.23661485785078</heading>
				<tilt>46.24670312807112</tilt>
				<gx:fovy>35</gx:fovy>
				<range>124.3113390237704</range>
				<altitudeMode>absolute</altitudeMode>
			</LookAt>
			<styleUrl>#__managed_style_21329CE9A640E2337E8C</styleUrl>
			<Point>
				<coordinates>83.8516038666811,28.21355644838792,1720.543975367591</coordinates>
			</Point>
		</Placemark>
		<Placemark id="0EF035A73C40D898096E">
			<LookAt>
				<longitude>83.88083972231846</longitude>
				<latitude>28.21669472811</latitude>
				<altitude>1440.759594747608</altitude>
				<heading>51.25443894279105</heading>
				<tilt>15.93562940286913</tilt>
				<gx:fovy>35</gx:fovy>
				<range>90.81480009223924</range>
				<altitudeMode>absolute</altitudeMode>
			</LookAt>
			<styleUrl>#__managed_style_21329CE9A640E2337E8C</styleUrl>
			<Point>
				<coordinates>83.88078063418183,28.2167269021831,1440.612069088607</coordinates>
			</Point>
		</Placemark>
		<Placemark id="02A5E201EC40D898704E">
			<LookAt>
				<longitude>83.94367504423155</longitude>
				<latitude>28.24703736101937</latitude>
				<altitude>1465.156575016794</altitude>
				<heading>51.30617536005464</heading>
				<tilt>15.93575761353952</tilt>
				<gx:fovy>35</gx:fovy>
				<range>142.7528856743629</range>
				<altitudeMode>absolute</altitudeMode>
			</LookAt>
			<styleUrl>#__managed_style_21329CE9A640E2337E8C</styleUrl>
			<Point>
				<coordinates>83.94343345071313,28.24720807626749,1466.516178109192</coordinates>
			</Point>
		</Placemark>
		<Placemark id="00FB544C1F40D898C2AB">
			<LookAt>
				<longitude>83.9540981809572</longitude>
				<latitude>28.26222517550904</latitude>
				<altitude>1022.778415882718</altitude>
				<heading>51.307222285996</heading>
				<tilt>15.93570090091931</tilt>
				<gx:fovy>35</gx:fovy>
				<range>119.7704880564015</range>
				<altitudeMode>absolute</altitudeMode>
			</LookAt>
			<styleUrl>#__managed_style_21329CE9A640E2337E8C</styleUrl>
			<Point>
				<coordinates>83.95414991973033,28.26217032854183,1022.358679145385</coordinates>
			</Point>
		</Placemark>
		<Placemark id="00561DE63140D8B2F477">
			<LookAt>
				<longitude>84.04585964153104</longitude>
				<latitude>28.14324590149399</latitude>
				<altitude>691.7491895851971</altitude>
				<heading>51.36396989861948</heading>
				<tilt>15.93568923915696</tilt>
				<gx:fovy>35</gx:fovy>
				<range>115.0421303102121</range>
				<altitudeMode>absolute</altitudeMode>
			</LookAt>
			<styleUrl>#__managed_style_21329CE9A640E2337E8C</styleUrl>
			<Point>
				<coordinates>84.04577714722647,28.14327557251804,692.2376392993258</coordinates>
			</Point>
		</Placemark>
		<Placemark id="07AAADA53840D8B35753">
			<LookAt>
				<longitude>83.99530507324923</longitude>
				<latitude>28.17703950386527</latitude>
				<altitude>712.2543720918491</altitude>
				<heading>51.33585236257685</heading>
				<tilt>15.93561658194853</tilt>
				<gx:fovy>35</gx:fovy>
				<range>85.61279651433324</range>
				<altitudeMode>absolute</altitudeMode>
			</LookAt>
			<styleUrl>#__managed_style_21329CE9A640E2337E8C</styleUrl>
			<Point>
				<coordinates>83.99530044356359,28.17712286565229,712.9030060514847</coordinates>
			</Point>
		</Placemark>
		<Placemark id="0B263B628E40D8B39CC4">
			<LookAt>
				<longitude>83.99651776096937</longitude>
				<latitude>28.18129190399284</latitude>
				<altitude>765.8971833437488</altitude>
				<heading>51.33628023639496</heading>
				<tilt>15.93571410095912</tilt>
				<gx:fovy>35</gx:fovy>
				<range>125.1138170464037</range>
				<altitudeMode>absolute</altitudeMode>
			</LookAt>
			<styleUrl>#__managed_style_21329CE9A640E2337E8C</styleUrl>
			<Point>
				<coordinates>83.99651282247089,28.18129258734316,766.1488525277146</coordinates>
			</Point>
		</Placemark>
		<Placemark id="0FEEBBDF1440D8B68C2F">
			<LookAt>
				<longitude>83.97022313638001</longitude>
				<latitude>28.21149906359435</latitude>
				<altitude>830.8477354004524</altitude>
				<heading>51.33730359654137</heading>
				<tilt>15.93579842286484</tilt>
				<gx:fovy>35</gx:fovy>
				<range>159.2702164373077</range>
				<altitudeMode>absolute</altitudeMode>
			</LookAt>
			<styleUrl>#__managed_style_21329CE9A640E2337E8C</styleUrl>
			<Point>
				<coordinates>83.97000581254579,28.21126522321657,830.1535849319614</coordinates>
			</Point>
		</Placemark>
		<Placemark id="0426435FCB40D8B6E3C7">
			<LookAt>
				<longitude>83.97268231701995</longitude>
				<latitude>28.22113074761195</latitude>
				<altitude>856.9995745674645</altitude>
				<heading>51.33900827923533</heading>
				<tilt>15.93564711644783</tilt>
				<gx:fovy>35</gx:fovy>
				<range>97.98302316223271</range>
				<altitudeMode>absolute</altitudeMode>
			</LookAt>
			<styleUrl>#__managed_style_21329CE9A640E2337E8C</styleUrl>
			<Point>
				<coordinates>83.97252741028488,28.22126666511628,856.7476651917618</coordinates>
			</Point>
		</Placemark>
		<Placemark id="0F605DBDAD40D8B781E9">
			<LookAt>
				<longitude>83.99770480739315</longitude>
				<latitude>28.23202268128679</latitude>
				<altitude>894.4444681886864</altitude>
				<heading>51.34887724992478</heading>
				<tilt>15.93601431317409</tilt>
				<gx:fovy>35</gx:fovy>
				<range>246.7204229352865</range>
				<altitudeMode>absolute</altitudeMode>
			</LookAt>
			<styleUrl>#__managed_style_21329CE9A640E2337E8C</styleUrl>
			<Point>
				<coordinates>83.99727870359951,28.23256455739987,895.2612832809801</coordinates>
			</Point>
		</Placemark>
		<Placemark id="0824D38CD840D8B7E2FF">
			<LookAt>
				<longitude>83.98812583393118</longitude>
				<latitude>28.24657301047229</latitude>
				<altitude>922.811047692131</altitude>
				<heading>51.34339674987733</heading>
				<tilt>15.93574021325857</tilt>
				<gx:fovy>35</gx:fovy>
				<range>135.6940550789477</range>
				<altitudeMode>absolute</altitudeMode>
			</LookAt>
			<styleUrl>#__managed_style_21329CE9A640E2337E8C</styleUrl>
			<Point>
				<coordinates>83.98829979441018,28.24628435049456,921.9961054288029</coordinates>
			</Point>
		</Placemark>
		<Placemark id="0C5655ED4140D8B83F74">
			<LookAt>
				<longitude>84.0348419613417</longitude>
				<latitude>28.25037005167593</latitude>
				<altitude>1337.888571109768</altitude>
				<heading>51.36298486800665</heading>
				<tilt>15.9357270891412</tilt>
				<gx:fovy>35</gx:fovy>
				<range>130.386477535958</range>
				<altitudeMode>absolute</altitudeMode>
			</LookAt>
			<styleUrl>#__managed_style_21329CE9A640E2337E8C</styleUrl>
			<Point>
				<coordinates>84.03467331429368,28.25033394238629,1341.913068955257</coordinates>
			</Point>
		</Placemark>
		<Placemark id="0FA01B9C0740D8B89321">
			<LookAt>
				<longitude>84.03388897623846</longitude>
				<latitude>28.21733429895319</latitude>
				<altitude>815.1129099962404</altitude>
				<heading>51.36189496232501</heading>
				<tilt>15.93579914677193</tilt>
				<gx:fovy>35</gx:fovy>
				<range>159.5631117604171</range>
				<altitudeMode>absolute</altitudeMode>
			</LookAt>
			<styleUrl>#__managed_style_21329CE9A640E2337E8C</styleUrl>
			<Point>
				<coordinates>84.03332889958081,28.21751972452936,822.219696569722</coordinates>
			</Point>
		</Placemark>
		<Placemark id="0E9AE18CB040D8B8F676">
			<LookAt>
				<longitude>84.05845799437063</longitude>
				<latitude>28.18936680891074</latitude>
				<altitude>763.3629708021616</altitude>
				<heading>51.36236138116978</heading>
				<tilt>15.93569566598742</tilt>
				<gx:fovy>35</gx:fovy>
				<range>117.6467362158655</range>
				<altitudeMode>absolute</altitudeMode>
			</LookAt>
			<styleUrl>#__managed_style_21329CE9A640E2337E8C</styleUrl>
			<Point>
				<coordinates>84.05854461226816,28.18925694860331,765.0973644385393</coordinates>
			</Point>
		</Placemark>
		<Placemark id="0E27FCCA4440D8B95544">
			<LookAt>
				<longitude>83.99940848204076</longitude>
				<latitude>28.19932972412433</latitude>
				<altitude>825.9146994827394</altitude>
				<heading>51.34242936563749</heading>
				<tilt>15.93617515421842</tilt>
				<gx:fovy>35</gx:fovy>
				<range>311.8674629533417</range>
				<altitudeMode>absolute</altitudeMode>
			</LookAt>
			<styleUrl>#__managed_style_21329CE9A640E2337E8C</styleUrl>
			<Point>
				<coordinates>83.99910560545877,28.1994569580085,826.9122484403018</coordinates>
			</Point>
		</Placemark>
		<Placemark id="0EF1C05FD040D8B9C976">
			<LookAt>
				<longitude>84.0033186481176</longitude>
				<latitude>28.19812543368743</latitude>
				<altitude>827.106448980267</altitude>
				<heading>51.34388043597527</heading>
				<tilt>15.93584754957375</tilt>
				<gx:fovy>35</gx:fovy>
				<range>179.1693096012387</range>
				<altitudeMode>absolute</altitudeMode>
			</LookAt>
			<styleUrl>#__managed_style_21329CE9A640E2337E8C</styleUrl>
			<Point>
				<coordinates>84.00324281938281,28.19832857883494,827.7303494126236</coordinates>
			</Point>
		</Placemark>
		<Placemark id="0F6FA9C09D40D8BA5747">
			<LookAt>
				<longitude>84.03402551322336</longitude>
				<latitude>28.19297149259959</latitude>
				<altitude>786.2440622780849</altitude>
				<heading>51.34563574212369</heading>
				<tilt>15.93558613189879</tilt>
				<gx:fovy>35</gx:fovy>
				<range>73.2800596333982</range>
				<altitudeMode>absolute</altitudeMode>
			</LookAt>
			<styleUrl>#__managed_style_21329CE9A640E2337E8C</styleUrl>
			<Point>
				<coordinates>84.03387504682685,28.19307145156213,786.3284662859376</coordinates>
			</Point>
		</Placemark>
		<Placemark id="082CFA857340D8BA9CC4">
			<LookAt>
				<longitude>84.03901394404154</longitude>
				<latitude>28.16986735288006</latitude>
				<altitude>746.0405948102809</altitude>
				<heading>51.33996681449937</heading>
				<tilt>15.93589175033255</tilt>
				<gx:fovy>35</gx:fovy>
				<range>197.070621177154</range>
				<altitudeMode>absolute</altitudeMode>
			</LookAt>
			<styleUrl>#__managed_style_21329CE9A640E2337E8C</styleUrl>
			<Point>
				<coordinates>84.03844880970804,28.17017784242013,746.7137499174462</coordinates>
			</Point>
		</Placemark>
		<Placemark id="042A468DEB40D8BAE874">
			<LookAt>
				<longitude>84.04315321930153</longitude>
				<latitude>28.16175082948816</latitude>
				<altitude>730.326625120378</altitude>
				<heading>51.34196628361739</heading>
				<tilt>15.93562798171219</tilt>
				<gx:fovy>35</gx:fovy>
				<range>90.23069561637386</range>
				<altitudeMode>absolute</altitudeMode>
			</LookAt>
			<styleUrl>#__managed_style_21329CE9A640E2337E8C</styleUrl>
			<Point>
				<coordinates>84.04302037308057,28.16168019162193,730.1009510994751</coordinates>
			</Point>
		</Placemark>
		<Placemark id="0D3AB45BD740D8BB14D8">
			<LookAt>
				<longitude>84.04400044684323</longitude>
				<latitude>28.16062951773819</latitude>
				<altitude>728.0577816889248</altitude>
				<heading>51.34204833779721</heading>
				<tilt>15.93562644452188</tilt>
				<gx:fovy>35</gx:fovy>
				<range>89.60802940957366</range>
				<altitudeMode>absolute</altitudeMode>
			</LookAt>
			<styleUrl>#__managed_style_21329CE9A640E2337E8C</styleUrl>
			<Point>
				<coordinates>84.04415010420063,28.16048452842209,727.3339195355381</coordinates>
			</Point>
		</Placemark>
		<Placemark id="0EE551207540D8BB9638">
			<LookAt>
				<longitude>84.0639288607547</longitude>
				<latitude>28.14605689174794</latitude>
				<altitude>635.1923684816793</altitude>
				<heading>51.3421662859858</heading>
				<tilt>15.93566360225674</tilt>
				<gx:fovy>35</gx:fovy>
				<range>104.6572446738719</range>
				<altitudeMode>absolute</altitudeMode>
			</LookAt>
			<styleUrl>#__managed_style_21329CE9A640E2337E8C</styleUrl>
			<Point>
				<coordinates>84.06393994555776,28.14589128702973,636.0971721226217</coordinates>
			</Point>
		</Placemark>
		<Placemark id="0EBCD8513A40D8BC8560">
			<LookAt>
				<longitude>84.07836519170456</longitude>
				<latitude>28.14943886582203</latitude>
				<altitude>683.2837472895449</altitude>
				<heading>51.36392217653667</heading>
				<tilt>15.93562119332204</tilt>
				<gx:fovy>35</gx:fovy>
				<range>87.48045905954314</range>
				<altitudeMode>absolute</altitudeMode>
			</LookAt>
			<styleUrl>#__managed_style_21329CE9A640E2337E8C</styleUrl>
			<Point>
				<coordinates>84.07840187476104,28.14935037843947,683.1129809024998</coordinates>
			</Point>
		</Placemark>
		<Placemark id="09D5ED096A40D8C23116">
			<LookAt>
				<longitude>84.01673111320724</longitude>
				<latitude>28.15661997860175</latitude>
				<altitude>728.1312432372191</altitude>
				<heading>51.35693196772488</heading>
				<tilt>15.93564287628695</tilt>
				<gx:fovy>35</gx:fovy>
				<range>96.26378996332278</range>
				<altitudeMode>absolute</altitudeMode>
			</LookAt>
			<styleUrl>#__managed_style_21329CE9A640E2337E8C</styleUrl>
			<Point>
				<coordinates>84.01651947494101,28.15668420009344,728.8752701312219</coordinates>
			</Point>
		</Placemark>
		<Placemark id="0484AC081240D8C28543">
			<LookAt>
				<longitude>84.02066907634556</longitude>
				<latitude>28.17224515387026</latitude>
				<altitude>765.6285189021228</altitude>
				<heading>51.36354081503015</heading>
				<tilt>15.9362982184503</tilt>
				<gx:fovy>35</gx:fovy>
				<range>361.712072434093</range>
				<altitudeMode>absolute</altitudeMode>
			</LookAt>
			<styleUrl>#__managed_style_21329CE9A640E2337E8C</styleUrl>
			<Point>
				<coordinates>84.02082165270227,28.17183894734636,764.3905368997459</coordinates>
			</Point>
		</Placemark>
		<Placemark id="0A7DCFD0D940D8C2E2B8">
			<LookAt>
				<longitude>84.02365785833425</longitude>
				<latitude>28.18843890041396</latitude>
				<altitude>790.7240109979828</altitude>
				<heading>51.36672250949506</heading>
				<tilt>15.93572596736466</tilt>
				<gx:fovy>35</gx:fovy>
				<range>129.9211061072128</range>
				<altitudeMode>absolute</altitudeMode>
			</LookAt>
			<styleUrl>#__managed_style_21329CE9A640E2337E8C</styleUrl>
			<Point>
				<coordinates>84.0235289136866,28.18849191893915,791.2532375914607</coordinates>
			</Point>
		</Placemark>
		<Placemark id="021D0FDD7B40D8C32B2F">
			<LookAt>
				<longitude>84.04351466943078</longitude>
				<latitude>28.17185291196139</latitude>
				<altitude>735.9411446330654</altitude>
				<heading>51.37823362537839</heading>
				<tilt>15.93665401979503</tilt>
				<gx:fovy>35</gx:fovy>
				<range>505.8278357172094</range>
				<altitudeMode>absolute</altitudeMode>
			</LookAt>
			<styleUrl>#__managed_style_21329CE9A640E2337E8C</styleUrl>
			<Point>
				<coordinates>84.0435737968732,28.17175550925455,736.092467269197</coordinates>
			</Point>
		</Placemark>
		<Placemark id="05D567E90740D8C3737F">
			<LookAt>
				<longitude>84.05286962258599</longitude>
				<latitude>28.16997801930813</latitude>
				<altitude>728.8859376029368</altitude>
				<heading>51.3821594732902</heading>
				<tilt>15.93613211115288</tilt>
				<gx:fovy>35</gx:fovy>
				<range>294.4283127086601</range>
				<altitudeMode>absolute</altitudeMode>
			</LookAt>
			<styleUrl>#__managed_style_21329CE9A640E2337E8C</styleUrl>
			<Point>
				<coordinates>84.05281180779589,28.16996171652625,729.0328954998758</coordinates>
			</Point>
		</Placemark>
		<Placemark id="04B29067AA40D8C3B5C8">
			<LookAt>
				<longitude>84.07220884151866</longitude>
				<latitude>28.16975788282654</latitude>
				<altitude>707.2459383866764</altitude>
				<heading>51.39017330487654</heading>
				<tilt>15.93589458424387</tilt>
				<gx:fovy>35</gx:fovy>
				<range>198.217425615876</range>
				<altitudeMode>absolute</altitudeMode>
			</LookAt>
			<styleUrl>#__managed_style_21329CE9A640E2337E8C</styleUrl>
			<Point>
				<coordinates>84.07198258091418,28.16996111000355,708.8674661806535</coordinates>
			</Point>
		</Placemark>
		<Placemark id="01ECDD5BC240D8C40891">
			<LookAt>
				<longitude>84.07602861943944</longitude>
				<latitude>28.17050315807515</latitude>
				<altitude>703.5631445273438</altitude>
				<heading>51.39168623414198</heading>
				<tilt>15.93565427868411</tilt>
				<gx:fovy>35</gx:fovy>
				<range>100.8820077573546</range>
				<altitudeMode>absolute</altitudeMode>
			</LookAt>
			<styleUrl>#__managed_style_21329CE9A640E2337E8C</styleUrl>
			<Point>
				<coordinates>84.0760936659878,28.1703580070481,702.9465611374843</coordinates>
			</Point>
		</Placemark>
		<Placemark id="05CBDB11ED40D8C45110">
			<LookAt>
				<longitude>84.07948142340564</longitude>
				<latitude>28.16760102738303</latitude>
				<altitude>769.6104257316445</altitude>
				<heading>51.39182133066301</heading>
				<tilt>15.93558082203803</tilt>
				<gx:fovy>35</gx:fovy>
				<range>71.12927691760889</range>
				<altitudeMode>absolute</altitudeMode>
			</LookAt>
			<styleUrl>#__managed_style_21329CE9A640E2337E8C</styleUrl>
			<Point>
				<coordinates>84.07951072507855,28.1674809361421,768.4318786411752</coordinates>
			</Point>
		</Placemark>
		<Placemark id="0C82CE42AB40D8C49D94">
			<LookAt>
				<longitude>84.11804247748532</longitude>
				<latitude>28.1892151776279</latitude>
				<altitude>1129.991076732528</altitude>
				<heading>51.4057079833193</heading>
				<tilt>15.93577489026604</tilt>
				<gx:fovy>35</gx:fovy>
				<range>149.7455558124057</range>
				<altitudeMode>absolute</altitudeMode>
			</LookAt>
			<styleUrl>#__managed_style_21329CE9A640E2337E8C</styleUrl>
			<Point>
				<coordinates>84.11831088606519,28.18892285987733,1127.89413351325</coordinates>
			</Point>
		</Placemark>
		<Placemark id="095C35CECC40D8C4DCDF">
			<LookAt>
				<longitude>84.11247440838662</longitude>
				<latitude>28.19132389401295</latitude>
				<altitude>1132.853126201883</altitude>
				<heading>51.40451552642934</heading>
				<tilt>15.93572448480834</tilt>
				<gx:fovy>35</gx:fovy>
				<range>129.3276089092069</range>
				<altitudeMode>absolute</altitudeMode>
			</LookAt>
			<styleUrl>#__managed_style_21329CE9A640E2337E8C</styleUrl>
			<Point>
				<coordinates>84.1122204724027,28.19133253010498,1128.503721720001</coordinates>
			</Point>
		</Placemark>
		<Placemark id="0F016962DB40D8C5534C">
			<LookAt>
				<longitude>84.12476085464502</longitude>
				<latitude>28.18508399027637</latitude>
				<altitude>1059.662457620775</altitude>
				<heading>51.40784574039167</heading>
				<tilt>15.9356164117763</tilt>
				<gx:fovy>35</gx:fovy>
				<range>85.54891325609789</range>
				<altitudeMode>absolute</altitudeMode>
			</LookAt>
			<styleUrl>#__managed_style_21329CE9A640E2337E8C</styleUrl>
			<Point>
				<coordinates>84.1246402983431,28.18499020856571,1058.003405434899</coordinates>
			</Point>
		</Placemark>
		<Placemark id="0231F469FF40D8C5BB0C">
			<LookAt>
				<longitude>84.14142703331407</longitude>
				<latitude>28.18878340743005</latitude>
				<altitude>714.0870799751958</altitude>
				<heading>51.4158381751343</heading>
				<tilt>15.93556108319564</tilt>
				<gx:fovy>35</gx:fovy>
				<range>63.13350925127452</range>
				<altitudeMode>absolute</altitudeMode>
			</LookAt>
			<styleUrl>#__managed_style_21329CE9A640E2337E8C</styleUrl>
			<Point>
				<coordinates>84.14134598188697,28.18881938599485,714.6148111636568</coordinates>
			</Point>
		</Placemark>
		<Placemark id="00A01BD7B240D8C612D8">
			<LookAt>
				<longitude>84.1172728363134</longitude>
				<latitude>28.16680917373581</latitude>
				<altitude>767.3337454946528</altitude>
				<heading>51.40587785604894</heading>
				<tilt>15.93557722694259</tilt>
				<gx:fovy>35</gx:fovy>
				<range>69.67312106023202</range>
				<altitudeMode>absolute</altitudeMode>
			</LookAt>
			<styleUrl>#__managed_style_21329CE9A640E2337E8C</styleUrl>
			<Point>
				<coordinates>84.11725858967212,28.16683050414758,767.5202776259956</coordinates>
			</Point>
		</Placemark>
		<Placemark id="0A7EB304F640D8C6C6EF">
			<LookAt>
				<longitude>84.09154933356234</longitude>
				<latitude>28.16001168840655</latitude>
				<altitude>681.7090164847381</altitude>
				<heading>51.3918527353545</heading>
				<tilt>15.93555255279088</tilt>
				<gx:fovy>35</gx:fovy>
				<range>59.67802470112474</range>
				<altitudeMode>absolute</altitudeMode>
			</LookAt>
			<styleUrl>#__managed_style_21329CE9A640E2337E8C</styleUrl>
			<Point>
				<coordinates>84.09160267629368,28.15985464703952,683.0798520834704</coordinates>
			</Point>
		</Placemark>
		<Placemark id="05407C197840D8C719D8">
			<LookAt>
				<longitude>84.07916929583949</longitude>
				<latitude>28.19944625531246</latitude>
				<altitude>1208.513066813301</altitude>
				<heading>51.38545037054008</heading>
				<tilt>15.93560520508417</tilt>
				<gx:fovy>35</gx:fovy>
				<range>81.01137668543743</range>
				<altitudeMode>absolute</altitudeMode>
			</LookAt>
			<styleUrl>#__managed_style_21329CE9A640E2337E8C</styleUrl>
			<Point>
				<coordinates>84.07902722831543,28.19944669197499,1203.890301316526</coordinates>
			</Point>
		</Placemark>
		<Placemark id="089056126B40D8C787D3">
			<LookAt>
				<longitude>83.96777936505572</longitude>
				<latitude>28.1890098672071</latitude>
				<altitude>793.0127956980444</altitude>
				<heading>51.34007246820405</heading>
				<tilt>15.93587622975123</tilt>
				<gx:fovy>35</gx:fovy>
				<range>190.7857138019608</range>
				<altitudeMode>absolute</altitudeMode>
			</LookAt>
			<styleUrl>#__managed_style_21329CE9A640E2337E8C</styleUrl>
			<Point>
				<coordinates>83.96718352973907,28.18917805113091,793.3010613140722</coordinates>
			</Point>
		</Placemark>
		<Placemark id="03A2539C5740D8C7EE1B">
			<LookAt>
				<longitude>83.99722091969832</longitude>
				<latitude>28.2171964157452</latitude>
				<altitude>863.7149984153733</altitude>
				<heading>51.3463764695306</heading>
				<tilt>15.93573711820187</tilt>
				<gx:fovy>35</gx:fovy>
				<range>134.4395443360009</range>
				<altitudeMode>absolute</altitudeMode>
			</LookAt>
			<styleUrl>#__managed_style_21329CE9A640E2337E8C</styleUrl>
			<Point>
				<coordinates>83.99706350814614,28.21737924361249,863.9975294372368</coordinates>
			</Point>
		</Placemark>
		<Placemark id="08DB81DE0840D8C85F4C">
			<LookAt>
				<longitude>84.04793704724989</longitude>
				<latitude>28.2772801881672</latitude>
				<altitude>1430.491655881855</altitude>
				<heading>51.36543651847048</heading>
				<tilt>15.93632341458695</tilt>
				<gx:fovy>35</gx:fovy>
				<range>371.9568726599027</range>
				<altitudeMode>absolute</altitudeMode>
			</LookAt>
			<styleUrl>#__managed_style_21329CE9A640E2337E8C</styleUrl>
			<Point>
				<coordinates>84.04722604260755,28.27682322787016,1491.355408438622</coordinates>
			</Point>
		</Placemark>
		<Placemark id="08D7841AC940D8C8CB7E">
			<LookAt>
				<longitude>83.95174263501053</longitude>
				<latitude>28.23140438553508</latitude>
				<altitude>975.9766985711503</altitude>
				<heading>51.33906587250588</heading>
				<tilt>15.93572293137877</tilt>
				<gx:fovy>35</gx:fovy>
				<range>128.6953587650714</range>
				<altitudeMode>absolute</altitudeMode>
			</LookAt>
			<styleUrl>#__managed_style_21329CE9A640E2337E8C</styleUrl>
			<Point>
				<coordinates>83.95180485200399,28.23145900650925,978.1102840882205</coordinates>
			</Point>
		</Placemark>
		<Placemark id="06CBF57E3140D9AC1C28">
			<LookAt>
				<longitude>83.81035767881059</longitude>
				<latitude>28.21985099500525</latitude>
				<altitude>2064.415704313805</altitude>
				<heading>69.2345469295677</heading>
				<tilt>37.55602410970808</tilt>
				<gx:fovy>35</gx:fovy>
				<range>83.22937443937008</range>
				<altitudeMode>absolute</altitudeMode>
			</LookAt>
			<styleUrl>#__managed_style_1121EDCC4D40E2337E8C</styleUrl>
			<Point>
				<coordinates>83.81026600000733,28.21977173192253,2066.894882706699</coordinates>
			</Point>
		</Placemark>
	</Folder>
	<Folder id="010A9789D240D8C94126">
		<name>Water</name>
		<visibility>0</visibility>
		<styleUrl>#__managed_style_0B611D7F1240E2337E90</styleUrl>
		<Placemark id="07A97D6B8440D8CAF740">
			<LookAt>
				<longitude>84.11226516780702</longitude>
				<latitude>28.14738854852716</latitude>
				<altitude>626.9366263933166</altitude>
				<heading>51.43419773034456</heading>
				<tilt>15.9357634569055</tilt>
				<gx:fovy>35</gx:fovy>
				<range>145.1029667726471</range>
				<altitudeMode>absolute</altitudeMode>
			</LookAt>
			<styleUrl>#__managed_style_1121EDCC4D40E2337E8C</styleUrl>
			<Point>
				<coordinates>84.11253865729627,28.14703240745607,626.7378138307895</coordinates>
			</Point>
		</Placemark>
		<Placemark id="08F7DC703340D8CA2708">
			<LookAt>
				<longitude>84.11564298268488</longitude>
				<latitude>28.15746626169767</latitude>
				<altitude>629.0810063383076</altitude>
				<heading>51.43608900261631</heading>
				<tilt>15.9357473817746</tilt>
				<gx:fovy>35</gx:fovy>
				<range>138.5918576165022</range>
				<altitudeMode>absolute</altitudeMode>
			</LookAt>
			<styleUrl>#__managed_style_1121EDCC4D40E2337E8C</styleUrl>
			<Point>
				<coordinates>84.11567561537933,28.15733023935133,630.5828486137151</coordinates>
			</Point>
		</Placemark>
		<Placemark id="0DE114B2CB40D8CAC26F">
			<LookAt>
				<longitude>84.1148484900362</longitude>
				<latitude>28.1528313630126</latitude>
				<altitude>625.718352647152</altitude>
				<heading>51.43499588458091</heading>
				<tilt>15.93568944538969</tilt>
				<gx:fovy>35</gx:fovy>
				<range>115.1250481719217</range>
				<altitudeMode>absolute</altitudeMode>
			</LookAt>
			<styleUrl>#__managed_style_1121EDCC4D40E2337E8C</styleUrl>
			<Point>
				<coordinates>84.11496572196114,28.15249510074592,625.7960213046118</coordinates>
			</Point>
		</Placemark>
		<Placemark id="021B9D7BF640D8CBAE00">
			<LookAt>
				<longitude>84.1059287682655</longitude>
				<latitude>28.14596566813587</latitude>
				<altitude>626.7769890225876</altitude>
				<heading>51.43259785983232</heading>
				<tilt>15.93549885949022</tilt>
				<gx:fovy>35</gx:fovy>
				<range>37.92955032347891</range>
				<altitudeMode>absolute</altitudeMode>
			</LookAt>
			<styleUrl>#__managed_style_1121EDCC4D40E2337E8C</styleUrl>
			<Point>
				<coordinates>84.10588435950733,28.14592321294434,626.5363986872617</coordinates>
			</Point>
		</Placemark>
		<Placemark id="003CB028B740D8CBE5A0">
			<LookAt>
				<longitude>84.10868096066454</longitude>
				<latitude>28.15032633347151</latitude>
				<altitude>625.8728643251683</altitude>
				<heading>51.43447907506034</heading>
				<tilt>15.93566068492214</tilt>
				<gx:fovy>35</gx:fovy>
				<range>103.4758592569051</range>
				<altitudeMode>absolute</altitudeMode>
			</LookAt>
			<styleUrl>#__managed_style_1121EDCC4D40E2337E8C</styleUrl>
			<Point>
				<coordinates>84.10852269760011,28.15040109446732,625.8728969710094</coordinates>
			</Point>
		</Placemark>
		<Placemark id="04D1422CD640D8CC17B6">
			<LookAt>
				<longitude>84.112157038002</longitude>
				<latitude>28.15651281018893</latitude>
				<altitude>625.7183338224257</altitude>
				<heading>51.43541893504684</heading>
				<tilt>15.93547817235762</tilt>
				<gx:fovy>35</gx:fovy>
				<range>29.55037880853524</range>
				<altitudeMode>absolute</altitudeMode>
			</LookAt>
			<styleUrl>#__managed_style_1121EDCC4D40E2337E8C</styleUrl>
			<Point>
				<coordinates>84.1120803792672,28.1565413015961,625.7183455074215</coordinates>
			</Point>
		</Placemark>
		<Placemark id="017D5A83A840D8CC5EE8">
			<LookAt>
				<longitude>84.11864830621673</longitude>
				<latitude>28.16192176525801</latitude>
				<altitude>625.4092556699874</altitude>
				<heading>51.43778158018512</heading>
				<tilt>15.9357172759699</tilt>
				<gx:fovy>35</gx:fovy>
				<range>126.3976822189397</range>
				<altitudeMode>absolute</altitudeMode>
			</LookAt>
			<styleUrl>#__managed_style_1121EDCC4D40E2337E8C</styleUrl>
			<Point>
				<coordinates>84.11863124158378,28.16178526880284,625.4092811520489</coordinates>
			</Point>
		</Placemark>
		<Placemark id="0FCC90740840D8CC93FC">
			<LookAt>
				<longitude>84.122464040784</longitude>
				<latitude>28.16216111083308</latitude>
				<altitude>625.5219072822783</altitude>
				<heading>51.44009270164712</heading>
				<tilt>15.93566789551901</tilt>
				<gx:fovy>35</gx:fovy>
				<range>106.3964685522297</range>
				<altitudeMode>absolute</altitudeMode>
			</LookAt>
			<styleUrl>#__managed_style_1121EDCC4D40E2337E8C</styleUrl>
			<Point>
				<coordinates>84.12256809815932,28.16190782947561,625.4115395123134</coordinates>
			</Point>
		</Placemark>
		<Placemark id="054E2DA70940D8CCBC90">
			<LookAt>
				<longitude>84.12169197754106</longitude>
				<latitude>28.16328876062135</latitude>
				<altitude>628.2017009100069</altitude>
				<heading>51.43979537027379</heading>
				<tilt>15.9356812165862</tilt>
				<gx:fovy>35</gx:fovy>
				<range>111.7921441503859</range>
				<altitudeMode>absolute</altitudeMode>
			</LookAt>
			<styleUrl>#__managed_style_1121EDCC4D40E2337E8C</styleUrl>
			<Point>
				<coordinates>84.12140178859335,28.16344147598679,627.6168598677452</coordinates>
			</Point>
		</Placemark>
		<Placemark id="0987193A7140D8CD6B90">
			<LookAt>
				<longitude>84.11900177737763</longitude>
				<latitude>28.16403588226829</latitude>
				<altitude>628.6056337018771</altitude>
				<heading>51.44038603188054</heading>
				<tilt>15.93581811614591</tilt>
				<gx:fovy>35</gx:fovy>
				<range>167.242418279493</range>
				<altitudeMode>absolute</altitudeMode>
			</LookAt>
			<styleUrl>#__managed_style_1121EDCC4D40E2337E8C</styleUrl>
			<Point>
				<coordinates>84.11847700304322,28.1643162388641,636.5313190542057</coordinates>
			</Point>
		</Placemark>
		<Placemark id="0FE700BD8B40D8CDA063">
			<LookAt>
				<longitude>84.11900177737763</longitude>
				<latitude>28.16403588226829</latitude>
				<altitude>628.6056337018771</altitude>
				<heading>51.44038603188054</heading>
				<tilt>15.93581811614591</tilt>
				<gx:fovy>35</gx:fovy>
				<range>167.242418279493</range>
				<altitudeMode>absolute</altitudeMode>
			</LookAt>
			<styleUrl>#__managed_style_1121EDCC4D40E2337E8C</styleUrl>
			<Point>
				<coordinates>84.11902140065753,28.16383106424767,626.2807478424016</coordinates>
			</Point>
		</Placemark>
		<Placemark id="0BEAF5B12B40D8CDEA71">
			<LookAt>
				<longitude>84.11495126037204</longitude>
				<latitude>28.16795624144376</latitude>
				<altitude>692.8497354654903</altitude>
				<heading>51.44017803526435</heading>
				<tilt>15.93576223008682</tilt>
				<gx:fovy>35</gx:fovy>
				<range>144.6076035303304</range>
				<altitudeMode>absolute</altitudeMode>
			</LookAt>
			<styleUrl>#__managed_style_1121EDCC4D40E2337E8C</styleUrl>
			<Point>
				<coordinates>84.11500682051953,28.16780060822094,692.3575073386612</coordinates>
			</Point>
		</Placemark>
		<Placemark id="085636FFF740D8CE1658">
			<LookAt>
				<longitude>84.11436054963484</longitude>
				<latitude>28.16799275886838</latitude>
				<altitude>689.9658412855697</altitude>
				<heading>51.43982541500394</heading>
				<tilt>15.93552682158046</tilt>
				<gx:fovy>35</gx:fovy>
				<range>49.2559621954115</range>
				<altitudeMode>absolute</altitudeMode>
			</LookAt>
			<styleUrl>#__managed_style_1121EDCC4D40E2337E8C</styleUrl>
			<Point>
				<coordinates>84.11431157062381,28.16798806069829,689.9136190349125</coordinates>
			</Point>
		</Placemark>
		<Placemark id="0FC152CD8E40D8CE36E9">
			<LookAt>
				<longitude>84.11419636429517</longitude>
				<latitude>28.16760791158055</latitude>
				<altitude>692.0992952219484</altitude>
				<heading>51.43987488557831</heading>
				<tilt>15.93563702497505</tilt>
				<gx:fovy>35</gx:fovy>
				<range>93.8935965031942</range>
				<altitudeMode>absolute</altitudeMode>
			</LookAt>
			<styleUrl>#__managed_style_1121EDCC4D40E2337E8C</styleUrl>
			<Point>
				<coordinates>84.11408098672342,28.16749778589823,694.4448325700168</coordinates>
			</Point>
		</Placemark>
		<Placemark id="0E68E0DBB540D8CE62AC">
			<LookAt>
				<longitude>84.11348924528623</longitude>
				<latitude>28.16811731812045</latitude>
				<altitude>689.3193749548941</altitude>
				<heading>51.43992345051399</heading>
				<tilt>15.93575308664289</tilt>
				<gx:fovy>35</gx:fovy>
				<range>140.9040085734341</range>
				<altitudeMode>absolute</altitudeMode>
			</LookAt>
			<styleUrl>#__managed_style_1121EDCC4D40E2337E8C</styleUrl>
			<Point>
				<coordinates>84.11305659360104,28.16835175305226,689.2859671346637</coordinates>
			</Point>
		</Placemark>
		<Placemark id="04DA43477E40D8CE89E0">
			<LookAt>
				<longitude>84.11240674097382</longitude>
				<latitude>28.16710695470446</latitude>
				<altitude>693.745221473829</altitude>
				<heading>51.43946413246905</heading>
				<tilt>15.93563594510339</tilt>
				<gx:fovy>35</gx:fovy>
				<range>93.45622361447568</range>
				<altitudeMode>absolute</altitudeMode>
			</LookAt>
			<styleUrl>#__managed_style_1121EDCC4D40E2337E8C</styleUrl>
			<Point>
				<coordinates>84.1123354929164,28.16694986507119,699.5635372379354</coordinates>
			</Point>
		</Placemark>
		<Placemark id="0313EF909140D8CEB894">
			<LookAt>
				<longitude>84.11062856157545</longitude>
				<latitude>28.1672990163052</latitude>
				<altitude>691.5486728650621</altitude>
				<heading>51.43946505249279</heading>
				<tilt>15.93563849582646</tilt>
				<gx:fovy>35</gx:fovy>
				<range>94.4893651059374</range>
				<altitudeMode>absolute</altitudeMode>
			</LookAt>
			<styleUrl>#__managed_style_1121EDCC4D40E2337E8C</styleUrl>
			<Point>
				<coordinates>84.11047855933494,28.16711948426946,695.7390887452874</coordinates>
			</Point>
		</Placemark>
		<Placemark id="0C7595581040D8CEF938">
			<LookAt>
				<longitude>84.10674586021956</longitude>
				<latitude>28.16726912732971</latitude>
				<altitude>692.5203562201353</altitude>
				<heading>51.43826034581516</heading>
				<tilt>15.93581378428076</tilt>
				<gx:fovy>35</gx:fovy>
				<range>165.489519617513</range>
				<altitudeMode>absolute</altitudeMode>
			</LookAt>
			<styleUrl>#__managed_style_1121EDCC4D40E2337E8C</styleUrl>
			<Point>
				<coordinates>84.10664269442034,28.16677903657445,692.8494140602035</coordinates>
			</Point>
		</Placemark>
		<Placemark id="0B330EDCAF40D8CF2480">
			<LookAt>
				<longitude>84.10426288996609</longitude>
				<latitude>28.16756976653442</latitude>
				<altitude>699.6256294013456</altitude>
				<heading>51.43776743786717</heading>
				<tilt>15.93557261111251</tilt>
				<gx:fovy>35</gx:fovy>
				<range>67.80303066148917</range>
				<altitudeMode>absolute</altitudeMode>
			</LookAt>
			<styleUrl>#__managed_style_1121EDCC4D40E2337E8C</styleUrl>
			<Point>
				<coordinates>84.10411930541795,28.16750296297208,706.5709046731214</coordinates>
			</Point>
		</Placemark>
		<Placemark id="07D78E1B3540D8CF6444">
			<LookAt>
				<longitude>84.10375150234769</longitude>
				<latitude>28.17516446443551</latitude>
				<altitude>687.3391386525678</altitude>
				<heading>51.43880988000564</heading>
				<tilt>15.93563483413399</tilt>
				<gx:fovy>35</gx:fovy>
				<range>93.00617837330719</range>
				<altitudeMode>absolute</altitudeMode>
			</LookAt>
			<styleUrl>#__managed_style_1121EDCC4D40E2337E8C</styleUrl>
			<Point>
				<coordinates>84.10347473491495,28.17515306305801,690.2573192399118</coordinates>
			</Point>
		</Placemark>
		<Placemark id="057339D44340D99DAA6C">
			<LookAt>
				<longitude>84.10962498456951</longitude>
				<latitude>28.17384297056904</latitude>
				<altitude>687.4483922878937</altitude>
				<heading>51.43699437539969</heading>
				<tilt>15.93566663212936</tilt>
				<gx:fovy>35</gx:fovy>
				<range>105.885900804733</range>
				<altitudeMode>absolute</altitudeMode>
			</LookAt>
			<styleUrl>#__managed_style_1121EDCC4D40E2337E8C</styleUrl>
			<Point>
				<coordinates>84.10948878046574,28.17381996250754,687.4022742691246</coordinates>
			</Point>
		</Placemark>
		<Placemark id="0A99627C9C40D99EE647">
			<name>Untitled placemark</name>
			<LookAt>
				<longitude>84.10004169282091</longitude>
				<latitude>28.17737805725541</latitude>
				<altitude>688.6915873785467</altitude>
				<heading>51.42659410683471</heading>
				<tilt>15.93565586075852</tilt>
				<gx:fovy>35</gx:fovy>
				<range>101.5230653892468</range>
				<altitudeMode>absolute</altitudeMode>
			</LookAt>
			<styleUrl>#__managed_style_1121EDCC4D40E2337E8C</styleUrl>
			<Point>
				<coordinates>84.10015042712284,28.17720057924168,698.5853890429506</coordinates>
			</Point>
		</Placemark>
		<Placemark id="01BCE07AC640D99F26E8">
			<LookAt>
				<longitude>84.09939686684466</longitude>
				<latitude>28.18150772172024</latitude>
				<altitude>693.7403253304533</altitude>
				<heading>51.42655851882508</heading>
				<tilt>15.93558263722303</tilt>
				<gx:fovy>35</gx:fovy>
				<range>71.86414588290972</range>
				<altitudeMode>absolute</altitudeMode>
			</LookAt>
			<styleUrl>#__managed_style_1121EDCC4D40E2337E8C</styleUrl>
			<Point>
				<coordinates>84.09932590907074,28.18164679234617,692.8995254786192</coordinates>
			</Point>
		</Placemark>
		<Placemark id="05A2653CA540D99FBCB6">
			<LookAt>
				<longitude>84.09230011439774</longitude>
				<latitude>28.18605418420368</latitude>
				<altitude>686.8839677314185</altitude>
				<heading>51.41716786771241</heading>
				<tilt>15.93565072277936</tilt>
				<gx:fovy>35</gx:fovy>
				<range>99.44194874273308</range>
				<altitudeMode>absolute</altitudeMode>
			</LookAt>
			<styleUrl>#__managed_style_1121EDCC4D40E2337E8C</styleUrl>
			<Point>
				<coordinates>84.09205338016554,28.18618316594299,690.9649551498248</coordinates>
			</Point>
		</Placemark>
		<Placemark id="0FB6C0A14940D99FF85E">
			<LookAt>
				<longitude>84.09349202626947</longitude>
				<latitude>28.18865083817967</latitude>
				<altitude>690.0931093407747</altitude>
				<heading>51.4175570767591</heading>
				<tilt>15.93559697958988</tilt>
				<gx:fovy>35</gx:fovy>
				<range>77.67346630243993</range>
				<altitudeMode>absolute</altitudeMode>
			</LookAt>
			<styleUrl>#__managed_style_1121EDCC4D40E2337E8C</styleUrl>
			<Point>
				<coordinates>84.09343536544661,28.18871885858916,691.8399001903914</coordinates>
			</Point>
		</Placemark>
		<Placemark id="0B8DBF407540D9A06DC0">
			<LookAt>
				<longitude>84.09518079860669</longitude>
				<latitude>28.18853270979276</latitude>
				<altitude>686.8839975479628</altitude>
				<heading>51.41816324982003</heading>
				<tilt>15.93578173766055</tilt>
				<gx:fovy>35</gx:fovy>
				<range>152.5091600496671</range>
				<altitudeMode>absolute</altitudeMode>
			</LookAt>
			<styleUrl>#__managed_style_1121EDCC4D40E2337E8C</styleUrl>
			<Point>
				<coordinates>84.09502672921019,28.18853138968632,686.8839879340123</coordinates>
			</Point>
		</Placemark>
		<Placemark id="028B9875EF40D9A0E6B4">
			<LookAt>
				<longitude>84.09471070293635</longitude>
				<latitude>28.19017769150656</latitude>
				<altitude>690.1967275615209</altitude>
				<heading>51.41838203721836</heading>
				<tilt>15.93578215298736</tilt>
				<gx:fovy>35</gx:fovy>
				<range>152.6774757762178</range>
				<altitudeMode>absolute</altitudeMode>
			</LookAt>
			<styleUrl>#__managed_style_1121EDCC4D40E2337E8C</styleUrl>
			<Point>
				<coordinates>84.09451621282092,28.19003367042995,690.7891584145399</coordinates>
			</Point>
		</Placemark>
		<Placemark id="0A4D9A0D4540D9A1364F">
			<LookAt>
				<longitude>84.0951599516187</longitude>
				<latitude>28.19059457739831</latitude>
				<altitude>686.729454750511</altitude>
				<heading>51.41858999272254</heading>
				<tilt>15.93569193327591</tilt>
				<gx:fovy>35</gx:fovy>
				<range>116.134166081647</range>
				<altitudeMode>absolute</altitudeMode>
			</LookAt>
			<styleUrl>#__managed_style_1121EDCC4D40E2337E8C</styleUrl>
			<Point>
				<coordinates>84.0949326986871,28.1905325458941,687.3494746014306</coordinates>
			</Point>
		</Placemark>
		<Placemark id="0CAF2476E640D9A17BA4">
			<LookAt>
				<longitude>84.09537594477854</longitude>
				<latitude>28.19105524699966</latitude>
				<altitude>687.1860213142576</altitude>
				<heading>69.37123721141569</heading>
				<tilt>70.49757574689416</tilt>
				<gx:fovy>35</gx:fovy>
				<range>104.3260947230192</range>
				<altitudeMode>absolute</altitudeMode>
			</LookAt>
			<styleUrl>#__managed_style_1121EDCC4D40E2337E8C</styleUrl>
			<Point>
				<coordinates>84.09525800648494,28.19101805159836,687.4906075690026</coordinates>
			</Point>
		</Placemark>
		<Placemark id="097CE43AA740D9A1B24E">
			<LookAt>
				<longitude>84.09586960231262</longitude>
				<latitude>28.19226305783409</latitude>
				<altitude>690.3836056550321</altitude>
				<heading>69.37152618080883</heading>
				<tilt>70.49728302153109</tilt>
				<gx:fovy>35</gx:fovy>
				<range>69.79147747136267</range>
				<altitudeMode>absolute</altitudeMode>
			</LookAt>
			<styleUrl>#__managed_style_1121EDCC4D40E2337E8C</styleUrl>
			<Point>
				<coordinates>84.09574045460951,28.19245391047625,691.5420731525724</coordinates>
			</Point>
		</Placemark>
		<Placemark id="0D4EF4246C40D9A2EB20">
			<name>Untitled placemark</name>
			<LookAt>
				<longitude>84.05472712812886</longitude>
				<latitude>28.17893712425979</latitude>
				<altitude>741.7574512852233</altitude>
				<heading>69.3764660406036</heading>
				<tilt>47.80319056818779</tilt>
				<gx:fovy>35</gx:fovy>
				<range>169.4498412537178</range>
				<altitudeMode>absolute</altitudeMode>
			</LookAt>
			<styleUrl>#__managed_style_1121EDCC4D40E2337E8C</styleUrl>
			<Point>
				<coordinates>84.05440271170927,28.17894335574355,740.2022596932184</coordinates>
			</Point>
		</Placemark>
		<Placemark id="0BDD7D07D440D9A318A8">
			<LookAt>
				<longitude>84.05451424087327</longitude>
				<latitude>28.17805941617771</latitude>
				<altitude>741.3467352146725</altitude>
				<heading>69.37636550601957</heading>
				<tilt>47.80319464172074</tilt>
				<gx:fovy>35</gx:fovy>
				<range>170.0613358576266</range>
				<altitudeMode>absolute</altitudeMode>
			</LookAt>
			<styleUrl>#__managed_style_1121EDCC4D40E2337E8C</styleUrl>
			<Point>
				<coordinates>84.05417224615071,28.17800712059416,739.7525199085907</coordinates>
			</Point>
		</Placemark>
		<Placemark id="0B2235261140D9A425B0">
			<name>Untitled placemark</name>
			<LookAt>
				<longitude>84.05625044375903</longitude>
				<latitude>28.18580568043814</latitude>
				<altitude>745.3269222872584</altitude>
				<heading>69.37685418822115</heading>
				<tilt>8.745490667595883</tilt>
				<gx:fovy>35</gx:fovy>
				<range>156.2210294095348</range>
				<altitudeMode>absolute</altitudeMode>
			</LookAt>
			<styleUrl>#__managed_style_1121EDCC4D40E2337E8C</styleUrl>
			<Point>
				<coordinates>84.0559860932445,28.1859466583873,744.534204864667</coordinates>
			</Point>
		</Placemark>
		<Placemark id="0F21DE75FD40D9A46DB8">
			<LookAt>
				<longitude>84.05430688729629</longitude>
				<latitude>28.19156971881711</latitude>
				<altitude>746.9983886635687</altitude>
				<heading>69.37529310959815</heading>
				<tilt>8.745357263459814</tilt>
				<gx:fovy>35</gx:fovy>
				<range>58.64522507925358</range>
				<altitudeMode>absolute</altitudeMode>
			</LookAt>
			<styleUrl>#__managed_style_1121EDCC4D40E2337E8C</styleUrl>
			<Point>
				<coordinates>84.05427790999417,28.19161046852937,746.6842060367289</coordinates>
			</Point>
		</Placemark>
		<Placemark id="001035320840D9A527AC">
			<LookAt>
				<longitude>84.0795861962841</longitude>
				<latitude>28.09469180048206</latitude>
				<altitude>520.7380399341913</altitude>
				<heading>69.3623376831264</heading>
				<tilt>8.745479030610744</tilt>
				<gx:fovy>35</gx:fovy>
				<range>147.7043625807892</range>
				<altitudeMode>absolute</altitudeMode>
			</LookAt>
			<styleUrl>#__managed_style_1121EDCC4D40E2337E8C</styleUrl>
			<Point>
				<coordinates>84.07934978355527,28.09467385819584,520.0010955651034</coordinates>
			</Point>
		</Placemark>
		<Placemark id="0558A2D62D40D9A61449">
			<LookAt>
				<longitude>84.07820252319601</longitude>
				<latitude>28.0996573326338</latitude>
				<altitude>530.4926150437418</altitude>
				<heading>69.36182527601561</heading>
				<tilt>8.745364328541889</tilt>
				<gx:fovy>35</gx:fovy>
				<range>63.81081664856538</range>
				<altitudeMode>absolute</altitudeMode>
			</LookAt>
			<styleUrl>#__managed_style_1121EDCC4D40E2337E8C</styleUrl>
			<Point>
				<coordinates>84.07810387973596,28.09972618009475,532.310389237954</coordinates>
			</Point>
		</Placemark>
		<Placemark id="0BE7A8118C40D9A68A70">
			<LookAt>
				<longitude>84.08289602841582</longitude>
				<latitude>28.10115975897628</latitude>
				<altitude>530.7344585198878</altitude>
				<heading>69.36409599506781</heading>
				<tilt>8.745437044916223</tilt>
				<gx:fovy>35</gx:fovy>
				<range>116.9960482914394</range>
				<altitudeMode>absolute</altitudeMode>
			</LookAt>
			<styleUrl>#__managed_style_1121EDCC4D40E2337E8C</styleUrl>
			<Point>
				<coordinates>84.08281990261051,28.10120517857812,530.2407455384896</coordinates>
			</Point>
		</Placemark>
		<Placemark id="0FA88C093640D9A6CDA7">
			<LookAt>
				<longitude>84.08515411604233</longitude>
				<latitude>28.10729538355449</latitude>
				<altitude>540.5962902876697</altitude>
				<heading>69.36535191591112</heading>
				<tilt>8.745477465595501</tilt>
				<gx:fovy>35</gx:fovy>
				<range>146.5602351547932</range>
				<altitudeMode>absolute</altitudeMode>
			</LookAt>
			<styleUrl>#__managed_style_1121EDCC4D40E2337E8C</styleUrl>
			<Point>
				<coordinates>84.08504937567041,28.10763149172175,538.9250451086124</coordinates>
			</Point>
		</Placemark>
		<Placemark id="053D2B6B5040D9A70D06">
			<LookAt>
				<longitude>84.08827646614503</longitude>
				<latitude>28.11781778515581</latitude>
				<altitude>549.7006226994259</altitude>
				<heading>69.36650653964722</heading>
				<tilt>8.745422064078271</tilt>
				<gx:fovy>35</gx:fovy>
				<range>106.0393712788937</range>
				<altitudeMode>absolute</altitudeMode>
			</LookAt>
			<styleUrl>#__managed_style_1121EDCC4D40E2337E8C</styleUrl>
			<Point>
				<coordinates>84.08815862165011,28.11785253708203,550.2994608883137</coordinates>
			</Point>
		</Placemark>
		<Placemark id="09B4FD38DB40D9A73AF1">
			<LookAt>
				<longitude>84.08468538273299</longitude>
				<latitude>28.12218015839943</latitude>
				<altitude>552.4561733829654</altitude>
				<heading>69.36548998207512</heading>
				<tilt>8.745507477548786</tilt>
				<gx:fovy>35</gx:fovy>
				<range>168.5115772652352</range>
				<altitudeMode>absolute</altitudeMode>
			</LookAt>
			<styleUrl>#__managed_style_1121EDCC4D40E2337E8C</styleUrl>
			<Point>
				<coordinates>84.08451793202586,28.12238653402172,554.170193458233</coordinates>
			</Point>
		</Placemark>
		<Placemark id="0B0F33EE1440D9A770F0">
			<LookAt>
				<longitude>84.08417936722896</longitude>
				<latitude>28.12804659268317</latitude>
				<altitude>567.2233161992397</altitude>
				<heading>69.36500827934265</heading>
				<tilt>8.745421106219865</tilt>
				<gx:fovy>35</gx:fovy>
				<range>105.3391296470363</range>
				<altitudeMode>absolute</altitudeMode>
			</LookAt>
			<styleUrl>#__managed_style_1121EDCC4D40E2337E8C</styleUrl>
			<Point>
				<coordinates>84.08417778757479,28.12814417409674,568.7987022267451</coordinates>
			</Point>
		</Placemark>
		<Placemark id="0135DD6F6840D9A7A3BC">
			<LookAt>
				<longitude>84.07701967289022</longitude>
				<latitude>28.12961350640651</latitude>
				<altitude>584.0204543996819</altitude>
				<heading>69.36168044778326</heading>
				<tilt>8.745358030114101</tilt>
				<gx:fovy>35</gx:fovy>
				<range>59.20481344939617</range>
				<altitudeMode>absolute</altitudeMode>
			</LookAt>
			<styleUrl>#__managed_style_1121EDCC4D40E2337E8C</styleUrl>
			<Point>
				<coordinates>84.07692707464807,28.12967368104723,581.2516889733502</coordinates>
			</Point>
		</Placemark>
		<Placemark id="03AF36F98A40D9A7D410">
			<LookAt>
				<longitude>84.07117179142497</longitude>
				<latitude>28.13356016630741</latitude>
				<altitude>579.2360793114302</altitude>
				<heading>69.35920245220304</heading>
				<tilt>8.745597898324908</tilt>
				<gx:fovy>35</gx:fovy>
				<range>234.6471418959846</range>
				<altitudeMode>absolute</altitudeMode>
			</LookAt>
			<styleUrl>#__managed_style_1121EDCC4D40E2337E8C</styleUrl>
			<Point>
				<coordinates>84.07062911445995,28.13395253532758,574.3584767519449</coordinates>
			</Point>
		</Placemark>
		<Placemark id="0D6F88269440D9A86B2B">
			<LookAt>
				<longitude>83.93537838605515</longitude>
				<latitude>28.22571366914374</latitude>
				<altitude>799.3403276800312</altitude>
				<heading>69.29689242280656</heading>
				<tilt>8.745449560026609</tilt>
				<gx:fovy>35</gx:fovy>
				<range>126.1552792960356</range>
				<altitudeMode>absolute</altitudeMode>
			</LookAt>
			<styleUrl>#__managed_style_1121EDCC4D40E2337E8C</styleUrl>
			<Point>
				<coordinates>83.93503521665718,28.22590413627036,799.3403348367375</coordinates>
			</Point>
		</Placemark>
		<Placemark id="04980AA81240D9A899FF">
			<LookAt>
				<longitude>83.93633924402106</longitude>
				<latitude>28.22712289834476</latitude>
				<altitude>802.7507938798566</altitude>
				<heading>69.29763767651093</heading>
				<tilt>8.745347477571107</tilt>
				<gx:fovy>35</gx:fovy>
				<range>51.48845753774367</range>
				<altitudeMode>absolute</altitudeMode>
			</LookAt>
			<styleUrl>#__managed_style_1121EDCC4D40E2337E8C</styleUrl>
			<Point>
				<coordinates>83.93630848609827,28.22717624198189,802.8617635770565</coordinates>
			</Point>
		</Placemark>
		<Placemark id="06A560E47940D9A8C618">
			<LookAt>
				<longitude>83.93879537885246</longitude>
				<latitude>28.22757956050388</latitude>
				<altitude>799.3349864401714</altitude>
				<heading>69.29870704801392</heading>
				<tilt>8.745406883555786</tilt>
				<gx:fovy>35</gx:fovy>
				<range>94.94016361908507</range>
				<altitudeMode>absolute</altitudeMode>
			</LookAt>
			<styleUrl>#__managed_style_1121EDCC4D40E2337E8C</styleUrl>
			<Point>
				<coordinates>83.93883858161766,28.22761924648754,799.5552371786806</coordinates>
			</Point>
		</Placemark>
		<Placemark id="0ACCE6D56E40D9A8EC4F">
			<LookAt>
				<longitude>83.94264935747384</longitude>
				<latitude>28.22408277443087</latitude>
				<altitude>795.9405227925417</altitude>
				<heading>69.30028479851647</heading>
				<tilt>8.745422408811889</tilt>
				<gx:fovy>35</gx:fovy>
				<range>106.2958777710082</range>
				<altitudeMode>absolute</altitudeMode>
			</LookAt>
			<styleUrl>#__managed_style_1121EDCC4D40E2337E8C</styleUrl>
			<Point>
				<coordinates>83.94256108316641,28.2241333860627,795.9839657196773</coordinates>
			</Point>
		</Placemark>
		<Placemark id="044AC104F840D9A92EB0">
			<LookAt>
				<longitude>83.95628381994243</longitude>
				<latitude>28.21928063476172</latitude>
				<altitude>795.940511031155</altitude>
				<heading>69.30772984700727</heading>
				<tilt>8.74553398872882</tilt>
				<gx:fovy>35</gx:fovy>
				<range>187.9095127870096</range>
				<altitudeMode>absolute</altitudeMode>
			</LookAt>
			<styleUrl>#__managed_style_1121EDCC4D40E2337E8C</styleUrl>
			<Point>
				<coordinates>83.95629906519906,28.21933034177232,795.9405354281812</coordinates>
			</Point>
		</Placemark>
		<Placemark id="0BD7E8975E40D9A96B44">
			<LookAt>
				<longitude>83.9542370117302</longitude>
				<latitude>28.21350983086401</latitude>
				<altitude>795.9405103096842</altitude>
				<heading>69.30720482986499</heading>
				<tilt>8.745418727997338</tilt>
				<gx:fovy>35</gx:fovy>
				<range>103.6036953061739</range>
				<altitudeMode>absolute</altitudeMode>
			</LookAt>
			<styleUrl>#__managed_style_1121EDCC4D40E2337E8C</styleUrl>
			<Point>
				<coordinates>83.95415215619147,28.21343611400263,795.9405277622016</coordinates>
			</Point>
		</Placemark>
		<Placemark id="0E414C470E40D9A9A3BC">
			<LookAt>
				<longitude>83.95684947734526</longitude>
				<latitude>28.20538442488271</latitude>
				<altitude>795.9405420062963</altitude>
				<heading>69.30993264636581</heading>
				<tilt>8.745477596108689</tilt>
				<gx:fovy>35</gx:fovy>
				<range>146.6619732271829</range>
				<altitudeMode>absolute</altitudeMode>
			</LookAt>
			<styleUrl>#__managed_style_1121EDCC4D40E2337E8C</styleUrl>
			<Point>
				<coordinates>83.95685381590427,28.20550709304413,795.9405162582808</coordinates>
			</Point>
		</Placemark>
		<Placemark id="022E94EA3D40D9A9CDD0">
			<LookAt>
				<longitude>83.96161041939166</longitude>
				<latitude>28.20400819476967</latitude>
				<altitude>795.9405489423174</altitude>
				<heading>69.31231315883062</heading>
				<tilt>8.745440722171823</tilt>
				<gx:fovy>35</gx:fovy>
				<range>119.6910700121953</range>
				<altitudeMode>absolute</altitudeMode>
			</LookAt>
			<styleUrl>#__managed_style_1121EDCC4D40E2337E8C</styleUrl>
			<Point>
				<coordinates>83.96171638371294,28.20389143918595,795.9405252186638</coordinates>
			</Point>
		</Placemark>
		<Placemark id="07F88C290E40D9AA10A0">
			<LookAt>
				<longitude>83.96992990585605</longitude>
				<latitude>28.1965562032852</latitude>
				<altitude>800.1890773182981</altitude>
				<heading>69.31655368074604</heading>
				<tilt>8.74678451492723</tilt>
				<gx:fovy>35</gx:fovy>
				<range>1102.590757472935</range>
				<altitudeMode>absolute</altitudeMode>
			</LookAt>
			<styleUrl>#__managed_style_1121EDCC4D40E2337E8C</styleUrl>
			<Point>
				<coordinates>83.96896009876473,28.19787475680589,796.2315552627859</coordinates>
			</Point>
		</Placemark>
		<Placemark id="0B0DCDD3B640D9AA5516">
			<LookAt>
				<longitude>83.96940708130478</longitude>
				<latitude>28.19666870022275</latitude>
				<altitude>799.906556989762</altitude>
				<heading>69.31605192236403</heading>
				<tilt>8.745368848164926</tilt>
				<gx:fovy>35</gx:fovy>
				<range>67.11992886435837</range>
				<altitudeMode>absolute</altitudeMode>
			</LookAt>
			<styleUrl>#__managed_style_1121EDCC4D40E2337E8C</styleUrl>
			<Point>
				<coordinates>83.96929381913698,28.19666907041157,799.6298901664903</coordinates>
			</Point>
		</Placemark>
		<Placemark id="067C442FA940D9AA9474">
			<LookAt>
				<longitude>83.96790031425121</longitude>
				<latitude>28.1957097553877</latitude>
				<altitude>795.9938266225346</altitude>
				<heading>69.31543546412061</heading>
				<tilt>8.745378657978796</tilt>
				<gx:fovy>35</gx:fovy>
				<range>74.29518054135769</range>
				<altitudeMode>absolute</altitudeMode>
			</LookAt>
			<styleUrl>#__managed_style_1121EDCC4D40E2337E8C</styleUrl>
			<Point>
				<coordinates>83.96777257605348,28.19575554778878,795.9405495364697</coordinates>
			</Point>
		</Placemark>
		<Placemark id="0E6752346A40D9AAC7A6">
			<LookAt>
				<longitude>83.9679244500512</longitude>
				<latitude>28.19454268761729</latitude>
				<altitude>787.455680557637</altitude>
				<heading>69.31527035837192</heading>
				<tilt>8.745380328503147</tilt>
				<gx:fovy>35</gx:fovy>
				<range>75.51698769160795</range>
				<altitudeMode>absolute</altitudeMode>
			</LookAt>
			<styleUrl>#__managed_style_1121EDCC4D40E2337E8C</styleUrl>
			<Point>
				<coordinates>83.96784928375529,28.194566467594,787.56129160207</coordinates>
			</Point>
		</Placemark>
		<Placemark id="0E3F5FF94A40D9AAFA0F">
			<LookAt>
				<longitude>83.96796788622314</longitude>
				<latitude>28.19404277539001</latitude>
				<altitude>786.1551009153428</altitude>
				<heading>69.31529088023578</heading>
				<tilt>68.66611302889632</tilt>
				<gx:fovy>35</gx:fovy>
				<range>76.83285533445996</range>
				<altitudeMode>absolute</altitudeMode>
			</LookAt>
			<styleUrl>#__managed_style_1121EDCC4D40E2337E8C</styleUrl>
			<Point>
				<coordinates>83.96787814995949,28.19411807911528,786.2698144993343</coordinates>
			</Point>
		</Placemark>
		<Placemark id="083E386CBA40D9AD7FB4">
			<LookAt>
				<longitude>83.81025974442355</longitude>
				<latitude>28.2208635604662</latitude>
				<altitude>2050.748254102935</altitude>
				<heading>69.17014246842345</heading>
				<tilt>37.55821821932854</tilt>
				<gx:fovy>35</gx:fovy>
				<range>483.6241590825375</range>
				<altitudeMode>absolute</altitudeMode>
			</LookAt>
			<styleUrl>#__managed_style_1121EDCC4D40E2337E8C</styleUrl>
			<Point>
				<coordinates>83.81023202892128,28.21983119271367,2067.299188795988</coordinates>
			</Point>
		</Placemark>
		<Placemark id="01A1DF1DBB40D9AF5293">
			<name>Untitled placemark</name>
			<LookAt>
				<longitude>83.93665657582739</longitude>
				<latitude>28.28666566126654</latitude>
				<altitude>1006.8721733631</altitude>
				<heading>69.22411960134211</heading>
				<tilt>37.55611392802805</tilt>
				<gx:fovy>35</gx:fovy>
				<range>99.60379791906234</range>
				<altitudeMode>absolute</altitudeMode>
			</LookAt>
			<styleUrl>#__managed_style_1121EDCC4D40E2337E8C</styleUrl>
			<Point>
				<coordinates>83.93670041729932,28.28667816758792,1006.881623154987</coordinates>
			</Point>
		</Placemark>
		<Placemark id="022A3F0E0840D9AF9A24">
			<LookAt>
				<longitude>83.9338077634681</longitude>
				<latitude>28.292324611655</latitude>
				<altitude>1026.125511632938</altitude>
				<heading>69.22343962584968</heading>
				<tilt>37.55673792804841</tilt>
				<gx:fovy>35</gx:fovy>
				<range>213.4571607469115</range>
				<altitudeMode>absolute</altitudeMode>
			</LookAt>
			<styleUrl>#__managed_style_1121EDCC4D40E2337E8C</styleUrl>
			<Point>
				<coordinates>83.93339684180776,28.29216666413486,1027.905763988692</coordinates>
			</Point>
		</Placemark>
		<Placemark id="08E11757B240D9AFFDFB">
			<LookAt>
				<longitude>83.95063495166474</longitude>
				<latitude>28.27902473019635</latitude>
				<altitude>976.5862226632069</altitude>
				<heading>69.23154276370542</heading>
				<tilt>37.55618323023683</tilt>
				<gx:fovy>35</gx:fovy>
				<range>112.2478968753967</range>
				<altitudeMode>absolute</altitudeMode>
			</LookAt>
			<styleUrl>#__managed_style_1121EDCC4D40E2337E8C</styleUrl>
			<Point>
				<coordinates>83.9504964804553,28.27879285389621,976.0502165186468</coordinates>
			</Point>
		</Placemark>
		<Placemark id="052393507D40D9B07176">
			<LookAt>
				<longitude>83.9541020520272</longitude>
				<latitude>28.27584085629193</latitude>
				<altitude>985.9754224622183</altitude>
				<heading>69.23400971981577</heading>
				<tilt>37.55623879579813</tilt>
				<gx:fovy>35</gx:fovy>
				<range>122.3863235089448</range>
				<altitudeMode>absolute</altitudeMode>
			</LookAt>
			<styleUrl>#__managed_style_1121EDCC4D40E2337E8C</styleUrl>
			<Point>
				<coordinates>83.9539535628692,28.2759286348293,985.4666984938824</coordinates>
			</Point>
		</Placemark>
		<Placemark id="0727869FAA40D9B09A4C">
			<LookAt>
				<longitude>83.95486037298515</longitude>
				<latitude>28.27468839696144</latitude>
				<altitude>984.0251353600098</altitude>
				<heading>69.23440465179779</heading>
				<tilt>37.5562179544816</tilt>
				<gx:fovy>35</gx:fovy>
				<range>118.5836674923849</range>
				<altitudeMode>absolute</altitudeMode>
			</LookAt>
			<styleUrl>#__managed_style_1121EDCC4D40E2337E8C</styleUrl>
			<Point>
				<coordinates>83.95477259330723,28.27478135553804,984.6699984427772</coordinates>
			</Point>
		</Placemark>
		<Placemark id="02649D722040D9B0EDAB">
			<LookAt>
				<longitude>83.95722435023397</longitude>
				<latitude>28.26781525563926</latitude>
				<altitude>950.5067496496972</altitude>
				<heading>69.235484299802</heading>
				<tilt>37.55646749724583</tilt>
				<gx:fovy>35</gx:fovy>
				<range>164.113303300328</range>
				<altitudeMode>absolute</altitudeMode>
			</LookAt>
			<styleUrl>#__managed_style_1121EDCC4D40E2337E8C</styleUrl>
			<Point>
				<coordinates>83.95713577817376,28.2676607448793,948.2741579457601</coordinates>
			</Point>
		</Placemark>
		<Placemark id="057293C32540D9B1F261">
			<LookAt>
				<longitude>83.9821865207078</longitude>
				<latitude>28.2493826760914</latitude>
				<altitude>914.2692799179656</altitude>
				<heading>69.24779963152142</heading>
				<tilt>37.55641930915518</tilt>
				<gx:fovy>35</gx:fovy>
				<range>155.3202667768164</range>
				<altitudeMode>absolute</altitudeMode>
			</LookAt>
			<styleUrl>#__managed_style_1121EDCC4D40E2337E8C</styleUrl>
			<Point>
				<coordinates>83.98202716998189,28.24975256143597,914.3450159110764</coordinates>
			</Point>
		</Placemark>
		<Placemark id="0A4193772E40D9B27058">
			<LookAt>
				<longitude>83.99535258267747</longitude>
				<latitude>28.24100042517599</latitude>
				<altitude>853.8815682577276</altitude>
				<heading>69.25722791141929</heading>
				<tilt>66.63794432945082</tilt>
				<gx:fovy>35</gx:fovy>
				<range>80.86221145035779</range>
				<altitudeMode>absolute</altitudeMode>
			</LookAt>
			<styleUrl>#__managed_style_1121EDCC4D40E2337E8C</styleUrl>
			<Point>
				<coordinates>83.99521270770964,28.24110034407986,853.7093064769828</coordinates>
			</Point>
		</Placemark>
		<Placemark id="0B819DD97D40D9B2A793">
			<LookAt>
				<longitude>83.99693805280928</longitude>
				<latitude>28.24291836619633</latitude>
				<altitude>860.9212536411396</altitude>
				<heading>69.25862794645055</heading>
				<tilt>66.63820073136061</tilt>
				<gx:fovy>35</gx:fovy>
				<range>111.9233988955602</range>
				<altitudeMode>absolute</altitudeMode>
			</LookAt>
			<styleUrl>#__managed_style_1121EDCC4D40E2337E8C</styleUrl>
			<Point>
				<coordinates>83.99691778853429,28.24300936904547,859.5672495771498</coordinates>
			</Point>
		</Placemark>
		<Placemark id="068A66A2A240D9B2FA6C">
			<LookAt>
				<longitude>84.00531039323013</longitude>
				<latitude>28.24874360963377</latitude>
				<altitude>918.4301900889312</altitude>
				<heading>69.26245402516112</heading>
				<tilt>66.63811872333598</tilt>
				<gx:fovy>35</gx:fovy>
				<range>101.9896884083573</range>
				<altitudeMode>absolute</altitudeMode>
			</LookAt>
			<styleUrl>#__managed_style_1121EDCC4D40E2337E8C</styleUrl>
			<Point>
				<coordinates>84.0052229166233,28.2490268059783,916.9293778133641</coordinates>
			</Point>
		</Placemark>
		<Placemark id="098CB01FDF40D9B48648">
			<LookAt>
				<longitude>83.99490443927186</longitude>
				<latitude>28.21236611491517</latitude>
				<altitude>817.6794514495788</altitude>
				<heading>91.13866783357737</heading>
				<tilt>73.80990252632277</tilt>
				<gx:fovy>35</gx:fovy>
				<range>145.7964057790923</range>
				<altitudeMode>absolute</altitudeMode>
			</LookAt>
			<styleUrl>#__managed_style_1121EDCC4D40E2337E8C</styleUrl>
			<Point>
				<coordinates>83.99435881920351,28.21253964326361,815.987034508199</coordinates>
			</Point>
		</Placemark>
		<Placemark id="008C830D8E40D9B4F877">
			<LookAt>
				<longitude>84.0085918174281</longitude>
				<latitude>28.21115658017218</latitude>
				<altitude>848.4675633361294</altitude>
				<heading>91.14452411714119</heading>
				<tilt>72.19657928687099</tilt>
				<gx:fovy>35</gx:fovy>
				<range>121.4926995768292</range>
				<altitudeMode>absolute</altitudeMode>
			</LookAt>
			<styleUrl>#__managed_style_1121EDCC4D40E2337E8C</styleUrl>
			<Point>
				<coordinates>84.0082176684148,28.21129183668123,848.7766111174814</coordinates>
			</Point>
		</Placemark>
		<Placemark id="01407D4A7540D9B52073">
			<LookAt>
				<longitude>84.00840385778767</longitude>
				<latitude>28.21113557393351</latitude>
				<altitude>848.7548888376614</altitude>
				<heading>91.1440125214658</heading>
				<tilt>72.19697161899074</tilt>
				<gx:fovy>35</gx:fovy>
				<range>167.3190666005758</range>
				<altitudeMode>absolute</altitudeMode>
			</LookAt>
			<styleUrl>#__managed_style_1121EDCC4D40E2337E8C</styleUrl>
			<Point>
				<coordinates>84.00763317684792,28.2112458417365,849.0654339338056</coordinates>
			</Point>
		</Placemark>
		<Placemark id="042FFC07B440D9B5B6DC">
			<LookAt>
				<longitude>84.0524405153005</longitude>
				<latitude>28.19527876623142</latitude>
				<altitude>744.9588575589414</altitude>
				<heading>91.16856611018794</heading>
				<tilt>72.19658017325534</tilt>
				<gx:fovy>35</gx:fovy>
				<range>121.5945998924144</range>
				<altitudeMode>absolute</altitudeMode>
			</LookAt>
			<styleUrl>#__managed_style_1121EDCC4D40E2337E8C</styleUrl>
			<Point>
				<coordinates>84.05204904150558,28.19537376932775,744.9588814212306</coordinates>
			</Point>
		</Placemark>
		<Placemark id="0BED11A16440D9B5EB1C">
			<LookAt>
				<longitude>84.05350003149897</longitude>
				<latitude>28.19456100278975</latitude>
				<altitude>746.1951517329969</altitude>
				<heading>91.16941232513065</heading>
				<tilt>72.19721450053741</tilt>
				<gx:fovy>35</gx:fovy>
				<range>195.6855973722123</range>
				<altitudeMode>absolute</altitudeMode>
			</LookAt>
			<styleUrl>#__managed_style_1121EDCC4D40E2337E8C</styleUrl>
			<Point>
				<coordinates>84.05292789830433,28.19466673132987,746.0168595324734</coordinates>
			</Point>
		</Placemark>
		<Placemark id="06A643299040D9B670FC">
			<LookAt>
				<longitude>84.07036104658992</longitude>
				<latitude>28.1813599244657</latitude>
				<altitude>698.1977937806997</altitude>
				<heading>91.17856127836205</heading>
				<tilt>72.19695063342522</tilt>
				<gx:fovy>35</gx:fovy>
				<range>164.8640720987896</range>
				<altitudeMode>absolute</altitudeMode>
			</LookAt>
			<styleUrl>#__managed_style_1121EDCC4D40E2337E8C</styleUrl>
			<Point>
				<coordinates>84.06966037275254,28.18159856620088,697.0833921804248</coordinates>
			</Point>
		</Placemark>
		<Placemark id="05271E21DE40D9B6A048">
			<LookAt>
				<longitude>84.07075841086501</longitude>
				<latitude>28.17943267374422</latitude>
				<altitude>699.3034288571915</altitude>
				<heading>91.17831987612561</heading>
				<tilt>72.19618997389145</tilt>
				<gx:fovy>35</gx:fovy>
				<range>76.01797150176935</range>
				<altitudeMode>absolute</altitudeMode>
			</LookAt>
			<styleUrl>#__managed_style_1121EDCC4D40E2337E8C</styleUrl>
			<Point>
				<coordinates>84.07052774134687,28.17938417509805,698.0847016949955</coordinates>
			</Point>
		</Placemark>
		<Placemark id="03B17323FF40D9B98C8F">
			<LookAt>
				<longitude>84.12506296288545</longitude>
				<latitude>28.18596929405991</latitude>
				<altitude>1080.710116392781</altitude>
				<heading>91.24921995568906</heading>
				<tilt>37.28356199629187</tilt>
				<gx:fovy>35</gx:fovy>
				<range>93.53553735948481</range>
				<altitudeMode>absolute</altitudeMode>
			</LookAt>
			<styleUrl>#__managed_style_1121EDCC4D40E2337E8C</styleUrl>
			<Point>
				<coordinates>84.12502048257778,28.18617339450756,1084.00881764798</coordinates>
			</Point>
		</Placemark>
		<Placemark id="05BC8324DF40D9B9A958">
			<LookAt>
				<longitude>84.12485925723217</longitude>
				<latitude>28.18594535823814</latitude>
				<altitude>1080.589985733873</altitude>
				<heading>91.24909620731297</heading>
				<tilt>37.2833310232508</tilt>
				<gx:fovy>35</gx:fovy>
				<range>51.12976101005188</range>
				<altitudeMode>absolute</altitudeMode>
			</LookAt>
			<styleUrl>#__managed_style_1121EDCC4D40E2337E8C</styleUrl>
			<Point>
				<coordinates>84.12476386390126,28.18595368283141,1080.832215202493</coordinates>
			</Point>
		</Placemark>
		<Placemark id="043DFBF21440D9BC9F13">
			<LookAt>
				<longitude>84.0375960487692</longitude>
				<latitude>28.15681995099084</latitude>
				<altitude>631.4320127623531</altitude>
				<heading>91.204701433332</heading>
				<tilt>37.28393609265964</tilt>
				<gx:fovy>35</gx:fovy>
				<range>162.2067950985911</range>
				<altitudeMode>absolute</altitudeMode>
			</LookAt>
			<styleUrl>#__managed_style_1121EDCC4D40E2337E8C</styleUrl>
			<Point>
				<coordinates>84.0372992121936,28.15663420815377,628.2017191165318</coordinates>
			</Point>
		</Placemark>
		<Placemark id="07F73EA21240D9BCD14B">
			<LookAt>
				<longitude>84.03510643793517</longitude>
				<latitude>28.16741573444962</latitude>
				<altitude>664.7484163055231</altitude>
				<heading>91.20325628262935</heading>
				<tilt>37.28359273946364</tilt>
				<gx:fovy>35</gx:fovy>
				<range>99.17342466535047</range>
				<altitudeMode>absolute</altitudeMode>
			</LookAt>
			<styleUrl>#__managed_style_1121EDCC4D40E2337E8C</styleUrl>
			<Point>
				<coordinates>84.03507651129878,28.16746005069931,664.8083258022607</coordinates>
			</Point>
		</Placemark>
		<Placemark id="0F4C4A422440D9BD0170">
			<LookAt>
				<longitude>84.0343571853164</longitude>
				<latitude>28.17659656781466</latitude>
				<altitude>683.5295487114194</altitude>
				<heading>91.2022357397792</heading>
				<tilt>37.28358614136486</tilt>
				<gx:fovy>35</gx:fovy>
				<range>97.96241827640188</range>
				<altitudeMode>absolute</altitudeMode>
			</LookAt>
			<styleUrl>#__managed_style_1121EDCC4D40E2337E8C</styleUrl>
			<Point>
				<coordinates>84.03423294030969,28.17668677289709,682.7114646667804</coordinates>
			</Point>
		</Placemark>
		<Placemark id="0EA9CFA25840D9BD4A2E">
			<LookAt>
				<longitude>84.02433594616625</longitude>
				<latitude>28.20673672018987</latitude>
				<altitude>790.5904056065411</altitude>
				<heading>91.19811976800283</heading>
				<tilt>37.28396103100854</tilt>
				<gx:fovy>35</gx:fovy>
				<range>166.7892382680111</range>
				<altitudeMode>absolute</altitudeMode>
			</LookAt>
			<styleUrl>#__managed_style_1121EDCC4D40E2337E8C</styleUrl>
			<Point>
				<coordinates>84.02419917111797,28.20721938808484,784.8138836417852</coordinates>
			</Point>
		</Placemark>
	</Folder>
	<Folder id="00C227B89440D9BDDE58">
		<name>Cropland</name>
		<visibility>0</visibility>
		<styleUrl>#__managed_style_0B611D7F1240E2337E90</styleUrl>
		<Placemark id="074E3B50FE40D9BE8113">
			<LookAt>
				<longitude>83.81446548780282</longitude>
				<latitude>28.22133683847598</latitude>
				<altitude>1970.249972674848</altitude>
				<heading>33.13869853588225</heading>
				<tilt>29.68384784114946</tilt>
				<gx:fovy>35</gx:fovy>
				<range>338.6206473887432</range>
				<altitudeMode>absolute</altitudeMode>
			</LookAt>
			<styleUrl>#__managed_style_04D4037C9D40E2337E89</styleUrl>
			<Point>
				<coordinates>83.8140863026867,28.22122434123052,1980.131236480255</coordinates>
			</Point>
		</Placemark>
		<Placemark id="00DFA700F740D9BFE7D9">
			<LookAt>
				<longitude>83.82413034903881</longitude>
				<latitude>28.23171723661236</latitude>
				<altitude>1436.390640185595</altitude>
				<heading>24.74390123209305</heading>
				<tilt>28.50599349801939</tilt>
				<gx:fovy>35</gx:fovy>
				<range>133.7435326160267</range>
				<altitudeMode>absolute</altitudeMode>
			</LookAt>
			<styleUrl>#__managed_style_04D4037C9D40E2337E89</styleUrl>
			<Point>
				<coordinates>83.82411072005391,28.2314519056163,1443.517362966073</coordinates>
			</Point>
		</Placemark>
		<Placemark id="027086166640D9C03FFF">
			<LookAt>
				<longitude>83.83523460925802</longitude>
				<latitude>28.25118845417439</latitude>
				<altitude>1535.354909936857</altitude>
				<heading>24.75095176434867</heading>
				<tilt>28.5060204723243</tilt>
				<gx:fovy>35</gx:fovy>
				<range>140.0320093415212</range>
				<altitudeMode>absolute</altitudeMode>
			</LookAt>
			<styleUrl>#__managed_style_04D4037C9D40E2337E89</styleUrl>
			<Point>
				<coordinates>83.83525430718447,28.25110700052691,1532.378595648178</coordinates>
			</Point>
		</Placemark>
		<Placemark id="082C6DB5A940D9C08DAC">
			<LookAt>
				<longitude>83.83087286472922</longitude>
				<latitude>28.26388848411455</latitude>
				<altitude>1373.442247040812</altitude>
				<heading>24.7533690040846</heading>
				<tilt>28.50587104974905</tilt>
				<gx:fovy>35</gx:fovy>
				<range>105.2061945259084</range>
				<altitudeMode>absolute</altitudeMode>
			</LookAt>
			<styleUrl>#__managed_style_04D4037C9D40E2337E89</styleUrl>
			<Point>
				<coordinates>83.83076434299434,28.26382507529941,1374.143185941548</coordinates>
			</Point>
		</Placemark>
		<Placemark id="073FA6218440D9C0DA50">
			<LookAt>
				<longitude>83.8811815699471</longitude>
				<latitude>28.24813380990868</latitude>
				<altitude>816.2500158856433</altitude>
				<heading>24.77696118772529</heading>
				<tilt>28.50589040941303</tilt>
				<gx:fovy>35</gx:fovy>
				<range>109.7082925471477</range>
				<altitudeMode>absolute</altitudeMode>
			</LookAt>
			<styleUrl>#__managed_style_04D4037C9D40E2337E89</styleUrl>
			<Point>
				<coordinates>83.88087186295289,28.24806497666079,816.0050820577289</coordinates>
			</Point>
		</Placemark>
		<Placemark id="0646B0C20C40D9C16B30">
			<LookAt>
				<longitude>83.90334148133233</longitude>
				<latitude>28.25623315479067</latitude>
				<altitude>1201.964663400259</altitude>
				<heading>24.78364976942323</heading>
				<tilt>28.50575700265722</tilt>
				<gx:fovy>35</gx:fovy>
				<range>78.62592657053028</range>
				<altitudeMode>absolute</altitudeMode>
			</LookAt>
			<styleUrl>#__managed_style_04D4037C9D40E2337E89</styleUrl>
			<Point>
				<coordinates>83.90341930653791,28.25611559522549,1201.324255827599</coordinates>
			</Point>
		</Placemark>
		<Placemark id="087BFC88BB40D9C1B658">
			<LookAt>
				<longitude>83.89815221503414</longitude>
				<latitude>28.27088959197089</latitude>
				<altitude>1550.015152505661</altitude>
				<heading>24.78623775766883</heading>
				<tilt>28.50589552791907</tilt>
				<gx:fovy>35</gx:fovy>
				<range>110.913805845048</range>
				<altitudeMode>absolute</altitudeMode>
			</LookAt>
			<styleUrl>#__managed_style_04D4037C9D40E2337E89</styleUrl>
			<Point>
				<coordinates>83.89838456819419,28.27069963666774,1549.668443855621</coordinates>
			</Point>
		</Placemark>
		<Placemark id="02A5AABF0A40D9C203BB">
			<LookAt>
				<longitude>83.9101711739592</longitude>
				<latitude>28.2869256409898</latitude>
				<altitude>1105.895258257489</altitude>
				<heading>24.79220258235494</heading>
				<tilt>28.50594237609124</tilt>
				<gx:fovy>35</gx:fovy>
				<range>121.823374386895</range>
				<altitudeMode>absolute</altitudeMode>
			</LookAt>
			<styleUrl>#__managed_style_04D4037C9D40E2337E89</styleUrl>
			<Point>
				<coordinates>83.91026157240319,28.28662428562852,1097.135142001296</coordinates>
			</Point>
		</Placemark>
		<Placemark id="0B4182198F40D9C280D7">
			<LookAt>
				<longitude>83.96213635689195</longitude>
				<latitude>28.29517494097868</latitude>
				<altitude>1198.912815359433</altitude>
				<heading>24.83017646436408</heading>
				<tilt>71.73836960093823</tilt>
				<gx:fovy>35</gx:fovy>
				<range>80.59719877927819</range>
				<altitudeMode>absolute</altitudeMode>
			</LookAt>
			<styleUrl>#__managed_style_04D4037C9D40E2337E89</styleUrl>
			<Point>
				<coordinates>83.96214018278424,28.29520412693857,1200.566253033574</coordinates>
			</Point>
		</Placemark>
		<Placemark id="0C941420C440D9C2BDA0">
			<LookAt>
				<longitude>83.96806991610825</longitude>
				<latitude>28.30452323688139</latitude>
				<altitude>1326.851714655297</altitude>
				<heading>24.83377681440489</heading>
				<tilt>71.7386178828545</tilt>
				<gx:fovy>35</gx:fovy>
				<range>109.6770954984095</range>
				<altitudeMode>absolute</altitudeMode>
			</LookAt>
			<styleUrl>#__managed_style_04D4037C9D40E2337E89</styleUrl>
			<Point>
				<coordinates>83.9680856645541,28.30467311428582,1326.902527578048</coordinates>
			</Point>
		</Placemark>
		<Placemark id="03E0A58DFE40D9C3190C">
			<LookAt>
				<longitude>83.97873458618884</longitude>
				<latitude>28.30551149419407</latitude>
				<altitude>1542.043043059822</altitude>
				<heading>24.84075075857339</heading>
				<tilt>71.73825536929041</tilt>
				<gx:fovy>35</gx:fovy>
				<range>67.22276787271767</range>
				<altitudeMode>absolute</altitudeMode>
			</LookAt>
			<styleUrl>#__managed_style_04D4037C9D40E2337E89</styleUrl>
			<Point>
				<coordinates>83.97865967699633,28.30531812349348,1538.48927491389</coordinates>
			</Point>
		</Placemark>
		<Placemark id="0113964D0E40D9C3A376">
			<LookAt>
				<longitude>83.99201923316244</longitude>
				<latitude>28.3019419359279</latitude>
				<altitude>1388.065333249816</altitude>
				<heading>24.84415414186833</heading>
				<tilt>71.73865236557984</tilt>
				<gx:fovy>35</gx:fovy>
				<range>113.716707702024</range>
				<altitudeMode>absolute</altitudeMode>
			</LookAt>
			<styleUrl>#__managed_style_04D4037C9D40E2337E89</styleUrl>
			<Point>
				<coordinates>83.99191147635358,28.30187453340157,1384.070948125067</coordinates>
			</Point>
		</Placemark>
		<Placemark id="01BC77952540D9C3F8E4">
			<LookAt>
				<longitude>83.99543791733173</longitude>
				<latitude>28.28608006289366</latitude>
				<altitude>1006.294903579897</altitude>
				<heading>24.84721593841215</heading>
				<tilt>71.73946471227444</tilt>
				<gx:fovy>35</gx:fovy>
				<range>208.8449111847149</range>
				<altitudeMode>absolute</altitudeMode>
			</LookAt>
			<styleUrl>#__managed_style_04D4037C9D40E2337E89</styleUrl>
			<Point>
				<coordinates>83.99518270970238,28.28613352875497,1005.211551846926</coordinates>
			</Point>
		</Placemark>
		<Placemark id="0EF2D28A3C40D9C46321">
			<LookAt>
				<longitude>83.97553229459166</longitude>
				<latitude>28.26626447245847</latitude>
				<altitude>994.2293891739142</altitude>
				<heading>24.84164276428381</heading>
				<tilt>71.73893106302177</tilt>
				<gx:fovy>35</gx:fovy>
				<range>146.3482991862475</range>
				<altitudeMode>absolute</altitudeMode>
			</LookAt>
			<styleUrl>#__managed_style_04D4037C9D40E2337E89</styleUrl>
			<Point>
				<coordinates>83.97536007732613,28.26601942610354,995.474206601741</coordinates>
			</Point>
		</Placemark>
		<Placemark id="030CACA0D140D9C4D2FC">
			<LookAt>
				<longitude>83.97135219770472</longitude>
				<latitude>28.26346269977804</latitude>
				<altitude>990.116297648363</altitude>
				<heading>24.8398230658444</heading>
				<tilt>71.73505011796928</tilt>
				<gx:fovy>35</gx:fovy>
				<range>137.9370672569894</range>
				<altitudeMode>absolute</altitudeMode>
			</LookAt>
			<styleUrl>#__managed_style_04D4037C9D40E2337E89</styleUrl>
			<Point>
				<coordinates>83.97116323624557,28.26318522418232,990.115883901902</coordinates>
			</Point>
		</Placemark>
		<Placemark id="09E918743540D9C5CA00">
			<LookAt>
				<longitude>83.92212589935089</longitude>
				<latitude>28.23126167706635</latitude>
				<altitude>799.1935897835525</altitude>
				<heading>24.83400847729207</heading>
				<tilt>49.21814732424267</tilt>
				<gx:fovy>35</gx:fovy>
				<range>114.0882562085608</range>
				<altitudeMode>absolute</altitudeMode>
			</LookAt>
			<styleUrl>#__managed_style_04D4037C9D40E2337E89</styleUrl>
			<Point>
				<coordinates>83.92219225306758,28.23095384854455,799.1857947384349</coordinates>
			</Point>
		</Placemark>
		<Placemark id="082514F4D140D9C672A7">
			<LookAt>
				<longitude>83.90587650128661</longitude>
				<latitude>28.20546580898343</latitude>
				<altitude>1273.15695116385</altitude>
				<heading>24.82913660697204</heading>
				<tilt>80.62674600948947</tilt>
				<gx:fovy>35</gx:fovy>
				<range>91.68810306411615</range>
				<altitudeMode>absolute</altitudeMode>
			</LookAt>
			<styleUrl>#__managed_style_04D4037C9D40E2337E89</styleUrl>
			<Point>
				<coordinates>83.90594592154748,28.2053472052241,1269.41368627583</coordinates>
			</Point>
		</Placemark>
		<Placemark id="0564312CC540D9C6FD2C">
			<LookAt>
				<longitude>83.90974613148443</longitude>
				<latitude>28.19287473663883</latitude>
				<altitude>861.440208672062</altitude>
				<heading>24.83554221666672</heading>
				<tilt>56.98125908171043</tilt>
				<gx:fovy>35</gx:fovy>
				<range>147.4542646948976</range>
				<altitudeMode>absolute</altitudeMode>
			</LookAt>
			<styleUrl>#__managed_style_04D4037C9D40E2337E89</styleUrl>
			<Point>
				<coordinates>83.90924722268018,28.192721351696,861.0070376328464</coordinates>
			</Point>
		</Placemark>
		<Placemark id="0AB94FA09440D9C76D00">
			<name>Untitled placemark</name>
			<LookAt>
				<longitude>83.91521885104773</longitude>
				<latitude>28.18556447278112</latitude>
				<altitude>813.0967677276865</altitude>
				<heading>24.83858175503708</heading>
				<tilt>39.86255403186254</tilt>
				<gx:fovy>35</gx:fovy>
				<range>92.81835869689532</range>
				<altitudeMode>absolute</altitudeMode>
			</LookAt>
			<styleUrl>#__managed_style_04D4037C9D40E2337E89</styleUrl>
			<Point>
				<coordinates>83.9150069085841,28.18539017851652,819.4859103239395</coordinates>
			</Point>
		</Placemark>
		<Placemark id="0BD55C66C040D9C7A8CC">
			<LookAt>
				<longitude>83.92378735238765</longitude>
				<latitude>28.18113625153628</latitude>
				<altitude>842.8781666987413</altitude>
				<heading>24.84503776669019</heading>
				<tilt>39.86302605085506</tilt>
				<gx:fovy>35</gx:fovy>
				<range>174.7189208041709</range>
				<altitudeMode>absolute</altitudeMode>
			</LookAt>
			<styleUrl>#__managed_style_04D4037C9D40E2337E89</styleUrl>
			<Point>
				<coordinates>83.92378127462271,28.18086801423311,848.0915014448047</coordinates>
			</Point>
		</Placemark>
		<Placemark id="0ADB0AD24440D9C7F293">
			<LookAt>
				<longitude>83.93056977032956</longitude>
				<latitude>28.17966902236089</latitude>
				<altitude>794.063057151252</altitude>
				<heading>24.84926625761813</heading>
				<tilt>39.8625293766207</tilt>
				<gx:fovy>35</gx:fovy>
				<range>88.54018525747051</range>
				<altitudeMode>absolute</altitudeMode>
			</LookAt>
			<styleUrl>#__managed_style_04D4037C9D40E2337E89</styleUrl>
			<Point>
				<coordinates>83.93057331759174,28.17958776467603,795.5473009714101</coordinates>
			</Point>
		</Placemark>
		<Placemark id="01576399CC40D9C88FBE">
			<LookAt>
				<longitude>83.93284471312518</longitude>
				<latitude>28.19180255109807</latitude>
				<altitude>1044.398814909172</altitude>
				<heading>24.85224241874092</heading>
				<tilt>39.86250045741145</tilt>
				<gx:fovy>35</gx:fovy>
				<range>83.52572322478409</range>
				<altitudeMode>absolute</altitudeMode>
			</LookAt>
			<styleUrl>#__managed_style_04D4037C9D40E2337E89</styleUrl>
			<Point>
				<coordinates>83.93291327689209,28.19165709089586,1037.947519667631</coordinates>
			</Point>
		</Placemark>
		<Placemark id="0625313B0C40D9C910D3">
			<LookAt>
				<longitude>83.93092340559245</longitude>
				<latitude>28.19679202691213</latitude>
				<altitude>1269.243454010508</altitude>
				<heading>24.85249679925128</heading>
				<tilt>39.86289686970088</tilt>
				<gx:fovy>35</gx:fovy>
				<range>152.3148622342342</range>
				<altitudeMode>absolute</altitudeMode>
			</LookAt>
			<styleUrl>#__managed_style_04D4037C9D40E2337E89</styleUrl>
			<Point>
				<coordinates>83.9307563510918,28.19673504900353,1268.17431231743</coordinates>
			</Point>
		</Placemark>
		<Placemark id="0272241CB740D9C96F43">
			<LookAt>
				<longitude>83.95220676659736</longitude>
				<latitude>28.19016791758781</latitude>
				<altitude>783.1526187562514</altitude>
				<heading>24.86563524608029</heading>
				<tilt>39.86265117253335</tilt>
				<gx:fovy>35</gx:fovy>
				<range>109.6726801657314</range>
				<altitudeMode>absolute</altitudeMode>
			</LookAt>
			<styleUrl>#__managed_style_04D4037C9D40E2337E89</styleUrl>
			<Point>
				<coordinates>83.95207822724811,28.19001268733174,783.5455080755942</coordinates>
			</Point>
		</Placemark>
		<Placemark id="0557CA160240D9C9B23B">
			<LookAt>
				<longitude>83.95678610124882</longitude>
				<latitude>28.19287827523898</latitude>
				<altitude>782.4485881513434</altitude>
				<heading>24.86771396758222</heading>
				<tilt>39.86278897666394</tilt>
				<gx:fovy>35</gx:fovy>
				<range>133.5828654972647</range>
				<altitudeMode>absolute</altitudeMode>
			</LookAt>
			<styleUrl>#__managed_style_04D4037C9D40E2337E89</styleUrl>
			<Point>
				<coordinates>83.95668014361212,28.19280394672015,782.1369987546783</coordinates>
			</Point>
		</Placemark>
		<Placemark id="015FBEA83A40D9CA02CC">
			<LookAt>
				<longitude>83.95050031683591</longitude>
				<latitude>28.20029651065451</latitude>
				<altitude>1068.730567189306</altitude>
				<heading>24.86980506677351</heading>
				<tilt>39.86294877584123</tilt>
				<gx:fovy>35</gx:fovy>
				<range>161.3166478063795</range>
				<altitudeMode>absolute</altitudeMode>
			</LookAt>
			<styleUrl>#__managed_style_04D4037C9D40E2337E89</styleUrl>
			<Point>
				<coordinates>83.95051418123334,28.2001435559328,1060.16817183835</coordinates>
			</Point>
		</Placemark>
		<Placemark id="043437151340D9CA7207">
			<LookAt>
				<longitude>83.97794430845153</longitude>
				<latitude>28.20891749006992</latitude>
				<altitude>835.3105425767285</altitude>
				<heading>24.89430260695899</heading>
				<tilt>39.86283692667703</tilt>
				<gx:fovy>35</gx:fovy>
				<range>141.9037859106174</range>
				<altitudeMode>absolute</altitudeMode>
			</LookAt>
			<styleUrl>#__managed_style_04D4037C9D40E2337E89</styleUrl>
			<Point>
				<coordinates>83.97788478593165,28.20882318896408,835.090374118414</coordinates>
			</Point>
		</Placemark>
		<Placemark id="0C7491E44640D9CAD76F">
			<LookAt>
				<longitude>83.97865296468416</longitude>
				<latitude>28.20973945215457</latitude>
				<altitude>837.8267834491111</altitude>
				<heading>24.89470734374364</heading>
				<tilt>39.86271861518346</tilt>
				<gx:fovy>35</gx:fovy>
				<range>121.3756063448636</range>
				<altitudeMode>absolute</altitudeMode>
			</LookAt>
			<styleUrl>#__managed_style_04D4037C9D40E2337E89</styleUrl>
			<Point>
				<coordinates>83.97855433543013,28.20963774517921,837.031823354706</coordinates>
			</Point>
		</Placemark>
		<Placemark id="0134577C3040D9CB3A1B">
			<LookAt>
				<longitude>83.97980024392747</longitude>
				<latitude>28.21941124204995</latitude>
				<altitude>865.6136901711916</altitude>
				<heading>24.89481861149198</heading>
				<tilt>39.86259903321952</tilt>
				<gx:fovy>35</gx:fovy>
				<range>100.6273670619885</range>
				<altitudeMode>absolute</altitudeMode>
			</LookAt>
			<styleUrl>#__managed_style_04D4037C9D40E2337E89</styleUrl>
			<Point>
				<coordinates>83.97983837870711,28.21925575615325,864.3244800510022</coordinates>
			</Point>
		</Placemark>
		<Placemark id="0844645F0940D9CB76CF">
			<name>Untitled placemark</name>
			<LookAt>
				<longitude>83.97015659731282</longitude>
				<latitude>28.22506665173094</latitude>
				<altitude>861.7543210234132</altitude>
				<heading>24.89257909584934</heading>
				<tilt>39.86279693074982</tilt>
				<gx:fovy>35</gx:fovy>
				<range>134.9646560270958</range>
				<altitudeMode>absolute</altitudeMode>
			</LookAt>
			<styleUrl>#__managed_style_04D4037C9D40E2337E89</styleUrl>
			<Point>
				<coordinates>83.96989870194011,28.22485439036803,859.2505261031509</coordinates>
			</Point>
		</Placemark>
		<Placemark id="0D59AC61AD40D9CBF8F1">
			<LookAt>
				<longitude>83.97310082115487</longitude>
				<latitude>28.23060888250874</latitude>
				<altitude>967.786289117625</altitude>
				<heading>24.89454190030587</heading>
				<tilt>79.98515667263683</tilt>
				<gx:fovy>35</gx:fovy>
				<range>148.991530561234</range>
				<altitudeMode>absolute</altitudeMode>
			</LookAt>
			<styleUrl>#__managed_style_04D4037C9D40E2337E89</styleUrl>
			<Point>
				<coordinates>83.97270275114965,28.23032248206728,951.9972609847056</coordinates>
			</Point>
		</Placemark>
		<Placemark id="00F705CD5540D9CC833F">
			<LookAt>
				<longitude>84.02032684089262</longitude>
				<latitude>28.25971376686406</latitude>
				<altitude>1048.06285035674</altitude>
				<heading>24.9133100231475</heading>
				<tilt>79.43231676580288</tilt>
				<gx:fovy>35</gx:fovy>
				<range>174.937033602946</range>
				<altitudeMode>absolute</altitudeMode>
			</LookAt>
			<styleUrl>#__managed_style_04D4037C9D40E2337E89</styleUrl>
			<Point>
				<coordinates>84.02001525015373,28.25929038444567,1033.23143243877</coordinates>
			</Point>
		</Placemark>
		<Placemark id="0C15ED2B3A40D9CDC3C9">
			<LookAt>
				<longitude>84.0475268027473</longitude>
				<latitude>28.27150134774361</latitude>
				<altitude>1447.683540467179</altitude>
				<heading>-15.13117197114113</heading>
				<tilt>84.31965278716133</tilt>
				<gx:fovy>35</gx:fovy>
				<range>98.0524516611149</range>
				<altitudeMode>absolute</altitudeMode>
			</LookAt>
			<styleUrl>#__managed_style_04D4037C9D40E2337E89</styleUrl>
			<Point>
				<coordinates>84.0476482939433,28.27132256238878,1437.314855006586</coordinates>
			</Point>
		</Placemark>
		<Placemark id="0541B3A06140D9CE6DE8">
			<LookAt>
				<longitude>84.01193737099</longitude>
				<latitude>28.25915651734984</latitude>
				<altitude>1038.757849520784</altitude>
				<heading>-15.13120398726118</heading>
				<tilt>84.31997854909412</tilt>
				<gx:fovy>35</gx:fovy>
				<range>134.4540419244004</range>
				<altitudeMode>absolute</altitudeMode>
			</LookAt>
			<styleUrl>#__managed_style_04D4037C9D40E2337E89</styleUrl>
			<Point>
				<coordinates>84.01217952531118,28.25871845748041,1027.273905044351</coordinates>
			</Point>
		</Placemark>
		<Placemark id="09DAC0CB8D40D9CEBBBB">
			<LookAt>
				<longitude>84.00334427929154</longitude>
				<latitude>28.22765022460898</latitude>
				<altitude>885.2257687379423</altitude>
				<heading>-15.12940151441936</heading>
				<tilt>84.32192214081127</tilt>
				<gx:fovy>35</gx:fovy>
				<range>351.6656261036042</range>
				<altitudeMode>absolute</altitudeMode>
			</LookAt>
			<styleUrl>#__managed_style_04D4037C9D40E2337E89</styleUrl>
			<Point>
				<coordinates>84.00391582426634,28.22600599412556,880.7932733899253</coordinates>
			</Point>
		</Placemark>
		<Placemark id="0191DF2BCB40D9CF5494">
			<LookAt>
				<longitude>84.00518038985051</longitude>
				<latitude>28.21096623172926</latitude>
				<altitude>852.6245852115804</altitude>
				<heading>-15.12899663338835</heading>
				<tilt>73.42555422259214</tilt>
				<gx:fovy>35</gx:fovy>
				<range>154.5148104326654</range>
				<altitudeMode>absolute</altitudeMode>
			</LookAt>
			<styleUrl>#__managed_style_04D4037C9D40E2337E89</styleUrl>
			<Point>
				<coordinates>84.00530958061664,28.21064912133317,851.7984046262985</coordinates>
			</Point>
		</Placemark>
		<Placemark id="0B7A05E2EF40D9CFB521">
			<LookAt>
				<longitude>84.01225363657548</longitude>
				<latitude>28.20379768633152</latitude>
				<altitude>832.9894071100125</altitude>
				<heading>-15.12534488582661</heading>
				<tilt>73.42584183674633</tilt>
				<gx:fovy>35</gx:fovy>
				<range>187.8866480852412</range>
				<altitudeMode>absolute</altitudeMode>
			</LookAt>
			<styleUrl>#__managed_style_04D4037C9D40E2337E89</styleUrl>
			<Point>
				<coordinates>84.01258518647056,28.20312682786416,829.6009519353063</coordinates>
			</Point>
		</Placemark>
		<Placemark id="02C132914640D9D080C9">
			<LookAt>
				<longitude>84.01585272657971</longitude>
				<latitude>28.13001432185932</latitude>
				<altitude>722.391304733614</altitude>
				<heading>-31.88221692143403</heading>
				<tilt>50.63498645044447</tilt>
				<gx:fovy>35</gx:fovy>
				<range>214.1560117228074</range>
				<altitudeMode>absolute</altitudeMode>
			</LookAt>
			<styleUrl>#__managed_style_04D4037C9D40E2337E89</styleUrl>
			<Point>
				<coordinates>84.01623236979397,28.12990137892779,726.1297461162098</coordinates>
			</Point>
		</Placemark>
		<Placemark id="0C019ACC0140D9D16FF6">
			<LookAt>
				<longitude>84.00697864292616</longitude>
				<latitude>28.17791535636696</latitude>
				<altitude>783.2625659271985</altitude>
				<heading>51.59221665334276</heading>
				<tilt>32.65914211051713</tilt>
				<gx:fovy>35</gx:fovy>
				<range>415.1666161927278</range>
				<altitudeMode>absolute</altitudeMode>
			</LookAt>
			<styleUrl>#__managed_style_04D4037C9D40E2337E89</styleUrl>
			<Point>
				<coordinates>84.00622493412263,28.17816918939491,784.1266073134267</coordinates>
			</Point>
		</Placemark>
		<Placemark id="00B91FA4FD40D9D1BB41">
			<LookAt>
				<longitude>84.02434608798139</longitude>
				<latitude>28.16676972205095</latitude>
				<altitude>750.00709583157</altitude>
				<heading>51.59954110844279</heading>
				<tilt>32.65778461268292</tilt>
				<gx:fovy>35</gx:fovy>
				<range>135.3980887239232</range>
				<altitudeMode>absolute</altitudeMode>
			</LookAt>
			<styleUrl>#__managed_style_04D4037C9D40E2337E89</styleUrl>
			<Point>
				<coordinates>84.02428448515897,28.166562914013,749.522807994639</coordinates>
			</Point>
		</Placemark>
		<Placemark id="0143AF1B9A40D9D24268">
			<LookAt>
				<longitude>83.97692512432305</longitude>
				<latitude>28.14513748702312</latitude>
				<altitude>677.6810693360108</altitude>
				<heading>51.58238998931333</heading>
				<tilt>76.10044367593437</tilt>
				<gx:fovy>35</gx:fovy>
				<range>202.7116316645333</range>
				<altitudeMode>absolute</altitudeMode>
			</LookAt>
			<styleUrl>#__managed_style_04D4037C9D40E2337E89</styleUrl>
			<Point>
				<coordinates>83.97668149994672,28.14480891195762,665.7362238301148</coordinates>
			</Point>
		</Placemark>
		<Placemark id="081A5A08EB40D9D301F4">
			<LookAt>
				<longitude>83.95553154990132</longitude>
				<latitude>28.14476985923154</latitude>
				<altitude>768.6572651772307</altitude>
				<heading>51.57752849051941</heading>
				<tilt>65.35510748995038</tilt>
				<gx:fovy>35</gx:fovy>
				<range>145.4937990418512</range>
				<altitudeMode>absolute</altitudeMode>
			</LookAt>
			<styleUrl>#__managed_style_04D4037C9D40E2337E89</styleUrl>
			<Point>
				<coordinates>83.95509803585732,28.14492463468747,770.9461178638797</coordinates>
			</Point>
		</Placemark>
		<Placemark id="0A7361F15C40D9D38628">
			<LookAt>
				<longitude>83.94327471205311</longitude>
				<latitude>28.15682338168873</latitude>
				<altitude>1160.106604621033</altitude>
				<heading>51.57716885450196</heading>
				<tilt>81.89734955032668</tilt>
				<gx:fovy>35</gx:fovy>
				<range>108.2934971158284</range>
				<altitudeMode>absolute</altitudeMode>
			</LookAt>
			<styleUrl>#__managed_style_04D4037C9D40E2337E89</styleUrl>
			<Point>
				<coordinates>83.94299720193854,28.1566760178002,1153.755890375591</coordinates>
			</Point>
		</Placemark>
		<Placemark id="0FD6F0A9EA40D9D47568">
			<LookAt>
				<longitude>83.97487500370521</longitude>
				<latitude>28.15643999534347</latitude>
				<altitude>1030.92355102934</altitude>
				<heading>52.61353037253028</heading>
				<tilt>69.63168545165473</tilt>
				<gx:fovy>35</gx:fovy>
				<range>155.9826478001196</range>
				<altitudeMode>absolute</altitudeMode>
			</LookAt>
			<styleUrl>#__managed_style_04D4037C9D40E2337E89</styleUrl>
			<Point>
				<coordinates>83.9744994640845,28.1564862887663,1020.453665405094</coordinates>
			</Point>
		</Placemark>
		<Placemark id="0E9FC3B0E040D9D5990B">
			<LookAt>
				<longitude>84.00198261256013</longitude>
				<latitude>28.13733448396121</latitude>
				<altitude>744.8883240965856</altitude>
				<heading>52.61037453801371</heading>
				<tilt>76.34274384318722</tilt>
				<gx:fovy>35</gx:fovy>
				<range>463.9675615519083</range>
				<altitudeMode>absolute</altitudeMode>
			</LookAt>
			<styleUrl>#__managed_style_04D4037C9D40E2337E89</styleUrl>
			<Point>
				<coordinates>84.00098238196328,28.13629162429914,719.6642967770471</coordinates>
			</Point>
		</Placemark>
		<Placemark id="04A5DD94B840D9D5F517">
			<LookAt>
				<longitude>84.00460860203681</longitude>
				<latitude>28.14864328190087</latitude>
				<altitude>978.4596438770675</altitude>
				<heading>52.6168738064296</heading>
				<tilt>76.33973220309943</tilt>
				<gx:fovy>35</gx:fovy>
				<range>119.3020571845409</range>
				<altitudeMode>absolute</altitudeMode>
			</LookAt>
			<styleUrl>#__managed_style_04D4037C9D40E2337E89</styleUrl>
			<Point>
				<coordinates>84.00419196090407,28.14853653046123,977.6490434992872</coordinates>
			</Point>
		</Placemark>
		<Placemark id="08644D3A0140D9D64980">
			<LookAt>
				<longitude>83.99371459032272</longitude>
				<latitude>28.14705899412696</latitude>
				<altitude>888.7741959509931</altitude>
				<heading>52.61692947599032</heading>
				<tilt>76.33947978621603</tilt>
				<gx:fovy>35</gx:fovy>
				<range>90.41163734017573</range>
				<altitudeMode>absolute</altitudeMode>
			</LookAt>
			<styleUrl>#__managed_style_04D4037C9D40E2337E89</styleUrl>
			<Point>
				<coordinates>83.99363886819594,28.14725541274353,885.8304836181819</coordinates>
			</Point>
		</Placemark>
		<Placemark id="0E447A30A640D9D6E11C">
			<LookAt>
				<longitude>84.0450469019507</longitude>
				<latitude>28.15747559827182</latitude>
				<altitude>703.978375436941</altitude>
				<heading>52.63518688765512</heading>
				<tilt>76.33987194091976</tilt>
				<gx:fovy>35</gx:fovy>
				<range>135.28923512853</range>
				<altitudeMode>absolute</altitudeMode>
			</LookAt>
			<styleUrl>#__managed_style_04D4037C9D40E2337E89</styleUrl>
			<Point>
				<coordinates>84.04489021853702,28.15716216920929,697.706400074326</coordinates>
			</Point>
		</Placemark>
		<Placemark id="0722E0602640D9D72A1C">
			<LookAt>
				<longitude>84.05013912249403</longitude>
				<latitude>28.16390551062283</latitude>
				<altitude>718.3879678071673</altitude>
				<heading>52.63925735165977</heading>
				<tilt>76.34133147848411</tilt>
				<gx:fovy>35</gx:fovy>
				<range>302.3269604392772</range>
				<altitudeMode>absolute</altitudeMode>
			</LookAt>
			<styleUrl>#__managed_style_04D4037C9D40E2337E89</styleUrl>
			<Point>
				<coordinates>84.04876361540111,28.16349779033028,721.2216779873067</coordinates>
			</Point>
		</Placemark>
		<Placemark id="07031B395240D9D77667">
			<LookAt>
				<longitude>84.06001883972304</longitude>
				<latitude>28.17302980039328</latitude>
				<altitude>725.1688155502964</altitude>
				<heading>52.64396240865989</heading>
				<tilt>76.34078991807586</tilt>
				<gx:fovy>35</gx:fovy>
				<range>240.3480896553083</range>
				<altitudeMode>absolute</altitudeMode>
			</LookAt>
			<styleUrl>#__managed_style_04D4037C9D40E2337E89</styleUrl>
			<Point>
				<coordinates>84.05905526228123,28.17267796280225,726.1043536669265</coordinates>
			</Point>
		</Placemark>
		<Placemark id="0E4892174E40D9D7C6D0">
			<LookAt>
				<longitude>84.07247223076392</longitude>
				<latitude>28.1852924928819</latitude>
				<altitude>737.558841420544</altitude>
				<heading>52.65164555118622</heading>
				<tilt>76.33994011003267</tilt>
				<gx:fovy>35</gx:fovy>
				<range>143.0916147002063</range>
				<altitudeMode>absolute</altitudeMode>
			</LookAt>
			<styleUrl>#__managed_style_04D4037C9D40E2337E89</styleUrl>
			<Point>
				<coordinates>84.07221312565007,28.18539386837685,732.4030129679337</coordinates>
			</Point>
		</Placemark>
		<Placemark id="02B6B9DC5140D9D83B01">
			<LookAt>
				<longitude>84.06306655283501</longitude>
				<latitude>28.20307200238306</latitude>
				<altitude>839.1027272356956</altitude>
				<heading>52.65507453952401</heading>
				<tilt>76.33996883060864</tilt>
				<gx:fovy>35</gx:fovy>
				<range>146.380898479747</range>
				<altitudeMode>absolute</altitudeMode>
			</LookAt>
			<styleUrl>#__managed_style_04D4037C9D40E2337E89</styleUrl>
			<Point>
				<coordinates>84.06254143225412,28.20277085130268,828.9615774577372</coordinates>
			</Point>
		</Placemark>
		<Placemark id="0BAEFF2D7740D9D893E9">
			<LookAt>
				<longitude>84.03809972747902</longitude>
				<latitude>28.19825579867926</latitude>
				<altitude>811.2852548097252</altitude>
				<heading>52.64522784048852</heading>
				<tilt>76.3396142918665</tilt>
				<gx:fovy>35</gx:fovy>
				<range>105.8043272437862</range>
				<altitudeMode>absolute</altitudeMode>
			</LookAt>
			<styleUrl>#__managed_style_04D4037C9D40E2337E89</styleUrl>
			<Point>
				<coordinates>84.03800697317818,28.19820125695702,808.7368798523836</coordinates>
			</Point>
		</Placemark>
		<Placemark id="015B09AC1340D9D94140">
			<name>Untitled placemark</name>
			<LookAt>
				<longitude>84.02791940249014</longitude>
				<latitude>28.12773540410821</latitude>
				<altitude>945.5437821187753</altitude>
				<heading>52.66071135623872</heading>
				<tilt>73.55145307083212</tilt>
				<gx:fovy>35</gx:fovy>
				<range>153.3654101028151</range>
				<altitudeMode>absolute</altitudeMode>
			</LookAt>
			<styleUrl>#__managed_style_04D4037C9D40E2337E89</styleUrl>
			<Point>
				<coordinates>84.02742777942854,28.12757949795719,941.2619786533646</coordinates>
			</Point>
		</Placemark>
		<Placemark id="0E5EFEBC2940D9D995D1">
			<name>Untitled placemark</name>
			<LookAt>
				<longitude>84.03206327702441</longitude>
				<latitude>28.1113743388701</latitude>
				<altitude>673.861671866689</altitude>
				<heading>52.65908153128317</heading>
				<tilt>73.55210619843638</tilt>
				<gx:fovy>35</gx:fovy>
				<range>229.09103095506</range>
				<altitudeMode>absolute</altitudeMode>
			</LookAt>
			<styleUrl>#__managed_style_04D4037C9D40E2337E89</styleUrl>
			<Point>
				<coordinates>84.0313392769027,28.11087065044772,669.3239642975741</coordinates>
			</Point>
		</Placemark>
		<Placemark id="038DC6B08040D9D9D354">
			<LookAt>
				<longitude>84.04241014518749</longitude>
				<latitude>28.11049261952424</latitude>
				<altitude>849.2858659326287</altitude>
				<heading>52.66717485605532</heading>
				<tilt>73.5512129330661</tilt>
				<gx:fovy>35</gx:fovy>
				<range>125.5176171824496</range>
				<altitudeMode>absolute</altitudeMode>
			</LookAt>
			<styleUrl>#__managed_style_04D4037C9D40E2337E89</styleUrl>
			<Point>
				<coordinates>84.04218025481751,28.11035945059209,845.364176891341</coordinates>
			</Point>
		</Placemark>
		<Placemark id="0300C24EC240D9DA2917">
			<LookAt>
				<longitude>84.06714409426576</longitude>
				<latitude>28.09059454464268</latitude>
				<altitude>588.5140257564327</altitude>
				<heading>52.67868111051237</heading>
				<tilt>73.55157403430923</tilt>
				<gx:fovy>35</gx:fovy>
				<range>167.3827122884177</range>
				<altitudeMode>absolute</altitudeMode>
			</LookAt>
			<styleUrl>#__managed_style_04D4037C9D40E2337E89</styleUrl>
			<Point>
				<coordinates>84.06680143117208,28.08998427897798,585.2531729919099</coordinates>
			</Point>
		</Placemark>
		<Placemark id="0177C1340640D9DA73CC">
			<LookAt>
				<longitude>84.07026708305553</longitude>
				<latitude>28.08708741399334</latitude>
				<altitude>574.8719188414726</altitude>
				<heading>52.68017859414228</heading>
				<tilt>73.55113776053248</tilt>
				<gx:fovy>35</gx:fovy>
				<range>116.7958633657691</range>
				<altitudeMode>absolute</altitudeMode>
			</LookAt>
			<styleUrl>#__managed_style_04D4037C9D40E2337E89</styleUrl>
			<Point>
				<coordinates>84.07002637071108,28.0869292195166,568.7053934047406</coordinates>
			</Point>
		</Placemark>
		<Placemark id="02C45D8EDF40D9DB0F00">
			<LookAt>
				<longitude>84.08524869292837</longitude>
				<latitude>28.09628665815178</latitude>
				<altitude>573.3018905401395</altitude>
				<heading>52.68075763881392</heading>
				<tilt>73.55233500964886</tilt>
				<gx:fovy>35</gx:fovy>
				<range>255.6183496847007</range>
				<altitudeMode>absolute</altitudeMode>
			</LookAt>
			<styleUrl>#__managed_style_04D4037C9D40E2337E89</styleUrl>
			<Point>
				<coordinates>84.08422448377161,28.09617078757802,584.0818458552035</coordinates>
			</Point>
		</Placemark>
		<Placemark id="0BB7FAD46740D9DB5FDF">
			<LookAt>
				<longitude>84.09172395388642</longitude>
				<latitude>28.1045504008957</latitude>
				<altitude>612.2881543612427</altitude>
				<heading>52.6847103154502</heading>
				<tilt>73.55158367325738</tilt>
				<gx:fovy>35</gx:fovy>
				<range>168.5009966911275</range>
				<altitudeMode>absolute</altitudeMode>
			</LookAt>
			<styleUrl>#__managed_style_04D4037C9D40E2337E89</styleUrl>
			<Point>
				<coordinates>84.09103342450815,28.10443416532544,618.6638899144732</coordinates>
			</Point>
		</Placemark>
		<Placemark id="0977DC40E840D9DBAF6C">
			<LookAt>
				<longitude>84.10113803295462</longitude>
				<latitude>28.11327425664814</latitude>
				<altitude>635.4327243291307</altitude>
				<heading>52.68968279783137</heading>
				<tilt>73.55223490510215</tilt>
				<gx:fovy>35</gx:fovy>
				<range>244.0134879284597</range>
				<altitudeMode>absolute</altitudeMode>
			</LookAt>
			<styleUrl>#__managed_style_04D4037C9D40E2337E89</styleUrl>
			<Point>
				<coordinates>84.10046790709434,28.11303616892441,635.4545205441344</coordinates>
			</Point>
		</Placemark>
		<Placemark id="02CC8EB39F40D9DC1C10">
			<LookAt>
				<longitude>84.11150147250856</longitude>
				<latitude>28.1165974759437</latitude>
				<altitude>632.5761135689102</altitude>
				<heading>52.69782714267011</heading>
				<tilt>73.55139334782805</tilt>
				<gx:fovy>35</gx:fovy>
				<range>146.4328510687119</range>
				<altitudeMode>absolute</altitudeMode>
			</LookAt>
			<styleUrl>#__managed_style_04D4037C9D40E2337E89</styleUrl>
			<Point>
				<coordinates>84.11113890316898,28.11618514295453,630.7733123344722</coordinates>
			</Point>
		</Placemark>
		<Placemark id="0847C4695540D9DC5636">
			<LookAt>
				<longitude>84.1187201165724</longitude>
				<latitude>28.11796886665746</latitude>
				<altitude>739.9346295661103</altitude>
				<heading>52.70288398624843</heading>
				<tilt>73.55131211116924</tilt>
				<gx:fovy>35</gx:fovy>
				<range>137.0155954392431</range>
				<altitudeMode>absolute</altitudeMode>
			</LookAt>
			<styleUrl>#__managed_style_04D4037C9D40E2337E89</styleUrl>
			<Point>
				<coordinates>84.11838747551269,28.11780959627242,725.5763991252884</coordinates>
			</Point>
		</Placemark>
		<Placemark id="0F903CE7D440D9DCF504">
			<LookAt>
				<longitude>84.12074103569118</longitude>
				<latitude>28.12370580442072</latitude>
				<altitude>644.3465703008766</altitude>
				<heading>52.70345195733033</heading>
				<tilt>13.94996664353713</tilt>
				<gx:fovy>35</gx:fovy>
				<range>166.6320709667525</range>
				<altitudeMode>absolute</altitudeMode>
			</LookAt>
			<styleUrl>#__managed_style_04D4037C9D40E2337E89</styleUrl>
			<Point>
				<coordinates>84.12072266063204,28.12374108181998,645.1666745228437</coordinates>
			</Point>
		</Placemark>
		<Placemark id="0A66A41F7940D9DD35C0">
			<LookAt>
				<longitude>84.11481675978759</longitude>
				<latitude>28.12935523525422</latitude>
				<altitude>781.1222150918237</altitude>
				<heading>52.70339355929908</heading>
				<tilt>13.94983276177148</tilt>
				<gx:fovy>35</gx:fovy>
				<range>104.8738393398889</range>
				<altitudeMode>absolute</altitudeMode>
			</LookAt>
			<styleUrl>#__managed_style_04D4037C9D40E2337E89</styleUrl>
			<Point>
				<coordinates>84.1147359468665,28.12926313713286,782.6948715637324</coordinates>
			</Point>
		</Placemark>
		<Placemark id="0F5CAD8D4540D9DD98B0">
			<LookAt>
				<longitude>84.09352454579032</longitude>
				<latitude>28.14877968163145</latitude>
				<altitude>664.4097113881177</altitude>
				<heading>52.70389437445754</heading>
				<tilt>13.94990847915664</tilt>
				<gx:fovy>35</gx:fovy>
				<range>139.800940264704</range>
				<altitudeMode>absolute</altitudeMode>
			</LookAt>
			<styleUrl>#__managed_style_04D4037C9D40E2337E89</styleUrl>
			<Point>
				<coordinates>84.09346365010019,28.14859716921068,663.9907513408532</coordinates>
			</Point>
		</Placemark>
		<Placemark id="02F3E5C65140D9DE1490">
			<LookAt>
				<longitude>84.11933005698945</longitude>
				<latitude>28.17978727209024</latitude>
				<altitude>878.7585483367905</altitude>
				<heading>52.71948562935616</heading>
				<tilt>13.94980855532205</tilt>
				<gx:fovy>35</gx:fovy>
				<range>93.70848860590741</range>
				<altitudeMode>absolute</altitudeMode>
			</LookAt>
			<styleUrl>#__managed_style_04D4037C9D40E2337E89</styleUrl>
			<Point>
				<coordinates>84.11921674431771,28.17978878296147,874.612023493386</coordinates>
			</Point>
		</Placemark>
		<Placemark id="0C5647B83F40D9DE9124">
			<LookAt>
				<longitude>84.13680428045694</longitude>
				<latitude>28.18943547882359</latitude>
				<altitude>756.2477511530857</altitude>
				<heading>52.72570134261998</heading>
				<tilt>73.59647813880358</tilt>
				<gx:fovy>35</gx:fovy>
				<range>237.6658851469983</range>
				<altitudeMode>absolute</altitudeMode>
			</LookAt>
			<styleUrl>#__managed_style_04D4037C9D40E2337E89</styleUrl>
			<Point>
				<coordinates>84.13626048006579,28.18940319152614,751.9263888927439</coordinates>
			</Point>
		</Placemark>
		<Placemark id="0F2518C55340D9DF2544">
			<LookAt>
				<longitude>84.12243898033633</longitude>
				<latitude>28.19843579939025</latitude>
				<altitude>960.5673778459413</altitude>
				<heading>79.28303242825388</heading>
				<tilt>7.142561489544429</tilt>
				<gx:fovy>35</gx:fovy>
				<range>79.77459101160093</range>
				<altitudeMode>absolute</altitudeMode>
			</LookAt>
			<styleUrl>#__managed_style_04D4037C9D40E2337E89</styleUrl>
			<Point>
				<coordinates>84.12239705805359,28.19843550781412,962.1426913995947</coordinates>
			</Point>
		</Placemark>
		<Placemark id="0C896CC8E140D9DF9046">
			<LookAt>
				<longitude>84.07209766209954</longitude>
				<latitude>28.16154897638186</latitude>
				<altitude>703.4069642404193</altitude>
				<heading>79.24920275206745</heading>
				<tilt>7.142644160402318</tilt>
				<gx:fovy>35</gx:fovy>
				<range>153.7124830644279</range>
				<altitudeMode>absolute</altitudeMode>
			</LookAt>
			<styleUrl>#__managed_style_04D4037C9D40E2337E89</styleUrl>
			<Point>
				<coordinates>84.07201725522614,28.1617433128627,703.8718290100112</coordinates>
			</Point>
		</Placemark>
		<Placemark id="07D47CCD4240D9DFDD74">
			<LookAt>
				<longitude>84.09654383228533</longitude>
				<latitude>28.19943061018487</latitude>
				<altitude>794.0965089684623</altitude>
				<heading>79.26143425071724</heading>
				<tilt>7.142661541025568</tilt>
				<gx:fovy>35</gx:fovy>
				<range>169.2602137245558</range>
				<altitudeMode>absolute</altitudeMode>
			</LookAt>
			<styleUrl>#__managed_style_04D4037C9D40E2337E89</styleUrl>
			<Point>
				<coordinates>84.09650237938924,28.1996137024389,802.475203601187</coordinates>
			</Point>
		</Placemark>
		<Placemark id="0AD55118CF40D9E0BBC0">
			<LookAt>
				<longitude>83.99756345845408</longitude>
				<latitude>28.19437053172121</latitude>
				<altitude>815.989357997461</altitude>
				<heading>79.17267590551985</heading>
				<tilt>7.142598679718985</tilt>
				<gx:fovy>35</gx:fovy>
				<range>113.0389019863469</range>
				<altitudeMode>absolute</altitudeMode>
			</LookAt>
			<styleUrl>#__managed_style_04D4037C9D40E2337E89</styleUrl>
			<Point>
				<coordinates>83.99736670143255,28.19448731439129,816.7534521698784</coordinates>
			</Point>
		</Placemark>
		<Placemark id="077515940740D9E14BA0">
			<LookAt>
				<longitude>84.0399208797599</longitude>
				<latitude>28.22716543525902</latitude>
				<altitude>1061.307178818564</altitude>
				<heading>79.18599184934409</heading>
				<tilt>68.23439089572032</tilt>
				<gx:fovy>35</gx:fovy>
				<range>112.8275222801858</range>
				<altitudeMode>absolute</altitudeMode>
			</LookAt>
			<styleUrl>#__managed_style_04D4037C9D40E2337E89</styleUrl>
			<Point>
				<coordinates>84.03993793170142,28.22707056796156,1059.16511373348</coordinates>
			</Point>
		</Placemark>
		<Placemark id="08D96B063740D9E1D4F8">
			<LookAt>
				<longitude>83.86700549930021</longitude>
				<latitude>28.2262706929813</latitude>
				<altitude>1232.343806415959</altitude>
				<heading>79.09846090324262</heading>
				<tilt>68.23490320513865</tilt>
				<gx:fovy>35</gx:fovy>
				<range>174.1820812477999</range>
				<altitudeMode>absolute</altitudeMode>
			</LookAt>
			<styleUrl>#__managed_style_04D4037C9D40E2337E89</styleUrl>
			<Point>
				<coordinates>83.86668595911435,28.22607069073089,1222.260823023372</coordinates>
			</Point>
		</Placemark>
		<Placemark id="06AB37D2B340D9E22BD4">
			<LookAt>
				<longitude>83.88606397171802</longitude>
				<latitude>28.21067291269542</latitude>
				<altitude>1517.620891732412</altitude>
				<heading>79.11638686184057</heading>
				<tilt>68.2360948356754</tilt>
				<gx:fovy>35</gx:fovy>
				<range>316.8997833263347</range>
				<altitudeMode>absolute</altitudeMode>
			</LookAt>
			<styleUrl>#__managed_style_04D4037C9D40E2337E89</styleUrl>
			<Point>
				<coordinates>83.88537101824535,28.21003905653892,1524.116286326238</coordinates>
			</Point>
		</Placemark>
		<Placemark id="07188B90BB40D9E2904C">
			<LookAt>
				<longitude>83.89992065242166</longitude>
				<latitude>28.24214887713844</latitude>
				<altitude>808.5784730149785</altitude>
				<heading>79.11194806186883</heading>
				<tilt>68.2343779154679</tilt>
				<gx:fovy>35</gx:fovy>
				<range>111.2686896576452</range>
				<altitudeMode>absolute</altitudeMode>
			</LookAt>
			<styleUrl>#__managed_style_04D4037C9D40E2337E89</styleUrl>
			<Point>
				<coordinates>83.89975710551749,28.2422344560574,809.1855175452739</coordinates>
			</Point>
		</Placemark>
		<Placemark id="0CC02525CE40D9E35B81">
			<LookAt>
				<longitude>83.97415406745952</longitude>
				<latitude>28.18170438375739</latitude>
				<altitude>785.4109087805047</altitude>
				<heading>79.11268454403459</heading>
				<tilt>68.23519677218961</tilt>
				<gx:fovy>35</gx:fovy>
				<range>209.323459078696</range>
				<altitudeMode>absolute</altitudeMode>
			</LookAt>
			<styleUrl>#__managed_style_04D4037C9D40E2337E89</styleUrl>
			<Point>
				<coordinates>83.97350815672165,28.18205352578668,786.1109727990116</coordinates>
			</Point>
		</Placemark>
		<Placemark id="04042219A940D9E3DB4C">
			<LookAt>
				<longitude>84.08586787055724</longitude>
				<latitude>28.1326010284385</latitude>
				<altitude>647.676978534634</altitude>
				<heading>79.16151177589326</heading>
				<tilt>68.2346155190113</tilt>
				<gx:fovy>35</gx:fovy>
				<range>139.7174313742107</range>
				<altitudeMode>absolute</altitudeMode>
			</LookAt>
			<styleUrl>#__managed_style_04D4037C9D40E2337E89</styleUrl>
			<Point>
				<coordinates>84.08573006428564,28.13278366034338,646.2445498887395</coordinates>
			</Point>
		</Placemark>
		<Placemark id="002673B35A40D9E45C94">
			<LookAt>
				<longitude>84.10205084642939</longitude>
				<latitude>28.13421463429186</latitude>
				<altitude>639.8624943046661</altitude>
				<heading>79.17002538718728</heading>
				<tilt>68.23489388509243</tilt>
				<gx:fovy>35</gx:fovy>
				<range>173.0498555190752</range>
				<altitudeMode>absolute</altitudeMode>
			</LookAt>
			<styleUrl>#__managed_style_04D4037C9D40E2337E89</styleUrl>
			<Point>
				<coordinates>84.10163898182016,28.13453377201608,637.0060069145179</coordinates>
			</Point>
		</Placemark>
		<Placemark id="0694FB93EA40D9E4AEC6">
			<LookAt>
				<longitude>84.0871670265806</longitude>
				<latitude>28.12094029337479</latitude>
				<altitude>599.529065518865</altitude>
				<heading>79.163308116271</heading>
				<tilt>68.2365241987779</tilt>
				<gx:fovy>35</gx:fovy>
				<range>368.2673465058178</range>
				<altitudeMode>absolute</altitudeMode>
			</LookAt>
			<styleUrl>#__managed_style_04D4037C9D40E2337E89</styleUrl>
			<Point>
				<coordinates>84.08617542353684,28.12109533240585,581.5754770840349</coordinates>
			</Point>
		</Placemark>
	</Folder>
</Document>
</kml>
