<?xml version="1.0" encoding="UTF-8"?>
<kml xmlns="http://www.opengis.net/kml/2.2" xmlns:gx="http://www.google.com/kml/ext/2.2" xmlns:kml="http://www.opengis.net/kml/2.2" xmlns:atom="http://www.w3.org/2005/Atom">
<Document id="1tVCj1ZEFr4Zdq5FA7XsK1COMYEWoBUmI">
	<name>Training2015</name>
	<gx:CascadingStyle kml:id="__managed_style_06A9DE26DA40DDBF3E6F_normal">
		<Style>
			<IconStyle>
				<scale>0.75</scale>
				<Icon>
					<href>https://earth.google.com/earth/document/icon?color=d32f2f&amp;id=2000&amp;scale=4</href>
				</Icon>
				<hotSpot x="64" y="128" xunits="pixels" yunits="insetPixels"/>
			</IconStyle>
			<LabelStyle>
			</LabelStyle>
			<LineStyle>
				<color>ff2dc0fb</color>
				<width>3.2</width>
			</LineStyle>
			<PolyStyle>
				<color>40ffffff</color>
			</PolyStyle>
			<BalloonStyle>
			</BalloonStyle>
		</Style>
	</gx:CascadingStyle>
	<StyleMap id="__managed_style_06A9DE26DA40DDBF3E6F">
		<Pair>
			<key>normal</key>
			<styleUrl>#__managed_style_06A9DE26DA40DDBF3E6F_normal</styleUrl>
		</Pair>
		<Pair>
			<key>highlight</key>
			<styleUrl>#__managed_style_06A9DE26DA40DDBF3E6F_highlight</styleUrl>
		</Pair>
	</StyleMap>
	<gx:CascadingStyle kml:id="__managed_style_02307E076540DD884E08_highlight">
		<Style>
			<IconStyle>
				<scale>0.9</scale>
				<Icon>
					<href>https://earth.google.com/earth/document/icon?color=fbc02d&amp;id=2000&amp;scale=4</href>
				</Icon>
				<hotSpot x="64" y="128" xunits="pixels" yunits="insetPixels"/>
			</IconStyle>
			<LabelStyle>
			</LabelStyle>
			<LineStyle>
				<color>ff2dc0fb</color>
				<width>4.8</width>
			</LineStyle>
			<PolyStyle>
				<color>40ffffff</color>
			</PolyStyle>
			<BalloonStyle>
			</BalloonStyle>
		</Style>
	</gx:CascadingStyle>
	<gx:CascadingStyle kml:id="__managed_style_06A9DE26DA40DDBF3E6F_highlight">
		<Style>
			<IconStyle>
				<scale>0.9</scale>
				<Icon>
					<href>https://earth.google.com/earth/document/icon?color=d32f2f&amp;id=2000&amp;scale=4</href>
				</Icon>
				<hotSpot x="64" y="128" xunits="pixels" yunits="insetPixels"/>
			</IconStyle>
			<LabelStyle>
			</LabelStyle>
			<LineStyle>
				<color>ff2dc0fb</color>
				<width>4.8</width>
			</LineStyle>
			<PolyStyle>
				<color>40ffffff</color>
			</PolyStyle>
			<BalloonStyle>
			</BalloonStyle>
		</Style>
	</gx:CascadingStyle>
	<gx:CascadingStyle kml:id="__managed_style_02307E076540DD884E08_normal">
		<Style>
			<IconStyle>
				<scale>0.75</scale>
				<Icon>
					<href>https://earth.google.com/earth/document/icon?color=fbc02d&amp;id=2000&amp;scale=4</href>
				</Icon>
				<hotSpot x="64" y="128" xunits="pixels" yunits="insetPixels"/>
			</IconStyle>
			<LabelStyle>
			</LabelStyle>
			<LineStyle>
				<color>ff2dc0fb</color>
				<width>3.2</width>
			</LineStyle>
			<PolyStyle>
				<color>40ffffff</color>
			</PolyStyle>
			<BalloonStyle>
			</BalloonStyle>
		</Style>
	</gx:CascadingStyle>
	<gx:CascadingStyle kml:id="__managed_style_0A0E7F5D1E40DD4A0280_highlight">
		<Style>
			<IconStyle>
				<scale>0.9</scale>
				<Icon>
					<href>https://earth.google.com/earth/document/icon?color=1976d2&amp;id=2000&amp;scale=4</href>
				</Icon>
				<hotSpot x="64" y="128" xunits="pixels" yunits="insetPixels"/>
			</IconStyle>
			<LabelStyle>
			</LabelStyle>
			<LineStyle>
				<color>ff2dc0fb</color>
				<width>4.8</width>
			</LineStyle>
			<PolyStyle>
				<color>40ffffff</color>
			</PolyStyle>
			<BalloonStyle>
			</BalloonStyle>
		</Style>
	</gx:CascadingStyle>
	<StyleMap id="__managed_style_02307E076540DD884E08">
		<Pair>
			<key>normal</key>
			<styleUrl>#__managed_style_02307E076540DD884E08_normal</styleUrl>
		</Pair>
		<Pair>
			<key>highlight</key>
			<styleUrl>#__managed_style_02307E076540DD884E08_highlight</styleUrl>
		</Pair>
	</StyleMap>
	<gx:CascadingStyle kml:id="__managed_style_0A5BF35D4A40DD1B1DC4_highlight">
		<Style>
			<IconStyle>
				<scale>0.9</scale>
				<Icon>
					<href>https://earth.google.com/earth/document/icon?color=388e3c&amp;id=2000&amp;scale=4</href>
				</Icon>
				<hotSpot x="64" y="128" xunits="pixels" yunits="insetPixels"/>
			</IconStyle>
			<LabelStyle>
			</LabelStyle>
			<LineStyle>
				<color>ff2dc0fb</color>
				<width>4.8</width>
			</LineStyle>
			<PolyStyle>
				<color>40ffffff</color>
			</PolyStyle>
			<BalloonStyle>
			</BalloonStyle>
		</Style>
	</gx:CascadingStyle>
	<gx:CascadingStyle kml:id="__managed_style_0A5BF35D4A40DD1B1DC4_normal">
		<Style>
			<IconStyle>
				<scale>0.75</scale>
				<Icon>
					<href>https://earth.google.com/earth/document/icon?color=388e3c&amp;id=2000&amp;scale=4</href>
				</Icon>
				<hotSpot x="64" y="128" xunits="pixels" yunits="insetPixels"/>
			</IconStyle>
			<LabelStyle>
			</LabelStyle>
			<LineStyle>
				<color>ff2dc0fb</color>
				<width>3.2</width>
			</LineStyle>
			<PolyStyle>
				<color>40ffffff</color>
			</PolyStyle>
			<BalloonStyle>
			</BalloonStyle>
		</Style>
	</gx:CascadingStyle>
	<StyleMap id="__managed_style_0A5BF35D4A40DD1B1DC4">
		<Pair>
			<key>normal</key>
			<styleUrl>#__managed_style_0A5BF35D4A40DD1B1DC4_normal</styleUrl>
		</Pair>
		<Pair>
			<key>highlight</key>
			<styleUrl>#__managed_style_0A5BF35D4A40DD1B1DC4_highlight</styleUrl>
		</Pair>
	</StyleMap>
	<gx:CascadingStyle kml:id="__managed_style_0A0E7F5D1E40DD4A0280_normal">
		<Style>
			<IconStyle>
				<scale>0.75</scale>
				<Icon>
					<href>https://earth.google.com/earth/document/icon?color=1976d2&amp;id=2000&amp;scale=4</href>
				</Icon>
				<hotSpot x="64" y="128" xunits="pixels" yunits="insetPixels"/>
			</IconStyle>
			<LabelStyle>
			</LabelStyle>
			<LineStyle>
				<color>ff2dc0fb</color>
				<width>3.2</width>
			</LineStyle>
			<PolyStyle>
				<color>40ffffff</color>
			</PolyStyle>
			<BalloonStyle>
			</BalloonStyle>
		</Style>
	</gx:CascadingStyle>
	<gx:CascadingStyle kml:id="__managed_style_0432F6CD4D40DD16CD2E_highlight">
		<Style>
			<IconStyle>
				<scale>1.2</scale>
				<Icon>
					<href>https://earth.google.com/earth/document/icon?color=1976d2&amp;id=2000&amp;scale=4</href>
				</Icon>
				<hotSpot x="64" y="128" xunits="pixels" yunits="insetPixels"/>
			</IconStyle>
			<LabelStyle>
			</LabelStyle>
			<LineStyle>
				<color>70ff0000</color>
				<width>2.4</width>
			</LineStyle>
			<PolyStyle>
				<color>3dff5500</color>
			</PolyStyle>
			<BalloonStyle>
			</BalloonStyle>
		</Style>
	</gx:CascadingStyle>
	<StyleMap id="__managed_style_0A0E7F5D1E40DD4A0280">
		<Pair>
			<key>normal</key>
			<styleUrl>#__managed_style_0A0E7F5D1E40DD4A0280_normal</styleUrl>
		</Pair>
		<Pair>
			<key>highlight</key>
			<styleUrl>#__managed_style_0A0E7F5D1E40DD4A0280_highlight</styleUrl>
		</Pair>
	</StyleMap>
	<gx:CascadingStyle kml:id="__managed_style_07E6E4079340DD16CD2B_normal">
		<Style>
			<IconStyle>
				<Icon>
					<href>https://earth.google.com/earth/document/icon?color=1976d2&amp;id=2000&amp;scale=4</href>
				</Icon>
				<hotSpot x="64" y="128" xunits="pixels" yunits="insetPixels"/>
			</IconStyle>
			<LabelStyle>
			</LabelStyle>
			<LineStyle>
				<color>ff2dc0fb</color>
				<width>3.2</width>
			</LineStyle>
			<PolyStyle>
				<color>40ffffff</color>
			</PolyStyle>
			<BalloonStyle>
			</BalloonStyle>
		</Style>
	</gx:CascadingStyle>
	<gx:CascadingStyle kml:id="__managed_style_0432F6CD4D40DD16CD2E_normal">
		<Style>
			<IconStyle>
				<Icon>
					<href>https://earth.google.com/earth/document/icon?color=1976d2&amp;id=2000&amp;scale=4</href>
				</Icon>
				<hotSpot x="64" y="128" xunits="pixels" yunits="insetPixels"/>
			</IconStyle>
			<LabelStyle>
			</LabelStyle>
			<LineStyle>
				<color>70ff0000</color>
				<width>1.6</width>
			</LineStyle>
			<PolyStyle>
				<color>3dff5500</color>
			</PolyStyle>
			<BalloonStyle>
			</BalloonStyle>
		</Style>
	</gx:CascadingStyle>
	<StyleMap id="__managed_style_0432F6CD4D40DD16CD2E">
		<Pair>
			<key>normal</key>
			<styleUrl>#__managed_style_0432F6CD4D40DD16CD2E_normal</styleUrl>
		</Pair>
		<Pair>
			<key>highlight</key>
			<styleUrl>#__managed_style_0432F6CD4D40DD16CD2E_highlight</styleUrl>
		</Pair>
	</StyleMap>
	<gx:CascadingStyle kml:id="__managed_style_07E6E4079340DD16CD2B_highlight">
		<Style>
			<IconStyle>
				<scale>1.2</scale>
				<Icon>
					<href>https://earth.google.com/earth/document/icon?color=1976d2&amp;id=2000&amp;scale=4</href>
				</Icon>
				<hotSpot x="64" y="128" xunits="pixels" yunits="insetPixels"/>
			</IconStyle>
			<LabelStyle>
			</LabelStyle>
			<LineStyle>
				<color>ff2dc0fb</color>
				<width>4.8</width>
			</LineStyle>
			<PolyStyle>
				<color>40ffffff</color>
			</PolyStyle>
			<BalloonStyle>
			</BalloonStyle>
		</Style>
	</gx:CascadingStyle>
	<StyleMap id="__managed_style_07E6E4079340DD16CD2B">
		<Pair>
			<key>normal</key>
			<styleUrl>#__managed_style_07E6E4079340DD16CD2B_normal</styleUrl>
		</Pair>
		<Pair>
			<key>highlight</key>
			<styleUrl>#__managed_style_07E6E4079340DD16CD2B_highlight</styleUrl>
		</Pair>
	</StyleMap>
	<Folder id="5DBAC09715000001">
		<name>992007</name>
		<open>1</open>
		<styleUrl>#__managed_style_07E6E4079340DD16CD2B</styleUrl>
		<Placemark id="5DBAC09715000002">
			<name>Pokhara</name>
			<styleUrl>#__managed_style_0432F6CD4D40DD16CD2E</styleUrl>
			<Polygon>
				<outerBoundaryIs>
					<LinearRing>
						<coordinates>
							83.79871850000001,28.2286575,0 83.7998264,28.2276914,0 83.8040815,28.2236235,0 83.8074293,28.2204519,0 83.8095977,28.2195682,0 83.81632329999999,28.210159,0 83.82342730000001,28.2144086,0 83.82813640000001,28.2144877,0 83.8294028,28.2146548,0 83.82977080000001,28.2146659,0 83.8304708,28.2147073,0 83.8323833,28.2138937,0 83.8356215,28.2133432,0 83.8388209,28.211465,0 83.83942589999999,28.2107897,0 83.8408889,28.209618,0 83.8415767,28.206888,0 83.8428845,28.2041531,0 83.8449444,28.203964,0 83.8466825,28.202489,0 83.8467254,28.1995579,0 83.8476505,28.1993085,0 83.8555708,28.193827,0 83.8578881,28.1953917,0 83.8601852,28.1959168,0 83.8627864,28.197941,0 83.86512879999999,28.1972819,0 83.8689384,28.1970412,0 83.869642,28.19779219999999,0 83.87361300000001,28.1974163,0 83.8764979,28.1929673,0 83.8788539,28.1928512,0 83.880544,28.1935419,0 83.8863616,28.1944421,0 83.8905269,28.195253,0 83.8920928,28.1940737,0 83.8945954,28.1921103,0 83.89887210000001,28.1899903,0 83.8985005,28.18779960000001,0 83.90057400000001,28.1859576,0 83.90141749999999,28.1833555,0 83.90279700000001,28.1808115,0 83.9046768,28.1774915,0 83.90709769999999,28.1751288,0 83.91267259999999,28.1723702,0 83.9152794,28.1719797,0 83.91637830000001,28.1706699,0 83.9182631,28.1712823,0 83.9212129,28.1692563,0 83.92301500000001,28.1693353,0 83.923795,28.1686432,0 83.9246709,28.1673123,0 83.9259464,28.1637198,0 83.9260117,28.163576,0 83.9270514,28.1612855,0 83.9240047,28.1584156,0 83.9223786,28.1559306,0 83.922839,28.1542514,0 83.923315,28.1532205,0 83.923483,28.1514262,0 83.9263089,28.1489943,0 83.92785430000001,28.1479507,0 83.92964360000001,28.1451944,0 83.9315641,28.1441592,0 83.9341036,28.1440336,0 83.9352923,28.1402796,0 83.93696799999999,28.1380649,0 83.9421778,28.1379635,0 83.9436748,28.1383989,0 83.9455267,28.1389375,0 83.94976459999999,28.1400039,0 83.9520483,28.1398744,0 83.95304109999999,28.1397183,0 83.9534005,28.139723,0 83.9537868,28.1397302,0 83.9543267,28.1395083,0 83.95571940000001,28.1391056,0 83.95831029999999,28.139675,0 83.9600657,28.1411375,0 83.9607982,28.14095470000001,0 83.9604527,28.1390046,0 83.96132350000001,28.1389802,0 83.9623187,28.1404428,0 83.9644196,28.1410888,0 83.96504160000001,28.1412838,0 83.9654839,28.1420029,0 83.9671149,28.1426488,0 83.96887030000001,28.1435751,0 83.96905,28.1432095,0 83.9691605,28.1427342,0 83.9695337,28.1425148,0 83.9701419,28.1415397,0 83.9708883,28.1420395,0 83.9712893,28.1420261,0 83.9719802,28.1420029,0 83.97238110000001,28.1422223,0 83.97351449999999,28.1422832,0 83.97500719999999,28.1427707,0 83.9773984,28.1431851,0 83.9792229,28.1434776,0 83.9801767,28.1433192,0 83.9802043,28.1427707,0 83.97996929999999,28.1412716,0 83.9796929,28.1402356,0 83.9806604,28.1399675,0 83.98158650000001,28.1402844,0 83.9823052,28.1404794,0 83.9826784,28.1399065,0 83.9830102,28.1390168,0 83.9833004,28.1380173,0 83.98364599999999,28.1378589,0 83.98541520000001,28.13868769999999,0 83.98606479999999,28.1389924,0 83.98665920000001,28.1384074,0 83.9865624,28.1369326,0 83.9865762,28.13644499999999,0 83.9876682,28.1365425,0 83.989548,28.1374079,0 83.99052930000001,28.1371642,0 83.990865,28.136628,0 83.9908611,28.1363231,0 83.9899212,28.1361769,0 83.98985209999999,28.1357137,0 83.99015609999999,28.135409,0 83.9897553,28.1344948,0 83.9901423,28.1342267,0 83.9907297,28.135086,0 83.9911168,28.1357868,0 83.9918562,28.1359819,0 83.9924299,28.135604,0 83.9925957,28.1349824,0 83.9935771,28.1346045,0 83.9941369,28.1344766,0 83.99444099999999,28.1341962,0 83.99485559999999,28.1334953,0 83.9952012,28.1332881,0 83.9955605,28.1333552,0 83.99664559999999,28.133922,0 83.9970533,28.1339463,0 83.9971086,28.1337574,0 83.99690819999999,28.1335075,0 83.9968667,28.1330505,0 83.9970671,28.1328737,0 83.9977099,28.132825,0 83.99868429999999,28.1328493,0 83.9992579,28.1324837,0 83.9996795,28.1314781,0 84.0003775,28.1310088,0 84.00109620000001,28.131216,0 84.0017251,28.1316487,0 84.00205,28.1313013,0 84.002202,28.1306675,0 84.0026804,28.1304684,0 84.0027,28.1301265,0 84.0023039,28.1294722,0 84.00211109999999,28.1294171,0 84.0015727,28.1293,0 84.0010523,28.1287829,0 84.00071509999999,28.12849629999999,0 84.0000285,28.1278347,0 83.9993492,28.1271646,0 83.9987921,28.126447,0 83.9987991,28.12615720000001,0 83.9988654,28.1257402,0 83.99924900000001,28.1251778,0 83.9995471,28.1248222,0 83.9995333,28.1240451,0 83.99924300000001,28.1227835,0 83.99888369999999,28.12184480000001,0 83.99917050000001,28.1210342,0 84.0002209,28.1201961,0 84.0009051,28.1197267,0 84.00120579999999,28.1187393,0 84.00147870000001,28.1181846,0 84.0021629,28.1180383,0 84.00291970000001,28.1178372,0 84.00349679999999,28.1175507,0 84.0038181,28.1173587,0 84.0042224,28.1171697,0 84.0043641,28.1170936,0 84.00399779999999,28.1168101,0 84.00417059999999,28.1162158,0 84.0047096,28.1156947,0 84.0056357,28.1153899,0 84.00631300000001,28.1153106,0 84.0065929,28.1149998,0 84.0066965,28.1137106,0 84.00745329999999,28.1132473,0 84.0080373,28.112275,0 84.0083344,28.1118148,0 84.0086489,28.1109309,0 84.0091817,28.1100038,0 84.00971920000001,28.1094089,0 84.0108578,28.10998650000001,0 84.01195250000001,28.109827,0 84.0129836,28.1099477,0 84.0136238,28.1096244,0 84.0139854,28.1089477,0 84.0136971,28.1081632,0 84.0136775,28.1077149,0 84.0136531,28.1072839,0 84.0132552,28.1070166,0 84.0125711,28.1065338,0 84.0122339,28.1057622,0 84.01278120000001,28.1053959,0 84.0137146,28.1053226,0 84.0151855,28.1052752,0 84.0160798,28.1051545,0 84.0164365,28.1050855,0 84.0175361,28.1044992,0 84.0184108,28.1042277,0 84.0192807,28.104413,0 84.02065880000001,28.1048657,0 84.0218658,28.1050639,0 84.0226526,28.104801,0 84.023928,28.10512,0 84.0253599,28.1053312,0 84.0262932,28.1049088,0 84.0270165,28.1046631,0 84.02774460000001,28.1047191,0 84.02843369999999,28.1044734,0 84.0285949,28.1041587,0 84.0285216,28.1034561,0 84.02819909999999,28.1027922,0 84.02755399999999,28.10181800000001,0 84.0267917,28.1012749,0 84.0258632,28.1008007,0 84.0256677,28.0997747,0 84.0258046,28.0987229,0 84.0261564,28.0981883,0 84.02655710000001,28.0973951,0 84.0269481,28.0969727,0 84.0262737,28.0962829,0 84.0267331,28.095619,0 84.02790589999999,28.0955501,0 84.02864870000001,28.0956277,0 84.0289593,28.095977,0 84.02910129999999,28.0962323,0 84.02925329999999,28.0965738,0 84.028811,28.0965677,0 84.02834110000001,28.0968969,0 84.0282866,28.097515,0 84.0274979,28.0979089,0 84.02744269999999,28.0986831,0 84.02813380000001,28.0990002,0 84.02834110000001,28.1000792,0 84.0297233,28.1001951,0 84.03162279999999,28.0999246,0 84.0338185,28.0987189,0 84.0352579,28.0969905,0 84.03637209999999,28.0958352,0 84.0378393,28.0958596,0 84.03908850000001,28.0966961,0 84.04108290000001,28.094973,0 84.0416393,28.0932777,0 84.0409173,28.0926368,0 84.04013809999999,28.0922153,0 84.0387072,28.0920544,0 84.0379674,28.0924079,0 84.0374163,28.0922399,0 84.0377575,28.0915239,0 84.038686,28.0912179,0 84.04096319999999,28.0907566,0 84.0435044,28.0899073,0 84.0437683,28.089058,0 84.0434604,28.0886441,0 84.0437829,28.0883509,0 84.0447408,28.0880707,0 84.0460015,28.0870748,0 84.047106,28.0853696,0 84.0473308,28.0850226,0 84.04988539999999,28.0837881,0 84.0508696,28.0837937,0 84.0517724,28.0840715,0 84.0535702,28.0863135,0 84.0555437,28.0887105,0 84.0573551,28.0879831,0 84.0583824,28.0880427,0 84.0606398,28.086564,0 84.0623566,28.0839403,0 84.0644112,28.0830458,0 84.0666957,28.0811854,0 84.06784469999999,28.0785973,0 84.06952080000001,28.0777267,0 84.0708726,28.0788478,0 84.07134739999999,28.0801736,0 84.0734404,28.0832135,0 84.07577449999999,28.0865543,0 84.07725739999999,28.0896132,0 84.0778504,28.0904151,0 84.0787809,28.0913435,0 84.07921229999999,28.0918886,0 84.0877253,28.0945077,0 84.08872049999999,28.0986046,0 84.0930255,28.1026504,0 84.0980538,28.1074216,0 84.10098549999999,28.108352,0 84.1024819,28.1104861,0 84.107739,28.110277,0 84.1115274,28.1074924,0 84.1154305,28.1068342,0 84.116654,28.1071844,0 84.11604800000001,28.1086586,0 84.1162533,28.1092879,0 84.1197229,28.109831,0 84.12155060000001,28.1120551,0 84.1229745,28.1121665,0 84.1242117,28.1129615,0 84.125164,28.1141647,0 84.1249495,28.1153603,0 84.1274205,28.115436,0 84.12797810000001,28.1170024,0 84.12814109999999,28.1189244,0 84.12688850000001,28.1200745,0 84.1260563,28.1200821,0 84.1251984,28.1208388,0 84.1246064,28.1210431,0 84.1242374,28.1217619,0 84.12287329999999,28.12253370000001,0 84.1221355,28.1224505,0 84.12159490000001,28.123699,0 84.1222384,28.1250231,0 84.12165570000001,28.1256854,0 84.1212862,28.1265383,0 84.1216021,28.12759670000001,0 84.1226674,28.1283448,0 84.12370490000001,28.1286753,0 84.1243486,28.128997,0 84.12489100000001,28.1294024,0 84.12299779999999,28.1313449,0 84.1206682,28.1308313,0 84.1163973,28.1311737,0 84.1154873,28.1332388,0 84.11128909999999,28.1342339,0 84.1111557,28.135015,0 84.1098089,28.1361063,0 84.10996660000001,28.1378824,0 84.1115075,28.1393803,0 84.110731,28.1418518,0 84.1097118,28.1434674,0 84.111277,28.1447619,0 84.1134677,28.1449049,0 84.1137765,28.1460457,0 84.1126845,28.1467518,0 84.112551,28.147597,0 84.11207779999999,28.1483887,0 84.11273300000001,28.1493408,0 84.1138857,28.1501432,0 84.11593619999999,28.1497474,0 84.1169675,28.1509348,0 84.11568920000001,28.1520847,0 84.1157364,28.1523889,0 84.11602809999999,28.154267,0 84.11543589999999,28.1553609,0 84.11632160000001,28.1570939,0 84.1166492,28.1591585,0 84.1183297,28.1597468,0 84.11878470000001,28.1612284,0 84.12112639999999,28.1614102,0 84.12336500000001,28.1618167,0 84.12479399999999,28.1621982,0 84.12543100000001,28.1624335,0 84.1261954,28.1623426,0 84.12652300000001,28.1627598,0 84.1271297,28.1628453,0 84.1272692,28.1638188,0 84.12816100000001,28.1643375,0 84.12951390000001,28.1650061,0 84.1307879,28.16499,0 84.1310912,28.1654874,0 84.13078179999999,28.1657816,0 84.1304846,28.1661185,0 84.13107909999999,28.1661934,0 84.13201340000001,28.1670705,0 84.13167970000001,28.1674823,0 84.1323288,28.1682685,0 84.1327838,28.1685145,0 84.1328202,28.1678407,0 84.1342459,28.1678834,0 84.1353441,28.1694718,0 84.140732,28.1736315,0 84.1430828,28.1735256,0 84.1445757,28.1753105,0 84.1444927,28.1758775,0 84.1438192,28.1765468,0 84.1430041,28.1772312,0 84.14370340000001,28.1780972,0 84.14364759999999,28.17955299999999,0 84.1429352,28.1807671,0 84.1435661,28.182088,0 84.1436207,28.1830452,0 84.1421587,28.1833232,0 84.1423589,28.1842911,0 84.1418917,28.1853392,0 84.1422436,28.1860878,0 84.14335989999999,28.1860862,0 84.1434787,28.186543,0 84.1424645,28.1873246,0 84.1421854,28.1876353,0 84.1420111,28.1879285,0 84.141452,28.1885344,0 84.14182820000001,28.1892406,0 84.14242489999999,28.1901661,0 84.1435488,28.1901359,0 84.1446727,28.1906047,0 84.1465259,28.1904157,0 84.1474838,28.1911431,0 84.1473301,28.1916396,0 84.1471799,28.1916774,0 84.14685,28.1917413,0 84.14649319999999,28.191772,0 84.1461734,28.1917532,0 84.1456829,28.1917704,0 84.1455181,28.1921675,0 84.1451794,28.1924756,0 84.1448584,28.1929363,0 84.14457950000001,28.1944303,0 84.1446117,28.1952246,0 84.1445473,28.1959149,0 84.14446150000001,28.1977398,0 84.14308819999999,28.1986759,0 84.14194019999999,28.1992716,0 84.140878,28.1996498,0 84.1398588,28.1997065,0 84.1392819,28.2004625,0 84.1390097,28.20043769999999,0 84.13821,28.2005652,0 84.137477,28.2007183,0 84.1365596,28.200828,0 84.1363719,28.2009074,0 84.1358516,28.2009216,0 84.13500809999999,28.200915,0 84.1342326,28.2009605,0 84.13385599999999,28.2010681,0 84.13330879999999,28.2012147,0 84.13289519999999,28.2012917,0 84.13232720000001,28.2016496,0 84.1316995,28.2021886,0 84.1311577,28.2025951,0 84.1307929,28.2030348,0 84.1301921,28.2033515,0 84.12976829999999,28.2034744,0 84.1293821,28.2035548,0 84.1287437,28.2037014,0 84.1283736,28.2036068,0 84.1278834,28.2033401,0 84.1276869,28.2032853,0 84.12732219999999,28.2033184,0 84.12714510000001,28.2034792,0 84.1268876,28.2039472,0 84.12669990000001,28.2049825,0 84.1264048,28.2052615,0 84.1262734,28.2068995,0 84.1266811,28.2079963,0 84.127475,28.2091119,0 84.12528639999999,28.2093199,0 84.1232693,28.2098304,0 84.121459,28.2104466,0 84.1208367,28.2104277,0 84.1199355,28.2104939,0 84.11859440000001,28.2103615,0 84.11813309999999,28.2103426,0 84.1167169,28.2101819,0 84.1155152,28.2102292,0 84.1138845,28.2101535,0 84.11253259999999,28.2100874,0 84.1117709,28.2101535,0 84.1100328,28.2108059,0 84.109314,28.211099,0 84.1086595,28.2115906,0 84.108681,28.2127062,0 84.1087024,28.21368,0 84.108563,28.2145876,0 84.1081586,28.2155962,0 84.1081184,28.2157912,0 84.1081023,28.2159649,0 84.1081801,28.2161445,0 84.10827260000001,28.2162993,0 84.1084027,28.2164412,0 84.10867759999999,28.2166822,0 84.1087393,28.216876,0 84.1087728,28.2169765,0 84.1088895,28.217214,0 84.1089297,28.2174433,0 84.1089123,28.2178179,0 84.1090397,28.218001,0 84.109324,28.2181346,0 84.1094045,28.2181866,0 84.1095909,28.2182267,0 84.10972769999999,28.2182906,0 84.1098176,28.2184548,0 84.10983899999999,28.2186309,0 84.1098453,28.21873829999999,0 84.10924009999999,28.2189404,0 84.10846359999999,28.2208221,0 84.1071092,28.2220408,0 84.1045664,28.2220625,0 84.10135699999999,28.2223018,0 84.09886349999999,28.2234547,0 84.0977232,28.2244759,0 84.0949552,28.2224512,0 84.0925072,28.220402,0 84.0901533,28.2181738,0 84.0898431,28.2180625,0 84.0896527,28.2175922,0 84.0894918,28.2174314,0 84.0892262,28.2174055,0 84.089119,28.2174385,0 84.0889983,28.2176938,0 84.08898480000001,28.2179963,0 84.0889822,28.2183556,0 84.0889392,28.2185966,0 84.0888413,28.218794,0 84.0886268,28.2190563,0 84.08836119999999,28.2192643,0 84.0880367,28.2194014,0 84.0878087,28.21949830000001,0 84.0875968,28.2195904,0 84.0872602,28.2196436,0 84.0870134,28.2197122,0 84.0867988,28.219724,0 84.08667010000001,28.2198043,0 84.0863777,28.22007380000001,0 84.08630530000001,28.2201517,0 84.0860907,28.2201328,0 84.08601830000001,28.2200643,0 84.0860103,28.2199509,0 84.0859942,28.2197925,0 84.08594050000001,28.2195018,0 84.0858815,28.2194238,0 84.085785,28.2193458,0 84.08567499999999,28.2191993,0 84.0855409,28.2190669,0 84.0854282,28.2189157,0 84.08519219999999,28.2187195,0 84.08516539999999,28.218365,0 84.08513050000001,28.2182516,0 84.08502319999999,28.2180979,0 84.0849776,28.2179136,0 84.0851734,28.217578,0 84.08526999999999,28.2175047,0 84.0853209,28.2174007,0 84.085278,28.2172849,0 84.0851546,28.21718329999999,0 84.084991,28.2169871,0 84.0849132,28.2168808,0 84.08470939999999,28.2166161,0 84.08464499999999,28.2164128,0 84.0846142,28.2156104,0 84.084464,28.2144665,0 84.08417970000001,28.2136298,0 84.0835842,28.2129491,0 84.0828707,28.2124291,0 84.08241750000001,28.2119186,0 84.0799042,28.2112047,0 84.077855,28.2107037,0 84.0765407,28.2105524,0 84.0755537,28.2106186,0 84.0748188,28.2103633,0 84.0743789,28.2103491,0 84.07382629999999,28.2103255,0 84.0735528,28.2103869,0 84.0730914,28.2104768,0 84.0724852,28.2104768,0 84.07182539999999,28.2103491,0 84.0709725,28.2101459,0 84.0705755,28.210004,0 84.0700981,28.2096731,0 84.0697387,28.2096968,0 84.0689769,28.2097015,0 84.0687731,28.2097488,0 84.06796300000001,28.2097771,0 84.06768940000001,28.2105335,0 84.0677377,28.2107509,0 84.06766260000001,28.211096,0 84.0674051,28.2114458,0 84.0673998,28.2118004,0 84.0674588,28.2125591,0 84.0676868,28.2126134,0 84.0681159,28.2125591,0 84.06828489999999,28.2124291,0 84.0689474,28.21228959999999,0 84.0698513,28.212344,0 84.07089740000001,28.2123794,0 84.0721017,28.2123369,0 84.0728312,28.2120367,0 84.0738102,28.2116987,0 84.074623,28.2117247,0 84.07552149999999,28.2119469,0 84.07608740000001,28.2119871,0 84.076351,28.21206099999999,0 84.07692160000001,28.2121939,0 84.0775774,28.2123978,0 84.0780173,28.2125283,0 84.07820940000001,28.2125452,0 84.07844540000001,28.212596,0 84.0786667,28.212661,0 84.0789805,28.2127792,0 84.07919649999999,28.2129056,0 84.0793681,28.2129954,0 84.0797275,28.2129954,0 84.07991869999999,28.2128417,0 84.08021309999999,28.2126196,0 84.08056740000001,28.2124895,0 84.0807089,28.2125754,0 84.08114620000001,28.2130524,0 84.0815568,28.2134871,0 84.0819779,28.2138984,0 84.082097,28.2139727,0 84.0821414,28.2143731,0 84.082167,28.2146464,0 84.08201680000001,28.2150245,0 84.0818237,28.2153932,0 84.081534,28.2157809,0 84.081298,28.21609279999999,0 84.0808152,28.2166979,0 84.0805362,28.2169531,0 84.080032,28.2173218,0 84.0798174,28.2175109,0 84.07931309999999,28.217804,0 84.0788732,28.2182105,0 84.07865870000001,28.2183618,0 84.07841190000001,28.2185508,0 84.0780257,28.2187115,0 84.0777145,28.2188439,0 84.0774892,28.2190141,0 84.0771244,28.2193544,0 84.0765665,28.2194773,0 84.0758155,28.2194773,0 84.0748177,28.21943,0 84.07420620000001,28.2192031,0 84.07331569999999,28.2187872,0 84.0723394,28.2183334,0 84.071701,28.2179411,0 84.07126649999999,28.2177425,0 84.071009,28.2176433,0 84.07063890000001,28.2177189,0 84.0702526,28.2178513,0 84.06981639999999,28.2177967,0 84.06961339999999,28.2176069,0 84.0691368,28.217128,0 84.06867010000001,28.2172037,0 84.0682893,28.2174684,0 84.06818199999999,28.2176433,0 84.0680371,28.2178465,0 84.0678494,28.2180262,0 84.0674417,28.2182909,0 84.0670769,28.2185319,0 84.0665619,28.2186501,0 84.0661381,28.2186737,0 84.06554269999999,28.2186548,0 84.0651082,28.2188061,0 84.0647487,28.2191039,0 84.0644161,28.2195907,0 84.06370269999999,28.220106,0 84.0632521,28.2203896,0 84.0629624,28.2205786,0 84.0627585,28.220919,0 84.0619968,28.2211175,0 84.06101510000001,28.2211175,0 84.0605484,28.2208433,0 84.0599261,28.2206779,0 84.05970309999999,28.220739,0 84.05946969999999,28.220567,0 84.05910230000001,28.2206067,0 84.05885550000001,28.2206256,0 84.0586114,28.2204063,0 84.0583834,28.2201151,0 84.0580106,28.2199497,0 84.05782550000001,28.2197937,0 84.0577243,28.219614,0 84.0575412,28.2194604,0 84.05714829999999,28.2193622,0 84.0568841,28.2193167,0 84.0567054,28.2192621,0 84.0565763,28.219172,0 84.0562913,28.2190484,0 84.0558863,28.2190721,0 84.0555547,28.2191487,0 84.0552184,28.2191981,0 84.0549958,28.2191489,0 84.0548,28.2193115,0 84.0545774,28.2193096,0 84.0544245,28.2194344,0 84.0539873,28.2194136,0 84.0538988,28.219321,0 84.0537056,28.2190563,0 84.0533543,28.2189788,0 84.0531156,28.2188294,0 84.0528688,28.2187632,0 84.05238869999999,28.218818,0 84.0519917,28.2188748,0 84.05171009999999,28.2188861,0 84.0514124,28.2187141,0 84.05105829999999,28.2184683,0 84.05073640000001,28.2183359,0 84.05052190000001,28.2183737,0 84.050208,28.2182527,0 84.0499935,28.2180069,0 84.0498429,28.2177456,0 84.0494999,28.2177044,0 84.04894470000001,28.217608,0 84.0487633,28.2176208,0 84.04856719999999,28.2176625,0 84.0503473,28.2195914,0 84.0523932,28.2218409,0 84.05606520000001,28.2249223,0 84.0558029,28.2265554,0 84.05561059999999,28.2290667,0 84.05352980000001,28.230484,0 84.0527429,28.23231729999999,0 84.0529178,28.2345665,0 84.0540194,28.2372471,0 84.0551035,28.2378941,0 84.0560303,28.2410982,0 84.05679960000001,28.2421457,0 84.0575772,28.2421871,0 84.0576518,28.24286770000001,0 84.05754589999999,28.24304130000001,0 84.05702700000001,28.243948,0 84.05770889999999,28.2450109,0 84.0572368,28.2466437,0 84.058251,28.2479068,0 84.05788750000001,28.248545,0 84.0574915,28.2489592,0 84.05743390000001,28.2490338,0 84.05822619999999,28.2498802,0 84.0591264,28.2502166,0 84.05959780000001,28.2508715,0 84.0608914,28.2514403,0 84.0599996,28.2522804,0 84.0598719,28.2530217,0 84.0602957,28.2533947,0 84.0615935,28.2540484,0 84.0611588,28.2548076,0 84.0611624,28.255771,0 84.0617778,28.2562164,0 84.06219710000001,28.2580534,0 84.0628773,28.2607718,0 84.06138129999999,28.2631546,0 84.0616888,28.264067,0 84.0614824,28.2645728,0 84.0616864,28.2659915,0 84.062117,28.2671057,0 84.0612002,28.2702798,0 84.0614106,28.2714159,0 84.0608593,28.2723156,0 84.0600828,28.2726644,0 84.06015650000001,28.2733319,0 84.0602263,28.2739997,0 84.0597688,28.2748294,0 84.060011,28.2763543,0 84.0604058,28.2768521,0 84.0606749,28.277745,0 84.0601276,28.2779583,0 84.0600918,28.2782586,0 84.06114150000001,28.2792699,0 84.0612491,28.2799178,0 84.06108759999999,28.2805578,0 84.0607826,28.2807395,0 84.0603699,28.2812689,0 84.05968799999999,28.2815217,0 84.0586832,28.282375,0 84.0578398,28.2823671,0 84.05679910000001,28.2834969,0 84.0564761,28.2837498,0 84.0562697,28.2845556,0 84.0556058,28.2851798,0 84.05484319999999,28.2854879,0 84.05400880000001,28.2868942,0 84.0537037,28.2876527,0 84.053393,28.28769670000001,0 84.0527278,28.2879612,0 84.0514403,28.2883769,0 84.0498525,28.2891327,0 84.04814229999999,28.2900973,0 84.0473054,28.2909098,0 84.04609739999999,28.2920236,0 84.044709,28.2931393,0 84.0433843,28.2939236,0 84.04150540000001,28.2945554,0 84.0387116,28.2959262,0 84.0378893,28.2963225,0 84.0372777,28.2964642,0 84.0370272,28.2965024,0 84.036641,28.2964269,0 84.036119,28.2964736,0 84.03573280000001,28.2967381,0 84.03526069999999,28.2969082,0 84.0350638,28.2970692,0 84.03459549999999,28.2978056,0 84.03447749999999,28.2980796,0 84.0343058,28.2982496,0 84.0338407,28.2985146,0 84.03362989999999,28.2987314,0 84.033587,28.2989676,0 84.033469,28.2991754,0 84.0331364,28.2993076,0 84.0327609,28.2994304,0 84.0325034,28.299591,0 84.0323923,28.2998182,0 84.0321601,28.3000634,0 84.0317524,28.3003279,0 84.0310942,28.301084,0 84.03085110000001,28.301537,0 84.0305293,28.3018487,0 84.0304826,28.3021609,0 84.0302181,28.3025666,0 84.02991400000001,28.3030489,0 84.0294956,28.3039746,0 84.02930619999999,28.3043331,0 84.0292096,28.3044653,0 84.0290272,28.3047298,0 84.0289843,28.3050699,0 84.02882339999999,28.305391,0 84.0284264,28.3057972,0 84.0276432,28.3064679,0 84.0272463,28.3067702,0 84.02677420000001,28.3069969,0 84.02636649999999,28.3071197,0 84.0259229,28.3072901,0 84.025712,28.30759189999999,0 84.0256155,28.307932,0 84.0257228,28.308187,0 84.02588369999999,28.3086688,0 84.0256584,28.308971,0 84.0253687,28.30933,0 84.0253328,28.3096421,0 84.02515409999999,28.3100856,0 84.0251327,28.3104445,0 84.0252722,28.3108035,0 84.0255726,28.3111907,0 84.0259695,28.3117102,0 84.0261412,28.3122392,0 84.02600169999999,28.3133443,0 84.0259695,28.3136088,0 84.02576569999999,28.3137882,0 84.02540089999999,28.313996,0 84.0251112,28.314251,0 84.0248071,28.3146104,0 84.0240131,28.315026,0 84.02322289999999,28.3154884,0 84.0229762,28.315715,0 84.02292250000001,28.316159,0 84.0229547,28.3164612,0 84.02300839999999,28.3167162,0 84.0230727,28.3170846,0 84.0231264,28.3174813,0 84.0230298,28.317963,0 84.0230835,28.3186052,0 84.0231247,28.3196771,0 84.02111499999999,28.3215662,0 84.02009320000001,28.3243697,0 84.02009320000001,28.3260338,0 84.02018390000001,28.3283507,0 84.01794,28.3293502,0 84.0176967,28.3306114,0 84.0161827,28.3322058,0 84.0138307,28.3333956,0 84.0124519,28.3341571,0 84.010262,28.3357752,0 84.0079911,28.3373219,0 84.00731519999999,28.3390351,0 84.0058824,28.3409625,0 84.0039629,28.3408435,0 84.0007998,28.3412243,0 83.99885329999999,28.3397728,0 83.9975826,28.3389638,0 83.9977719,28.3373219,0 83.9967175,28.3363225,0 83.9950499,28.3346651,0 83.9945128,28.3344014,0 83.994315,28.3341626,0 83.9943432,28.3338242,0 83.99434890000001,28.3336351,0 83.9942697,28.3334261,0 83.9942132,28.333237,0 83.9941793,28.3330728,0 83.99414539999999,28.3329086,0 83.99402670000001,28.332824,0 83.99387969999999,28.3326797,0 83.9937383,28.3324906,0 83.9936479,28.3323363,0 83.9935122,28.3322069,0 83.99335960000001,28.3321771,0 83.9930882,28.3320776,0 83.99272070000001,28.3319681,0 83.9925511,28.331784,0 83.9924381,28.3316944,0 83.9922911,28.3316397,0 83.9921102,28.3315899,0 83.991884,28.3315352,0 83.9916522,28.3315003,0 83.9914883,28.3314207,0 83.9911774,28.3312117,0 83.99091730000001,28.3310375,0 83.9904859,28.3307204,0 83.99046939999999,28.3304602,0 83.9903928,28.3301807,0 83.9902833,28.3299108,0 83.9902012,28.3297084,0 83.9900698,28.3294819,0 83.9896865,28.32913,0 83.9895058,28.3290144,0 83.9892704,28.3288264,0 83.98913899999999,28.3286963,0 83.9889474,28.32848419999999,0 83.98875580000001,28.3283397,0 83.98853130000001,28.3281758,0 83.9881206,28.3281324,0 83.98752930000001,28.3282529,0 83.9872337,28.3283589,0 83.9870913,28.3284361,0 83.9869052,28.3284601,0 83.9866533,28.3284746,0 83.986407,28.3284409,0 83.9860949,28.3284409,0 83.9857052,28.3284256,0 83.9854534,28.3283292,0 83.9851796,28.328387,0 83.9848894,28.3285027,0 83.9846924,28.3286096,0 83.9842598,28.3284063,0 83.98405169999999,28.328281,0 83.98384369999999,28.328175,0 83.9836083,28.3281268,0 83.98336740000001,28.3281364,0 83.9830881,28.3281557,0 83.9828253,28.3282039,0 83.98254059999999,28.3282328,0 83.981807,28.3283196,0 83.981588,28.3283533,0 83.9814073,28.3282762,0 83.9812814,28.3281461,0 83.98111710000001,28.3280497,0 83.9809419,28.3279388,0 83.98076399999999,28.327859,0 83.9805258,28.3280256,0 83.9802466,28.328175,0 83.9797757,28.3282473,0 83.9795074,28.3282135,0 83.9793815,28.3281316,0 83.9791738,28.3279693,0 83.9788537,28.3280147,0 83.97828320000001,28.3280994,0 83.97788009999999,28.3281764,0 83.97748319999999,28.3282854,0 83.9770189,28.328549,0 83.976792,28.328647,0 83.97662269999999,28.3286835,0 83.9762954,28.3289092,0 83.9758901,28.3294202,0 83.9756373,28.3295938,0 83.9752012,28.32982000000001,0 83.9747941,28.3299334,0 83.97439730000001,28.3300418,0 83.9739716,28.3301093,0 83.9736479,28.3301546,0 83.97336060000001,28.3301984,0 83.9730969,28.3302615,0 83.9728482,28.3302087,0 83.97250289999999,28.3301488,0 83.971953,28.3298389,0 83.9717115,28.3297566,0 83.9713575,28.3296513,0 83.97090590000001,28.3295831,0 83.9705842,28.329377,0 83.9701977,28.3290633,0 83.9699382,28.3288758,0 83.9695498,28.328434,0 83.9694648,28.3283098,0 83.9693832,28.3281729,0 83.9692397,28.3280191,0 83.969027,28.32803910000001,0 83.9686837,28.3281452,0 83.9684547,28.3284294,0 83.96804059999999,28.3282787,0 83.96776149999999,28.3283474,0 83.9674394,28.3284105,0 83.9670847,28.3285285,0 83.96682629999999,28.3286319,0 83.9664485,28.32871069999999,0 83.9661852,28.3287448,0 83.96596839999999,28.3286494,0 83.96585229999999,28.3284109,0 83.965891,28.3282336,0 83.9660691,28.3280633,0 83.9662627,28.3279951,0 83.96650270000001,28.327777,0 83.966464,28.3275316,0 83.96595430000001,28.3271474,0 83.96559379999999,28.3269607,0 83.9654029,28.326662,0 83.96538169999999,28.3263166,0 83.9655301,28.3259525,0 83.9656044,28.3254578,0 83.96538169999999,28.3246456,0 83.9651908,28.3242162,0 83.96518020000001,28.3239455,0 83.96528619999999,28.3236374,0 83.9655932,28.3232522,0 83.9655612,28.322855,0 83.9653264,28.3225374,0 83.9650635,28.3223865,0 83.9648408,28.3222372,0 83.9645439,28.3219291,0 83.96426820000001,28.321453,0 83.9640879,28.3207715,0 83.96413029999999,28.3203141,0 83.9641409,28.31995,0 83.9641091,28.3196419,0 83.96398189999999,28.3192965,0 83.96376979999999,28.3190911,0 83.9635895,28.3189978,0 83.9633244,28.3188951,0 83.9630911,28.318727,0 83.9629108,28.3184937,0 83.9627517,28.3182603,0 83.9624972,28.3179335,0 83.96210480000001,28.317112,0 83.9622639,28.3167106,0 83.9623275,28.3163745,0 83.9622957,28.3160104,0 83.9622109,28.315749,0 83.96203060000001,28.3155809,0 83.96150040000001,28.3151795,0 83.9614473,28.3148434,0 83.9614473,28.3144886,0 83.96119280000001,28.3140218,0 83.9607792,28.313611,0 83.9604611,28.3131723,0 83.9600157,28.3127801,0 83.95978239999999,28.3124907,0 83.959687,28.3121826,0 83.9596339,28.3117438,0 83.95950670000001,28.3114077,0 83.95905070000001,28.3110249,0 83.9576397,28.31028,0 83.9574215,28.31006349999999,0 83.9566806,28.3096211,0 83.9564081,28.3094937,0 83.9561867,28.3089464,0 83.95596519999999,28.3080916,0 83.9549689,28.3077168,0 83.9548582,28.3074843,0 83.9549178,28.30709450000001,0 83.9543302,28.3064122,0 83.95379370000001,28.3060523,0 83.95242260000001,28.3058873,0 83.95168169999999,28.3058273,0 83.95139210000001,28.3055649,0 83.951324,28.3053775,0 83.9508897,28.3052425,0 83.9498167,28.30528,0 83.94919849999999,28.30546379999999,0 83.948931,28.3056849,0 83.9483434,28.3060223,0 83.9480879,28.3060073,0 83.9479649,28.3061581,0 83.9478007,28.3061838,0 83.94751119999999,28.3062557,0 83.94738,28.3059582,0 83.94731,28.3056486,0 83.9467076,28.3043602,0 83.9465228,28.3040991,0 83.9458813,28.3039639,0 83.9450808,28.3041408,0 83.9444463,28.3040732,0 83.9438047,28.303715,0 83.9431984,28.3025532,0 83.9429655,28.3020704,0 83.9427931,28.3013355,0 83.9428015,28.3003039,0 83.94255560000001,28.3000702,0 83.9419429,28.2997862,0 83.9409314,28.2995273,0 83.93994290000001,28.2988962,0 83.93922600000001,28.2987299,0 83.93805,28.2988501,0 83.9361401,28.2986009,0 83.93540710000001,28.2983654,0 83.9347459,28.2980081,0 83.934628,28.2974601,0 83.93480769999999,28.2969558,0 83.9356386,28.2959841,0 83.93575010000001,28.2953876,0 83.9355121,28.2950519,0 83.93417359999999,28.2939856,0 83.9335746,28.293642,0 83.9330777,28.2934999,0 83.9325781,28.2933602,0 83.9322166,28.2933682,0 83.9319119,28.2935621,0 83.9316524,28.2940322,0 83.9309811,28.2946344,0 83.93055889999999,28.2953179,0 83.9304357,28.2958352,0 83.93063840000001,28.2967334,0 83.9305253,28.2970723,0 83.9303111,28.2972554,0 83.9300927,28.2973699,0 83.9297139,28.2974352,0 83.9294737,28.29753240000001,0 83.92888720000001,28.2977042,0 83.92791250000001,28.29800120000001,0 83.9271177,28.2982935,0 83.9268071,28.2988278,0 83.9265855,28.2996722,0 83.9263263,28.3002066,0 83.92577,28.3007836,0 83.9254184,28.3011278,0 83.92479520000001,28.3015079,0 83.9242433,28.3015451,0 83.9236597,28.3014772,0 83.92310139999999,28.3012051,0 83.92205869999999,28.3005529,0 83.920942,28.3000764,0 83.920205,28.2998738,0 83.9194609,28.2998317,0 83.9186181,28.2999115,0 83.91786089999999,28.2990214,0 83.9163588,28.2973747,0 83.9138547,28.2962202,0 83.912459,28.2956281,0 83.91071530000001,28.2946312,0 83.9104449,28.2936761,0 83.9101017,28.2931955,0 83.9092723,28.2928667,0 83.9084481,28.2924404,0 83.9073588,28.29205749999999,0 83.905579,28.2937371,0 83.90192589999999,28.29337719999999,0 83.9002739,28.2927773,0 83.89847109999999,28.2925112,0 83.89780279999999,28.292374,0 83.8967425,28.292549,0 83.89648320000001,28.2927897,0 83.8957777,28.294037,0 83.8950198,28.2943369,0 83.8941768,28.2951018,0 83.8930187,28.2965639,0 83.89188609999999,28.2965789,0 83.8904811,28.2970587,0 83.88812230000001,28.29769599999999,0 83.8853122,28.2976136,0 83.881097,28.2935796,0 83.878619,28.2918925,0 83.8782188,28.2913302,0 83.8770142,28.2902047,0 83.87735549999999,28.2902761,0 83.87785460000001,28.2904226,0 83.8781276,28.2904424,0 83.8788017,28.2904808,0 83.8792689,28.2902441,0 83.8798575,28.2899041,0 83.87942889999999,28.2891919,0 83.878334,28.2877397,0 83.87727959999999,28.2854423,0 83.8768606,28.2823831,0 83.8778338,28.2818832,0 83.87951,28.2815737,0 83.8823757,28.2803594,0 83.884187,28.2789986,0 83.88299910000001,28.2777313,0 83.88280690000001,28.277201,0 83.8834399,28.275908,0 83.8816482,28.2744529,0 83.88143359999999,28.2728182,0 83.8819057,28.2704087,0 83.8819057,28.2677535,0 83.8830858,28.2665723,0 83.88347210000001,28.2657219,0 83.88244210000001,28.2648525,0 83.8823885,28.26421940000001,0 83.8824528,28.2600047,0 83.8822275,28.2583604,0 83.8808542,28.2568106,0 83.87909689999999,28.2559175,0 83.8777461,28.2551354,0 83.8775289,28.2557544,0 83.8770348,28.2566056,0 83.8767623,28.2567898,0 83.8762768,28.2571049,0 83.87594470000001,28.25735239999999,0 83.8755997,28.2576,0 83.87502480000001,28.2582753,0 83.8748155,28.258555,0 83.8737855,28.2587479,0 83.87345329999999,28.2587367,0 83.872955,28.2586016,0 83.8722906,28.2585341,0 83.8718051,28.2586129,0 83.87117910000001,28.258928,0 83.8707447,28.2592431,0 83.87058209999999,28.2594183,0 83.8704264,28.2594806,0 83.869945,28.2597543,0 83.86941539999999,28.25988329999999,0 83.8691556,28.2599558,0 83.86815919999999,28.26011799999999,0 83.8678377,28.2605321,0 83.8675959,28.2609909,0 83.8673896,28.2611786,0 83.8668737,28.2614609,0 83.866158,28.26189889999999,0 83.8658769,28.2621014,0 83.8649826,28.2624278,0 83.8640754,28.263103,0 83.8631683,28.264037,0 83.8623123,28.2647009,0 83.86136689999999,28.2651848,0 83.8610091,28.2652748,0 83.86068969999999,28.2654661,0 83.8604583,28.265598,0 83.86005609999999,28.2657779,0 83.85962379999999,28.2658805,0 83.8592843,28.2659837,0 83.859131,28.2661525,0 83.8591867,28.2666258,0 83.8591201,28.2668118,0 83.85893799999999,28.2669451,0 83.85860719999999,28.2670078,0 83.8583644,28.2669402,0 83.8582365,28.2668605,0 83.85805070000001,28.2667803,0 83.85755949999999,28.2664114,0 83.857292,28.2660616,0 83.8569097,28.2658204,0 83.8566955,28.26582700000001,0 83.85667170000001,28.2658591,0 83.8563458,28.2662988,0 83.8561797,28.2664001,0 83.8560519,28.2666702,0 83.8559625,28.266974,0 83.85571969999999,28.2670415,0 83.8552725,28.267064,0 83.8548509,28.26707529999999,0 83.85438720000001,28.2668626,0 83.85380960000001,28.2665839,0 83.8532962,28.2663764,0 83.8529927,28.2662887,0 83.8529365,28.2661936,0 83.8528673,28.2660972,0 83.8526868,28.2659594,0 83.8524896,28.265976,0 83.8525233,28.2661161,0 83.8524132,28.2661646,0 83.85229219999999,28.2662664,0 83.8521738,28.2662906,0 83.8520472,28.2662567,0 83.85182709999999,28.2661839,0 83.8517033,28.2661646,0 83.8515106,28.266213,0 83.8513538,28.2662882,0 83.85125189999999,28.266453,0 83.8511171,28.2666057,0 83.85106759999999,28.2666808,0 83.8509052,28.2667075,0 83.85058789999999,28.2667689,0 83.850297,28.2667317,0 83.85002729999999,28.2666566,0 83.84986499999999,28.2665378,0 83.8497466,28.26647000000001,0 83.849598,28.2664069,0 83.84925130000001,28.2661258,0 83.84912749999999,28.2659125,0 83.8490449,28.2658083,0 83.8487587,28.2656313,0 83.8487133,28.2655181,0 83.8487009,28.2654236,0 83.84878809999999,28.2652666,0 83.8487768,28.2650865,0 83.8484394,28.2647462,0 83.8480769,28.2641355,0 83.8468855,28.2634075,0 83.8466525,28.2634065,0 83.8461892,28.2628919,0 83.8456896,28.2626982,0 83.8454488,28.2625889,0 83.8451728,28.2625702,0 83.8447275,28.2627254,0 83.8443663,28.2627822,0 83.8436269,28.2628053,0 83.8431143,28.2627858,0 83.8427125,28.2626673,0 83.842281,28.2626165,0 83.8421317,28.2626509,0 83.841919,28.2627167,0 83.8417401,28.2626816,0 83.8409443,28.2628603,0 83.84071419999999,28.2628727,0 83.8405078,28.2629088,0 83.8402289,28.2632745,0 83.8400793,28.2633664,0 83.83975220000001,28.2635473,0 83.839591,28.2635832,0 83.8388021,28.2636307,0 83.8383939,28.2634696,0 83.83797180000001,28.2642005,0 83.8376883,28.2643741,0 83.83720769999999,28.264537,0 83.8367112,28.2650231,0 83.8362862,28.2651847,0 83.8361975,28.2657851,0 83.8364979,28.2665222,0 83.83666959999999,28.2673159,0 83.836219,28.2682797,0 83.82632700000001,28.2673915,0 83.82272209999999,28.2676561,0 83.82177830000001,28.26690139999999,0 83.82107019999999,28.2665045,0 83.8201153,28.2659328,0 83.8196808,28.2654414,0 83.8191712,28.2651249,0 83.8190317,28.2643122,0 83.8191336,28.2638633,0 83.81941260000001,28.2634617,0 83.8196003,28.262753,0 83.81968620000001,28.2621104,0 83.8198793,28.2615245,0 83.8205064,28.2605599,0 83.8222435,28.2566446,0 83.8222725,28.2554601,0 83.8223121,28.2537044,0 83.82238839999999,28.25073069999999,0 83.8093464,28.24085820000001,0 83.8038754,28.2347335,0 83.8011719,28.2321232,0 83.79871850000001,28.2286575,0 
						</coordinates>
					</LinearRing>
				</outerBoundaryIs>
			</Polygon>
		</Placemark>
	</Folder>
	<Folder id="0DA7DE2B5B40DD118F1C">
		<name>Forest</name>
		<visibility>0</visibility>
		<styleUrl>#__managed_style_07E6E4079340DD16CD2B</styleUrl>
		<Placemark id="01C10B3C0D40DD1AF327">
			<name>Untitled placemark</name>
			<LookAt>
				<longitude>83.80750608812261</longitude>
				<latitude>28.22721110919077</latitude>
				<altitude>2041.497266393191</altitude>
				<heading>0</heading>
				<tilt>0</tilt>
				<gx:fovy>30.0000170392615</gx:fovy>
				<range>151.3861705942873</range>
				<altitudeMode>absolute</altitudeMode>
			</LookAt>
			<styleUrl>#__managed_style_0A5BF35D4A40DD1B1DC4</styleUrl>
			<Point>
				<coordinates>83.80737229757129,28.22710837907324,2044.70227024369</coordinates>
			</Point>
		</Placemark>
		<Placemark id="0D1C375ADB40DD1BB596">
			<name>Untitled placemark</name>
			<LookAt>
				<longitude>83.82393441573423</longitude>
				<latitude>28.23736667001661</latitude>
				<altitude>1500.240531467092</altitude>
				<heading>0</heading>
				<tilt>0</tilt>
				<gx:fovy>30.0000170392615</gx:fovy>
				<range>89.4330964784058</range>
				<altitudeMode>absolute</altitudeMode>
			</LookAt>
			<styleUrl>#__managed_style_0A5BF35D4A40DD1B1DC4</styleUrl>
			<Point>
				<coordinates>83.82389559806003,28.23736679390717,1501.211462676246</coordinates>
			</Point>
		</Placemark>
		<Placemark id="00E17D5D6340DD20D020">
			<name>Untitled placemark</name>
			<LookAt>
				<longitude>83.83351952758987</longitude>
				<latitude>28.25106819299134</latitude>
				<altitude>1591.442287823486</altitude>
				<heading>15.9723869351335</heading>
				<tilt>0</tilt>
				<gx:fovy>30.0000170392615</gx:fovy>
				<range>150.830336995241</range>
				<altitudeMode>absolute</altitudeMode>
			</LookAt>
			<styleUrl>#__managed_style_0A5BF35D4A40DD1B1DC4</styleUrl>
			<Point>
				<coordinates>83.83356454336239,28.25089837920803,1587.514688344409</coordinates>
			</Point>
		</Placemark>
		<Placemark id="0A4F27B16240DD210BEE">
			<name>Untitled placemark</name>
			<LookAt>
				<longitude>83.82445595535314</longitude>
				<latitude>28.25652954209244</latitude>
				<altitude>1798.248672767941</altitude>
				<heading>15.97174554416351</heading>
				<tilt>0</tilt>
				<gx:fovy>30.0000170392615</gx:fovy>
				<range>119.1610910252348</range>
				<altitudeMode>absolute</altitudeMode>
			</LookAt>
			<styleUrl>#__managed_style_0A5BF35D4A40DD1B1DC4</styleUrl>
			<Point>
				<coordinates>83.82422942684866,28.25655194290086,1803.18581975434</coordinates>
			</Point>
		</Placemark>
		<Placemark id="091476879740DD216544">
			<name>Untitled placemark</name>
			<LookAt>
				<longitude>83.82277794783414</longitude>
				<latitude>28.25772910710085</latitude>
				<altitude>1791.89549504529</altitude>
				<heading>15.97157763628284</heading>
				<tilt>0</tilt>
				<gx:fovy>30.0000170392615</gx:fovy>
				<range>140.3815391286662</range>
				<altitudeMode>absolute</altitudeMode>
			</LookAt>
			<styleUrl>#__managed_style_0A5BF35D4A40DD1B1DC4</styleUrl>
			<Point>
				<coordinates>83.82251957459245,28.25779444264481,1793.464410019748</coordinates>
			</Point>
		</Placemark>
		<Placemark id="04BD06EF1B40DD21F0F8">
			<name>Untitled placemark</name>
			<LookAt>
				<longitude>83.87071536772757</longitude>
				<latitude>28.2519961189972</latitude>
				<altitude>1071.138785345886</altitude>
				<heading>15.98583726843297</heading>
				<tilt>0</tilt>
				<gx:fovy>30.0000170392615</gx:fovy>
				<range>79.57900683940352</range>
				<altitudeMode>absolute</altitudeMode>
			</LookAt>
			<styleUrl>#__managed_style_0A5BF35D4A40DD1B1DC4</styleUrl>
			<Point>
				<coordinates>83.87062903235072,28.25200678159572,1072.706038962924</coordinates>
			</Point>
		</Placemark>
		<Placemark id="06DE8B020740DD22406C">
			<name>Untitled placemark</name>
			<LookAt>
				<longitude>83.85307726841882</longitude>
				<latitude>28.26032481825801</latitude>
				<altitude>1176.882482967582</altitude>
				<heading>15.98366545982453</heading>
				<tilt>0</tilt>
				<gx:fovy>30.0000170392615</gx:fovy>
				<range>48.53469268653498</range>
				<altitudeMode>absolute</altitudeMode>
			</LookAt>
			<styleUrl>#__managed_style_0A5BF35D4A40DD1B1DC4</styleUrl>
			<Point>
				<coordinates>83.85295204115478,28.26033163038845,1176.949978232012</coordinates>
			</Point>
		</Placemark>
		<Placemark id="0C47C373A340DD22F793">
			<name>Untitled placemark</name>
			<LookAt>
				<longitude>83.89098705691214</longitude>
				<latitude>28.26465154875841</latitude>
				<altitude>1287.183046317258</altitude>
				<heading>15.99290795547621</heading>
				<tilt>0</tilt>
				<gx:fovy>30.0000170392615</gx:fovy>
				<range>187.343770764237</range>
				<altitudeMode>absolute</altitudeMode>
			</LookAt>
			<styleUrl>#__managed_style_0A5BF35D4A40DD1B1DC4</styleUrl>
			<Point>
				<coordinates>83.89093671783975,28.26470324377917,1287.852390923254</coordinates>
			</Point>
		</Placemark>
		<Placemark id="09D10C5B9A40DD2345C7">
			<name>Untitled placemark</name>
			<LookAt>
				<longitude>83.92370450537815</longitude>
				<latitude>28.27601304823791</latitude>
				<altitude>1125.798353028857</altitude>
				<heading>16.00612925370264</heading>
				<tilt>0</tilt>
				<gx:fovy>30.0000170392615</gx:fovy>
				<range>142.0756014546714</range>
				<altitudeMode>absolute</altitudeMode>
			</LookAt>
			<styleUrl>#__managed_style_0A5BF35D4A40DD1B1DC4</styleUrl>
			<Point>
				<coordinates>83.92353404577445,28.27601486474394,1129.546587481919</coordinates>
			</Point>
		</Placemark>
		<Placemark id="06AF9E79FB40DD23AD4B">
			<name>Untitled placemark</name>
			<LookAt>
				<longitude>83.92844410212261</longitude>
				<latitude>28.28998123508973</latitude>
				<altitude>1329.060807029218</altitude>
				<heading>16.00818901934528</heading>
				<tilt>0</tilt>
				<gx:fovy>30.0000170392615</gx:fovy>
				<range>136.9091175477843</range>
				<altitudeMode>absolute</altitudeMode>
			</LookAt>
			<styleUrl>#__managed_style_0A5BF35D4A40DD1B1DC4</styleUrl>
			<Point>
				<coordinates>83.92846938175481,28.28993482703719,1331.748936895614</coordinates>
			</Point>
		</Placemark>
		<Placemark id="051DFD2D8240DD23FE46">
			<name>Untitled placemark</name>
			<LookAt>
				<longitude>83.98279346753408</longitude>
				<latitude>28.31142839025943</latitude>
				<altitude>1935.169257814964</altitude>
				<heading>16.03833308185122</heading>
				<tilt>0</tilt>
				<gx:fovy>30.0000170392615</gx:fovy>
				<range>119.1097526426529</range>
				<altitudeMode>absolute</altitudeMode>
			</LookAt>
			<styleUrl>#__managed_style_0A5BF35D4A40DD1B1DC4</styleUrl>
			<Point>
				<coordinates>83.9828047417803,28.31128445379036,1938.650702949926</coordinates>
			</Point>
		</Placemark>
		<Placemark id="040B4CDBC040DD2462E0">
			<name>Untitled placemark</name>
			<LookAt>
				<longitude>83.98866972714704</longitude>
				<latitude>28.3269103130146</latitude>
				<altitude>1323.073877518827</altitude>
				<heading>16.04434546689955</heading>
				<tilt>0</tilt>
				<gx:fovy>30.0000170392615</gx:fovy>
				<range>112.7389606730321</range>
				<altitudeMode>absolute</altitudeMode>
			</LookAt>
			<styleUrl>#__managed_style_0A5BF35D4A40DD1B1DC4</styleUrl>
			<Point>
				<coordinates>83.98865780956913,28.32689197432295,1322.661865222925</coordinates>
			</Point>
		</Placemark>
		<Placemark id="070D77F0BF40DD24FBEF">
			<name>Untitled placemark</name>
			<LookAt>
				<longitude>84.02064158843669</longitude>
				<latitude>28.31270220912689</latitude>
				<altitude>2124.283096656205</altitude>
				<heading>16.05317803056658</heading>
				<tilt>0</tilt>
				<gx:fovy>30.0000170392615</gx:fovy>
				<range>130.5979383637168</range>
				<altitudeMode>absolute</altitudeMode>
			</LookAt>
			<styleUrl>#__managed_style_0A5BF35D4A40DD1B1DC4</styleUrl>
			<Point>
				<coordinates>84.02058429252708,28.31267502316319,2127.363892231301</coordinates>
			</Point>
		</Placemark>
		<Placemark id="02D7C1571940DD25444C">
			<name>Untitled placemark</name>
			<LookAt>
				<longitude>84.02324682125335</longitude>
				<latitude>28.30684409986133</latitude>
				<altitude>1860.283641752445</altitude>
				<heading>16.05404054819519</heading>
				<tilt>0</tilt>
				<gx:fovy>30.0000170392615</gx:fovy>
				<range>84.12820753694179</range>
				<altitudeMode>absolute</altitudeMode>
			</LookAt>
			<styleUrl>#__managed_style_0A5BF35D4A40DD1B1DC4</styleUrl>
			<Point>
				<coordinates>84.02324568941542,28.30684063701411,1860.455033421156</coordinates>
			</Point>
		</Placemark>
		<Placemark id="0EBD0A9D6740DD259C4C">
			<name>Untitled placemark</name>
			<LookAt>
				<longitude>84.04205555523752</longitude>
				<latitude>28.28752971569413</latitude>
				<altitude>1508.87544584836</altitude>
				<heading>16.06410614936137</heading>
				<tilt>0</tilt>
				<gx:fovy>30.0000170392615</gx:fovy>
				<range>128.0436973814722</range>
				<altitudeMode>absolute</altitudeMode>
			</LookAt>
			<styleUrl>#__managed_style_0A5BF35D4A40DD1B1DC4</styleUrl>
			<Point>
				<coordinates>84.04216659179882,28.287490222538,1503.549342737658</coordinates>
			</Point>
		</Placemark>
		<Placemark id="016573B22340DD260330">
			<name>Untitled placemark</name>
			<LookAt>
				<longitude>84.04068343950253</longitude>
				<latitude>28.27070372609197</latitude>
				<altitude>1506.499171314137</altitude>
				<heading>16.07283220184402</heading>
				<tilt>0</tilt>
				<gx:fovy>30.0000170392615</gx:fovy>
				<range>155.3514290591557</range>
				<altitudeMode>absolute</altitudeMode>
			</LookAt>
			<styleUrl>#__managed_style_0A5BF35D4A40DD1B1DC4</styleUrl>
			<Point>
				<coordinates>84.04071744939789,28.27075218022838,1507.697824942343</coordinates>
			</Point>
		</Placemark>
		<Placemark id="09127FB7D940DD267A79">
			<name>Untitled placemark</name>
			<LookAt>
				<longitude>84.04360881124074</longitude>
				<latitude>28.26593714292825</latitude>
				<altitude>1304.89001246492</altitude>
				<heading>16.07575150623705</heading>
				<tilt>30.01963839560388</tilt>
				<gx:fovy>30.0000170392615</gx:fovy>
				<range>187.6057124034014</range>
				<altitudeMode>absolute</altitudeMode>
			</LookAt>
			<styleUrl>#__managed_style_0A5BF35D4A40DD1B1DC4</styleUrl>
			<Point>
				<coordinates>84.0437134085111,28.26589459021778,1300.397784824682</coordinates>
			</Point>
		</Placemark>
		<Placemark id="0ED8013EEA40DD26BD9B">
			<name>Untitled placemark</name>
			<LookAt>
				<longitude>84.05088509655562</longitude>
				<latitude>28.26553600531108</latitude>
				<altitude>1265.578295401429</altitude>
				<heading>16.07951948315028</heading>
				<tilt>30.01926904946666</tilt>
				<gx:fovy>30.0000170392615</gx:fovy>
				<range>105.4959261067052</range>
				<altitudeMode>absolute</altitudeMode>
			</LookAt>
			<styleUrl>#__managed_style_0A5BF35D4A40DD1B1DC4</styleUrl>
			<Point>
				<coordinates>84.05116195590327,28.26551814463789,1240.382013368732</coordinates>
			</Point>
		</Placemark>
		<Placemark id="0A809786EE40DD271D56">
			<name>Untitled placemark</name>
			<LookAt>
				<longitude>84.02782475981348</longitude>
				<latitude>28.26379926928028</latitude>
				<altitude>1257.77182589167</altitude>
				<heading>16.07611505787542</heading>
				<tilt>30.01926574172504</tilt>
				<gx:fovy>30.0000170392615</gx:fovy>
				<range>104.760454523821</range>
				<altitudeMode>absolute</altitudeMode>
			</LookAt>
			<styleUrl>#__managed_style_0A5BF35D4A40DD1B1DC4</styleUrl>
			<Point>
				<coordinates>84.02763993071272,28.26377099443139,1250.173536862134</coordinates>
			</Point>
		</Placemark>
		<Placemark id="06E7A2142A40DD279CEE">
			<name>Untitled placemark</name>
			<LookAt>
				<longitude>84.0508556118333</longitude>
				<latitude>28.23990566752164</latitude>
				<altitude>913.6964819840583</altitude>
				<heading>16.08302652327167</heading>
				<tilt>30.01950215175497</tilt>
				<gx:fovy>30.0000170392615</gx:fovy>
				<range>157.307769099516</range>
				<altitudeMode>absolute</altitudeMode>
			</LookAt>
			<styleUrl>#__managed_style_0A5BF35D4A40DD1B1DC4</styleUrl>
			<Point>
				<coordinates>84.05070596351077,28.23978830014535,917.9671211320168</coordinates>
			</Point>
		</Placemark>
		<Placemark id="05218E073D40DD2808D9">
			<name>Untitled placemark</name>
			<LookAt>
				<longitude>84.03702077266115</longitude>
				<latitude>28.24351751121673</latitude>
				<altitude>1210.656798795569</altitude>
				<heading>16.08077505509056</heading>
				<tilt>30.01944103516792</tilt>
				<gx:fovy>30.0000170392615</gx:fovy>
				<range>143.7285119530134</range>
				<altitudeMode>absolute</altitudeMode>
			</LookAt>
			<styleUrl>#__managed_style_0A5BF35D4A40DD1B1DC4</styleUrl>
			<Point>
				<coordinates>84.0366735778447,28.24344001493871,1205.037816060111</coordinates>
			</Point>
		</Placemark>
		<Placemark id="0181057C8A40DD285329">
			<name>Untitled placemark</name>
			<LookAt>
				<longitude>84.02249587602557</longitude>
				<latitude>28.23375602791294</latitude>
				<altitude>1069.720304365046</altitude>
				<heading>16.07309506123483</heading>
				<tilt>30.01943464739252</tilt>
				<gx:fovy>30.0000170392615</gx:fovy>
				<range>142.3053146419261</range>
				<altitudeMode>absolute</altitudeMode>
			</LookAt>
			<styleUrl>#__managed_style_0A5BF35D4A40DD1B1DC4</styleUrl>
			<Point>
				<coordinates>84.02223048173845,28.23357169905899,1073.696014560675</coordinates>
			</Point>
		</Placemark>
		<Placemark id="008165AC9340DD28B1CC">
			<name>Untitled placemark</name>
			<LookAt>
				<longitude>84.00595300984132</longitude>
				<latitude>28.22989166012355</latitude>
				<altitude>1013.702377334403</altitude>
				<heading>16.06874276417592</heading>
				<tilt>30.01940103141674</tilt>
				<gx:fovy>30.0000170392615</gx:fovy>
				<range>134.8312689427803</range>
				<altitudeMode>absolute</altitudeMode>
			</LookAt>
			<styleUrl>#__managed_style_0A5BF35D4A40DD1B1DC4</styleUrl>
			<Point>
				<coordinates>84.00593357327594,28.22978294085349,1012.745375866708</coordinates>
			</Point>
		</Placemark>
		<Placemark id="06CF49D33B40DD28FC1C">
			<name>Untitled placemark</name>
			<LookAt>
				<longitude>84.00400063991682</longitude>
				<latitude>28.23055184561407</latitude>
				<altitude>966.7084291855432</altitude>
				<heading>16.06870482241326</heading>
				<tilt>30.01914611729116</tilt>
				<gx:fovy>30.0000170392615</gx:fovy>
				<range>78.16345813610498</range>
				<altitudeMode>absolute</altitudeMode>
			</LookAt>
			<styleUrl>#__managed_style_0A5BF35D4A40DD1B1DC4</styleUrl>
			<Point>
				<coordinates>84.00388800942322,28.23049213159317,955.9653961809462</coordinates>
			</Point>
		</Placemark>
		<Placemark id="046494D5CF40DD29ACD0">
			<name>Untitled placemark</name>
			<LookAt>
				<longitude>83.83653780286137</longitude>
				<latitude>28.21645382755606</latitude>
				<altitude>1854.699181959282</altitude>
				<heading>15.96519027496076</heading>
				<tilt>30.01972189922071</tilt>
				<gx:fovy>30.0000170392615</gx:fovy>
				<range>206.1871590437295</range>
				<altitudeMode>absolute</altitudeMode>
			</LookAt>
			<styleUrl>#__managed_style_0A5BF35D4A40DD1B1DC4</styleUrl>
			<Point>
				<coordinates>83.83617151936596,28.21644871566616,1845.534129776966</coordinates>
			</Point>
		</Placemark>
		<Placemark id="08D88E60B240DD29FD0F">
			<name>Untitled placemark</name>
			<LookAt>
				<longitude>83.85598516562469</longitude>
				<latitude>28.21576609876116</latitude>
				<altitude>1460.774183859754</altitude>
				<heading>15.98035807390764</heading>
				<tilt>30.01959508856195</tilt>
				<gx:fovy>30.0000170392615</gx:fovy>
				<range>177.982523803621</range>
				<altitudeMode>absolute</altitudeMode>
			</LookAt>
			<styleUrl>#__managed_style_0A5BF35D4A40DD1B1DC4</styleUrl>
			<Point>
				<coordinates>83.85563649487491,28.21557472646384,1474.564519554993</coordinates>
			</Point>
		</Placemark>
		<Placemark id="0622E9FAD140DD2A994E">
			<name>Untitled placemark</name>
			<LookAt>
				<longitude>83.84737208523622</longitude>
				<latitude>28.20956302931806</latitude>
				<altitude>1823.352354370893</altitude>
				<heading>15.97985374009959</heading>
				<tilt>30.01941852337741</tilt>
				<gx:fovy>30.0000170392615</gx:fovy>
				<range>138.7373549964832</range>
				<altitudeMode>absolute</altitudeMode>
			</LookAt>
			<styleUrl>#__managed_style_0A5BF35D4A40DD1B1DC4</styleUrl>
			<Point>
				<coordinates>83.84705754977033,28.20940356217648,1826.885547398026</coordinates>
			</Point>
		</Placemark>
		<Placemark id="0D37911DC040DD2ADD3C">
			<name>Untitled placemark</name>
			<LookAt>
				<longitude>83.872107176771</longitude>
				<latitude>28.20842113585947</latitude>
				<altitude>1679.053266995631</altitude>
				<heading>15.98703710486235</heading>
				<tilt>30.01940243790056</tilt>
				<gx:fovy>30.0000170392615</gx:fovy>
				<range>135.1580499161537</range>
				<altitudeMode>absolute</altitudeMode>
			</LookAt>
			<styleUrl>#__managed_style_0A5BF35D4A40DD1B1DC4</styleUrl>
			<Point>
				<coordinates>83.87189520208535,28.20832066009046,1682.944612110288</coordinates>
			</Point>
		</Placemark>
		<Placemark id="066D18B0B540DD2B72D0">
			<name>Untitled placemark</name>
			<LookAt>
				<longitude>83.87648880801157</longitude>
				<latitude>28.20103189679915</latitude>
				<altitude>1715.874605139436</altitude>
				<heading>-4.174557040855974</heading>
				<tilt>74.84457555390624</tilt>
				<gx:fovy>30.0000170392615</gx:fovy>
				<range>89.49825450460594</range>
				<altitudeMode>absolute</altitudeMode>
			</LookAt>
			<styleUrl>#__managed_style_0A5BF35D4A40DD1B1DC4</styleUrl>
			<Point>
				<coordinates>83.87651252821352,28.2010328042753,1714.013820545421</coordinates>
			</Point>
		</Placemark>
		<Placemark id="099D0C6EC340DD2C6448">
			<name>Untitled placemark</name>
			<LookAt>
				<longitude>83.88376929971173</longitude>
				<latitude>28.21735288310116</latitude>
				<altitude>1317.162100336008</altitude>
				<heading>-4.157346121166998</heading>
				<tilt>65.54765084175364</tilt>
				<gx:fovy>30.0000170392615</gx:fovy>
				<range>135.9392624913744</range>
				<altitudeMode>absolute</altitudeMode>
			</LookAt>
			<styleUrl>#__managed_style_0A5BF35D4A40DD1B1DC4</styleUrl>
			<Point>
				<coordinates>83.88359369189538,28.21698859743632,1328.251005527438</coordinates>
			</Point>
		</Placemark>
		<Placemark id="07368065F340DD2E8FC8">
			<name>Untitled placemark</name>
			<LookAt>
				<longitude>83.91897278492331</longitude>
				<latitude>28.24009417831272</latitude>
				<altitude>960.2712669039479</altitude>
				<heading>40.79302609676287</heading>
				<tilt>59.33716791008966</tilt>
				<gx:fovy>30.0000170392615</gx:fovy>
				<range>161.6955436119133</range>
				<altitudeMode>absolute</altitudeMode>
			</LookAt>
			<styleUrl>#__managed_style_0A5BF35D4A40DD1B1DC4</styleUrl>
			<Point>
				<coordinates>83.91884705241101,28.24025210454276,958.3865067526808</coordinates>
			</Point>
		</Placemark>
		<Placemark id="065C60449D40DD2F0180">
			<name>Untitled placemark</name>
			<LookAt>
				<longitude>83.90593290341526</longitude>
				<latitude>28.24668769702312</latitude>
				<altitude>1072.709982933341</altitude>
				<heading>40.79294880606967</heading>
				<tilt>59.33676682384872</tilt>
				<gx:fovy>30.0000170392615</gx:fovy>
				<range>109.8409495370834</range>
				<altitudeMode>absolute</altitudeMode>
			</LookAt>
			<styleUrl>#__managed_style_0A5BF35D4A40DD1B1DC4</styleUrl>
			<Point>
				<coordinates>83.90590544234594,28.24670608254788,1073.01074804876</coordinates>
			</Point>
		</Placemark>
		<Placemark id="0771BC47A040DD2F44D8">
			<name>Untitled placemark</name>
			<LookAt>
				<longitude>83.88605664708584</longitude>
				<latitude>28.24946849044029</latitude>
				<altitude>877.6163719768898</altitude>
				<heading>40.78786719441359</heading>
				<tilt>59.33709753183599</tilt>
				<gx:fovy>30.0000170392615</gx:fovy>
				<range>152.5943493161139</range>
				<altitudeMode>absolute</altitudeMode>
			</LookAt>
			<styleUrl>#__managed_style_0A5BF35D4A40DD1B1DC4</styleUrl>
			<Point>
				<coordinates>83.88585516290833,28.24949801468314,874.4517378147596</coordinates>
			</Point>
		</Placemark>
		<Placemark id="059FF5F93440DD2FAC34">
			<name>Untitled placemark</name>
			<LookAt>
				<longitude>83.90728219206014</longitude>
				<latitude>28.19534547294317</latitude>
				<altitude>998.6805850717474</altitude>
				<heading>40.81695976532415</heading>
				<tilt>59.33752792971747</tilt>
				<gx:fovy>30.0000170392615</gx:fovy>
				<range>208.2438233229186</range>
				<altitudeMode>absolute</altitudeMode>
			</LookAt>
			<styleUrl>#__managed_style_0A5BF35D4A40DD1B1DC4</styleUrl>
			<Point>
				<coordinates>83.90735123799362,28.19497764509526,982.4022463588068</coordinates>
			</Point>
		</Placemark>
		<Placemark id="00D73ABEC840DD2FF2E0">
			<name>Untitled placemark</name>
			<LookAt>
				<longitude>83.9073602378927</longitude>
				<latitude>28.20281568425385</latitude>
				<altitude>1172.205591019941</altitude>
				<heading>40.81841468901891</heading>
				<tilt>59.33778671812043</tilt>
				<gx:fovy>30.0000170392615</gx:fovy>
				<range>241.7094259537043</range>
				<altitudeMode>absolute</altitudeMode>
			</LookAt>
			<styleUrl>#__managed_style_0A5BF35D4A40DD1B1DC4</styleUrl>
			<Point>
				<coordinates>83.9073136401669,28.20284149382668,1173.247294283221</coordinates>
			</Point>
		</Placemark>
		<Placemark id="0628EF232540DD308483">
			<name>Untitled placemark</name>
			<LookAt>
				<longitude>83.90237786040349</longitude>
				<latitude>28.21404885096959</latitude>
				<altitude>1360.480483157726</altitude>
				<heading>35.18929370220894</heading>
				<tilt>32.49432065606651</tilt>
				<gx:fovy>30.0000170392615</gx:fovy>
				<range>162.5666505062509</range>
				<altitudeMode>absolute</altitudeMode>
			</LookAt>
			<styleUrl>#__managed_style_0A5BF35D4A40DD1B1DC4</styleUrl>
			<Point>
				<coordinates>83.90240141703289,28.21404708308767,1361.482752444746</coordinates>
			</Point>
		</Placemark>
		<Placemark id="054101058340DD30FEB0">
			<name>Untitled placemark</name>
			<LookAt>
				<longitude>83.91767272822651</longitude>
				<latitude>28.17968731578655</latitude>
				<altitude>1012.998635361622</altitude>
				<heading>35.19470495303528</heading>
				<tilt>32.49392956231262</tilt>
				<gx:fovy>30.0000170392615</gx:fovy>
				<range>81.5930417189702</range>
				<altitudeMode>absolute</altitudeMode>
			</LookAt>
			<styleUrl>#__managed_style_0A5BF35D4A40DD1B1DC4</styleUrl>
			<Point>
				<coordinates>83.91763260036477,28.17961528670008,1014.154635501573</coordinates>
			</Point>
		</Placemark>
		<Placemark id="0E2506C34540DD3136E6">
			<name>Untitled placemark</name>
			<LookAt>
				<longitude>83.91144251275763</longitude>
				<latitude>28.18351987058819</latitude>
				<altitude>963.3056106584239</altitude>
				<heading>35.19319823969229</heading>
				<tilt>32.49435734199529</tilt>
				<gx:fovy>30.0000170392615</gx:fovy>
				<range>170.1512417655431</range>
				<altitudeMode>absolute</altitudeMode>
			</LookAt>
			<styleUrl>#__managed_style_0A5BF35D4A40DD1B1DC4</styleUrl>
			<Point>
				<coordinates>83.91108447080687,28.18346450035463,983.8440986892514</coordinates>
			</Point>
		</Placemark>
		<Placemark id="04062B742E40DD31B296">
			<name>Untitled placemark</name>
			<LookAt>
				<longitude>83.92517858996433</longitude>
				<latitude>28.20179710502824</latitude>
				<altitude>1291.701618493445</altitude>
				<heading>35.20495041295291</heading>
				<tilt>32.49419923955963</tilt>
				<gx:fovy>30.0000170392615</gx:fovy>
				<range>137.4279944646514</range>
				<altitudeMode>absolute</altitudeMode>
			</LookAt>
			<styleUrl>#__managed_style_0A5BF35D4A40DD1B1DC4</styleUrl>
			<Point>
				<coordinates>83.92515284792393,28.20168907938579,1296.435845754475</coordinates>
			</Point>
		</Placemark>
		<Placemark id="0CD441CB9940DD326969">
			<name>Untitled placemark</name>
			<LookAt>
				<longitude>83.95376222903252</longitude>
				<latitude>28.23226223757338</latitude>
				<altitude>1053.978995890349</altitude>
				<heading>35.22969319076969</heading>
				<tilt>32.49404502917543</tilt>
				<gx:fovy>30.0000170392615</gx:fovy>
				<range>105.4978382586524</range>
				<altitudeMode>absolute</altitudeMode>
			</LookAt>
			<styleUrl>#__managed_style_0A5BF35D4A40DD1B1DC4</styleUrl>
			<Point>
				<coordinates>83.95365006053368,28.23231344219286,1047.581197598112</coordinates>
			</Point>
		</Placemark>
		<Placemark id="0A9A51917B40DD32DC8F">
			<name>Untitled placemark</name>
			<LookAt>
				<longitude>83.95653855824045</longitude>
				<latitude>28.19772255673637</latitude>
				<altitude>914.6442866456841</altitude>
				<heading>35.22807246143573</heading>
				<tilt>32.49396257832841</tilt>
				<gx:fovy>30.0000170392615</gx:fovy>
				<range>88.42670773100508</range>
				<altitudeMode>absolute</altitudeMode>
			</LookAt>
			<styleUrl>#__managed_style_0A5BF35D4A40DD1B1DC4</styleUrl>
			<Point>
				<coordinates>83.95651123397556,28.19770439217622,913.8759346234924</coordinates>
			</Point>
		</Placemark>
		<Placemark id="0AEA6C6D2340DD334430">
			<name>Untitled placemark</name>
			<LookAt>
				<longitude>83.93734145935599</longitude>
				<latitude>28.21054195077003</latitude>
				<altitude>937.2820268297341</altitude>
				<heading>35.21868453511679</heading>
				<tilt>32.49456038740156</tilt>
				<gx:fovy>30.0000170392615</gx:fovy>
				<range>212.1847800748583</range>
				<altitudeMode>absolute</altitudeMode>
			</LookAt>
			<styleUrl>#__managed_style_0A5BF35D4A40DD1B1DC4</styleUrl>
			<Point>
				<coordinates>83.93735872124557,28.21076309507082,925.4236886436614</coordinates>
			</Point>
		</Placemark>
		<Placemark id="0B1FCC15B640DD33F7D4">
			<name>Untitled placemark</name>
			<LookAt>
				<longitude>83.94935132048742</longitude>
				<latitude>28.16392384799556</latitude>
				<altitude>1041.757420873867</altitude>
				<heading>35.25708431372878</heading>
				<tilt>32.49454095059167</tilt>
				<gx:fovy>30.0000170392615</gx:fovy>
				<range>208.164416867512</range>
				<altitudeMode>absolute</altitudeMode>
			</LookAt>
			<styleUrl>#__managed_style_0A5BF35D4A40DD1B1DC4</styleUrl>
			<Point>
				<coordinates>83.94948618404538,28.16393124535411,1039.12698873256</coordinates>
			</Point>
		</Placemark>
		<Placemark id="06050A363240DD3483A6">
			<name>Untitled placemark</name>
			<LookAt>
				<longitude>83.93047347731627</longitude>
				<latitude>28.15208898373365</latitude>
				<altitude>1106.438248136408</altitude>
				<heading>35.25452357473663</heading>
				<tilt>32.49437219308724</tilt>
				<gx:fovy>30.0000170392615</gx:fovy>
				<range>173.2296093909099</range>
				<altitudeMode>absolute</altitudeMode>
			</LookAt>
			<styleUrl>#__managed_style_0A5BF35D4A40DD1B1DC4</styleUrl>
			<Point>
				<coordinates>83.93023956767642,28.15206025924957,1122.159390552037</coordinates>
			</Point>
		</Placemark>
		<Placemark id="0F7BEE8A6340DD34E8D3">
			<name>Untitled placemark</name>
			<LookAt>
				<longitude>83.93141997743491</longitude>
				<latitude>28.16540719320832</latitude>
				<altitude>1257.111520214154</altitude>
				<heading>35.25635847797626</heading>
				<tilt>32.49456983659871</tilt>
				<gx:fovy>30.0000170392615</gx:fovy>
				<range>214.1517238669257</range>
				<altitudeMode>absolute</altitudeMode>
			</LookAt>
			<styleUrl>#__managed_style_0A5BF35D4A40DD1B1DC4</styleUrl>
			<Point>
				<coordinates>83.93107607869695,28.16525472280861,1271.659916064581</coordinates>
			</Point>
		</Placemark>
		<Placemark id="02D4727B5240DD359680">
			<name>Untitled placemark</name>
			<LookAt>
				<longitude>83.98535136228305</longitude>
				<latitude>28.14733672073167</latitude>
				<altitude>854.1421129811113</altitude>
				<heading>35.29402127326723</heading>
				<tilt>32.49387856253626</tilt>
				<gx:fovy>30.0000170392615</gx:fovy>
				<range>71.03325791786119</range>
				<altitudeMode>absolute</altitudeMode>
			</LookAt>
			<styleUrl>#__managed_style_0A5BF35D4A40DD1B1DC4</styleUrl>
			<Point>
				<coordinates>83.98511153551941,28.14748933724072,847.0215788078104</coordinates>
			</Point>
		</Placemark>
		<Placemark id="0342CF2FAA40DD3607F4">
			<name>Untitled placemark</name>
			<LookAt>
				<longitude>83.98449359719967</longitude>
				<latitude>28.16935698464607</latitude>
				<altitude>782.9527367209496</altitude>
				<heading>35.30177908257614</heading>
				<tilt>32.49388891481682</tilt>
				<gx:fovy>30.0000170392615</gx:fovy>
				<range>73.17553445468549</range>
				<altitudeMode>absolute</altitudeMode>
			</LookAt>
			<styleUrl>#__managed_style_0A5BF35D4A40DD1B1DC4</styleUrl>
			<Point>
				<coordinates>83.98441872930573,28.16934852845131,783.9714286767886</coordinates>
			</Point>
		</Placemark>
		<Placemark id="0ABB5A4F1D40DD365C5F">
			<name>Untitled placemark</name>
			<LookAt>
				<longitude>84.01849709201419</longitude>
				<latitude>28.14758817844289</latitude>
				<altitude>921.6251691184337</altitude>
				<heading>35.31236169520292</heading>
				<tilt>32.49443350556876</tilt>
				<gx:fovy>30.0000170392615</gx:fovy>
				<range>185.9174328884365</range>
				<altitudeMode>absolute</altitudeMode>
			</LookAt>
			<styleUrl>#__managed_style_0A5BF35D4A40DD1B1DC4</styleUrl>
			<Point>
				<coordinates>84.01842832311937,28.14748764214649,928.4166344994586</coordinates>
			</Point>
		</Placemark>
		<Placemark id="0E6D160E2840DD36B16E">
			<name>Untitled placemark</name>
			<LookAt>
				<longitude>84.02834671243045</longitude>
				<latitude>28.14449091988733</latitude>
				<altitude>858.6720603507279</altitude>
				<heading>35.31662787849943</heading>
				<tilt>32.49427641733966</tilt>
				<gx:fovy>30.0000170392615</gx:fovy>
				<range>153.3957611691767</range>
				<altitudeMode>absolute</altitudeMode>
			</LookAt>
			<styleUrl>#__managed_style_0A5BF35D4A40DD1B1DC4</styleUrl>
			<Point>
				<coordinates>84.02855329810745,28.1446019079077,851.2441245898794</coordinates>
			</Point>
		</Placemark>
		<Placemark id="00089BD19540DD373BC4">
			<name>Untitled placemark</name>
			<LookAt>
				<longitude>84.03546626726859</longitude>
				<latitude>28.10828887651897</latitude>
				<altitude>827.7134316352561</altitude>
				<heading>35.32603350122707</heading>
				<tilt>21.78250706493187</tilt>
				<gx:fovy>30.0000170392615</gx:fovy>
				<range>151.9715092773186</range>
				<altitudeMode>absolute</altitudeMode>
			</LookAt>
			<styleUrl>#__managed_style_0A5BF35D4A40DD1B1DC4</styleUrl>
			<Point>
				<coordinates>84.0354767015877,28.10832272293546,825.3253327341024</coordinates>
			</Point>
		</Placemark>
		<Placemark id="0431EE425040DD37E659">
			<name>Untitled placemark</name>
			<LookAt>
				<longitude>84.06877697276819</longitude>
				<latitude>28.10894648786385</latitude>
				<altitude>825.1431394086179</altitude>
				<heading>35.34906725328953</heading>
				<tilt>21.78293258240087</tilt>
				<gx:fovy>30.0000170392615</gx:fovy>
				<range>279.4967237611127</range>
				<altitudeMode>absolute</altitudeMode>
			</LookAt>
			<styleUrl>#__managed_style_0A5BF35D4A40DD1B1DC4</styleUrl>
			<Point>
				<coordinates>84.06809992299348,28.10888032884589,825.0603950125096</coordinates>
			</Point>
		</Placemark>
		<Placemark id="08F03C79DB40DD387D60">
			<name>Untitled placemark</name>
			<LookAt>
				<longitude>84.09713103211305</longitude>
				<latitude>28.14351728889492</latitude>
				<altitude>749.744988979863</altitude>
				<heading>35.37023742028342</heading>
				<tilt>21.78222210868767</tilt>
				<gx:fovy>30.0000170392615</gx:fovy>
				<range>66.57083994672575</range>
				<altitudeMode>absolute</altitudeMode>
			</LookAt>
			<styleUrl>#__managed_style_0A5BF35D4A40DD1B1DC4</styleUrl>
			<Point>
				<coordinates>84.09703799702223,28.14353222827824,747.1577672554954</coordinates>
			</Point>
		</Placemark>
		<Placemark id="0445273B0040DD3913C4">
			<name>Untitled placemark</name>
			<LookAt>
				<longitude>84.08320011406256</longitude>
				<latitude>28.17512664548816</latitude>
				<altitude>712.5070115209068</altitude>
				<heading>35.38007880532629</heading>
				<tilt>21.78239419697489</tilt>
				<gx:fovy>30.0000170392615</gx:fovy>
				<range>118.1434669365444</range>
				<altitudeMode>absolute</altitudeMode>
			</LookAt>
			<styleUrl>#__managed_style_0A5BF35D4A40DD1B1DC4</styleUrl>
			<Point>
				<coordinates>84.08328179354734,28.17500981034697,718.6802908880238</coordinates>
			</Point>
		</Placemark>
		<Placemark id="0D14C430D940DD3965F8">
			<name>Untitled placemark</name>
			<LookAt>
				<longitude>84.05932414557486</longitude>
				<latitude>28.20171404157372</latitude>
				<altitude>861.1402407944796</altitude>
				<heading>35.3801930906893</heading>
				<tilt>21.78251964202384</tilt>
				<gx:fovy>30.0000170392615</gx:fovy>
				<range>155.7416471219767</range>
				<altitudeMode>absolute</altitudeMode>
			</LookAt>
			<styleUrl>#__managed_style_0A5BF35D4A40DD1B1DC4</styleUrl>
			<Point>
				<coordinates>84.05909433642098,28.20177525276214,871.1192079422615</coordinates>
			</Point>
		</Placemark>
		<Placemark id="0E41E8388240DD39EFFE">
			<name>Untitled placemark</name>
			<LookAt>
				<longitude>84.09826748388531</longitude>
				<latitude>28.21162912463043</latitude>
				<altitude>1124.625748167571</altitude>
				<heading>35.39733981697145</heading>
				<tilt>80.71449661521335</tilt>
				<gx:fovy>30.0000170392615</gx:fovy>
				<range>147.4382257961406</range>
				<altitudeMode>absolute</altitudeMode>
			</LookAt>
			<styleUrl>#__managed_style_0A5BF35D4A40DD1B1DC4</styleUrl>
			<Point>
				<coordinates>84.09825015921345,28.21172413380867,1129.273982005272</coordinates>
			</Point>
		</Placemark>
		<Placemark id="00AA85E79140DD3BD75C">
			<name>Untitled placemark</name>
			<LookAt>
				<longitude>83.98696764889885</longitude>
				<latitude>28.18883566141406</latitude>
				<altitude>819.4252482271805</altitude>
				<heading>16.64039632809784</heading>
				<tilt>59.3265495891207</tilt>
				<gx:fovy>30.0000170392615</gx:fovy>
				<range>130.8047289052047</range>
				<altitudeMode>absolute</altitudeMode>
			</LookAt>
			<styleUrl>#__managed_style_0A5BF35D4A40DD1B1DC4</styleUrl>
			<Point>
				<coordinates>83.98685026464175,28.18898866410754,818.2707222456423</coordinates>
			</Point>
		</Placemark>
		<Placemark id="01B7E94D8040DD3C7AE4">
			<name>Untitled placemark</name>
			<LookAt>
				<longitude>83.97123691038158</longitude>
				<latitude>28.27099848153263</latitude>
				<altitude>1105.817536478567</altitude>
				<heading>16.64046798197102</heading>
				<tilt>59.32676456501864</tilt>
				<gx:fovy>30.0000170392615</gx:fovy>
				<range>158.6085307419853</range>
				<altitudeMode>absolute</altitudeMode>
			</LookAt>
			<styleUrl>#__managed_style_0A5BF35D4A40DD1B1DC4</styleUrl>
			<Point>
				<coordinates>83.97085866871583,28.27097182475201,1109.87565436984</coordinates>
			</Point>
		</Placemark>
		<Placemark id="0BD36741E640DD3CFFE8">
			<name>Untitled placemark</name>
			<LookAt>
				<longitude>83.94809540101448</longitude>
				<latitude>28.30042712476043</latitude>
				<altitude>1218.538685805913</altitude>
				<heading>16.63708115209364</heading>
				<tilt>59.32679293082235</tilt>
				<gx:fovy>30.0000170392615</gx:fovy>
				<range>162.2792830405888</range>
				<altitudeMode>absolute</altitudeMode>
			</LookAt>
			<styleUrl>#__managed_style_0A5BF35D4A40DD1B1DC4</styleUrl>
			<Point>
				<coordinates>83.9479925803742,28.30037327582379,1221.593304459676</coordinates>
			</Point>
		</Placemark>
		<Placemark id="0B26836B3440DD3DEBBB">
			<name>Untitled placemark</name>
			<LookAt>
				<longitude>83.9925540451033</longitude>
				<latitude>28.25607632838679</latitude>
				<altitude>1136.545669423291</altitude>
				<heading>16.638380431597</heading>
				<tilt>59.32646943174366</tilt>
				<gx:fovy>30.0000170392615</gx:fovy>
				<range>120.4462773209343</range>
				<altitudeMode>absolute</altitudeMode>
			</LookAt>
			<styleUrl>#__managed_style_0A5BF35D4A40DD1B1DC4</styleUrl>
			<Point>
				<coordinates>83.99232480665259,28.25598918649712,1139.778751864525</coordinates>
			</Point>
		</Placemark>
		<Placemark id="0DBBD5963A40DD3F7551">
			<name>Untitled placemark</name>
			<LookAt>
				<longitude>84.06944712552422</longitude>
				<latitude>28.15490153820445</latitude>
				<altitude>703.6335483499057</altitude>
				<heading>16.64016307088728</heading>
				<tilt>59.32699045023878</tilt>
				<gx:fovy>30.0000170392615</gx:fovy>
				<range>187.80523676749</range>
				<altitudeMode>absolute</altitudeMode>
			</LookAt>
			<styleUrl>#__managed_style_0A5BF35D4A40DD1B1DC4</styleUrl>
			<Point>
				<coordinates>84.0688892634018,28.15476614005057,717.9650107854396</coordinates>
			</Point>
		</Placemark>
		<Placemark id="0344FCCB1640DD3EC657">
			<name>Untitled placemark</name>
			<LookAt>
				<longitude>84.03997488276715</longitude>
				<latitude>28.17599654750049</latitude>
				<altitude>782.4593909553973</altitude>
				<heading>16.63899234233724</heading>
				<tilt>59.32695003993778</tilt>
				<gx:fovy>30.0000170392615</gx:fovy>
				<range>182.582489238157</range>
				<altitudeMode>absolute</altitudeMode>
			</LookAt>
			<styleUrl>#__managed_style_0A5BF35D4A40DD1B1DC4</styleUrl>
			<Point>
				<coordinates>84.03977704260662,28.17621223274739,785.9008163393206</coordinates>
			</Point>
		</Placemark>
		<Placemark id="0A1C26706640DD40D490">
			<name>Untitled placemark</name>
			<LookAt>
				<longitude>84.08546753578602</longitude>
				<latitude>28.12816666117833</latitude>
				<altitude>610.8766700587939</altitude>
				<heading>16.6421774634908</heading>
				<tilt>77.40295187806944</tilt>
				<gx:fovy>30.0000170392615</gx:fovy>
				<range>204.2420253726596</range>
				<altitudeMode>absolute</altitudeMode>
			</LookAt>
			<styleUrl>#__managed_style_0A5BF35D4A40DD1B1DC4</styleUrl>
			<Point>
				<coordinates>84.08572772931801,28.12789909668124,606.2074518063164</coordinates>
			</Point>
		</Placemark>
		<Placemark id="0A36EF15CC40DD4202C6">
			<name>Untitled placemark</name>
			<LookAt>
				<longitude>84.05489276458911</longitude>
				<latitude>28.11769485487313</latitude>
				<altitude>774.0625386371063</altitude>
				<heading>16.64493334271525</heading>
				<tilt>77.40281093125616</tilt>
				<gx:fovy>30.0000170392615</gx:fovy>
				<range>188.1860215473716</range>
				<altitudeMode>absolute</altitudeMode>
			</LookAt>
			<styleUrl>#__managed_style_0A5BF35D4A40DD1B1DC4</styleUrl>
			<Point>
				<coordinates>84.05464721792185,28.11768081900401,765.5219588507143</coordinates>
			</Point>
		</Placemark>
		<Placemark id="0932C8117840DD42B9D8">
			<name>Untitled placemark</name>
			<LookAt>
				<longitude>84.01019325547522</longitude>
				<latitude>28.12553821226112</latitude>
				<altitude>777.5338441155732</altitude>
				<heading>16.62546693494598</heading>
				<tilt>77.40331800363455</tilt>
				<gx:fovy>30.0000170392615</gx:fovy>
				<range>245.9682866584626</range>
				<altitudeMode>absolute</altitudeMode>
			</LookAt>
			<styleUrl>#__managed_style_0A5BF35D4A40DD1B1DC4</styleUrl>
			<Point>
				<coordinates>84.00952310128791,28.12516275640057,786.5845317430235</coordinates>
			</Point>
		</Placemark>
		<Placemark id="050491082C40DD44E357">
			<name>Untitled placemark</name>
			<LookAt>
				<longitude>83.95259990050729</longitude>
				<latitude>28.24733361993859</latitude>
				<altitude>1304.167490328741</altitude>
				<heading>32.6174627961669</heading>
				<tilt>0</tilt>
				<gx:fovy>30.0000170392615</gx:fovy>
				<range>140.6310691633735</range>
				<altitudeMode>absolute</altitudeMode>
			</LookAt>
			<styleUrl>#__managed_style_0A5BF35D4A40DD1B1DC4</styleUrl>
			<Point>
				<coordinates>83.95235855472195,28.2473142587288,1316.863060657338</coordinates>
			</Point>
		</Placemark>
	</Folder>
	<Folder id="064147943840DD47B6E8">
		<name>Water</name>
		<visibility>0</visibility>
		<styleUrl>#__managed_style_07E6E4079340DD16CD2B</styleUrl>
		<Placemark id="066544FE5340DD49E103">
			<name>Untitled placemark</name>
			<LookAt>
				<longitude>83.84815340548069</longitude>
				<latitude>28.23950652194597</latitude>
				<altitude>996.0344164891695</altitude>
				<heading>32.56668746990159</heading>
				<tilt>0</tilt>
				<gx:fovy>30.0000170392615</gx:fovy>
				<range>141.8155951450535</range>
				<altitudeMode>absolute</altitudeMode>
			</LookAt>
			<styleUrl>#__managed_style_0A0E7F5D1E40DD4A0280</styleUrl>
			<Point>
				<coordinates>83.84807844756841,28.23950946465415,998.2016243748757</coordinates>
			</Point>
		</Placemark>
		<Placemark id="071C8519CB40DD4ACEA8">
			<name>Untitled placemark</name>
			<LookAt>
				<longitude>83.85200893997357</longitude>
				<latitude>28.23882306163934</latitude>
				<altitude>938.8863182477195</altitude>
				<heading>32.56843070867634</heading>
				<tilt>0</tilt>
				<gx:fovy>30.0000170392615</gx:fovy>
				<range>119.9059727134591</range>
				<altitudeMode>absolute</altitudeMode>
			</LookAt>
			<styleUrl>#__managed_style_0A0E7F5D1E40DD4A0280</styleUrl>
			<Point>
				<coordinates>83.85240606963477,28.23919546035247,941.3606821436698</coordinates>
			</Point>
		</Placemark>
		<Placemark id="0751BF9CB140DD4D23EC">
			<name>Untitled placemark</name>
			<LookAt>
				<longitude>83.86512901191847</longitude>
				<latitude>28.23946297913828</latitude>
				<altitude>837.9662635598847</altitude>
				<heading>-20.88704862459557</heading>
				<tilt>41.18130779279671</tilt>
				<gx:fovy>30.0000170392615</gx:fovy>
				<range>90.75630562585503</range>
				<altitudeMode>absolute</altitudeMode>
			</LookAt>
			<styleUrl>#__managed_style_0A0E7F5D1E40DD4A0280</styleUrl>
			<Point>
				<coordinates>83.86511366728716,28.23948976195232,838.2708808689915</coordinates>
			</Point>
		</Placemark>
		<Placemark id="015E1B09C740DD4D8314">
			<name>Untitled placemark</name>
			<LookAt>
				<longitude>83.86772120321189</longitude>
				<latitude>28.24156893754112</latitude>
				<altitude>827.1940831580772</altitude>
				<heading>-20.88628230934774</heading>
				<tilt>41.1810723834586</tilt>
				<gx:fovy>30.0000170392615</gx:fovy>
				<range>50.99567859775561</range>
				<altitudeMode>absolute</altitudeMode>
			</LookAt>
			<styleUrl>#__managed_style_0A0E7F5D1E40DD4A0280</styleUrl>
			<Point>
				<coordinates>83.8676671075157,28.24151220029934,826.725982129881</coordinates>
			</Point>
		</Placemark>
		<Placemark id="019A960C7B40DD4DB414">
			<name>Untitled placemark</name>
			<LookAt>
				<longitude>83.87084257373824</longitude>
				<latitude>28.24368771868757</latitude>
				<altitude>819.1960836264283</altitude>
				<heading>-20.886305491062</heading>
				<tilt>41.1811956777745</tilt>
				<gx:fovy>30.0000170392615</gx:fovy>
				<range>71.81991143453162</range>
				<altitudeMode>absolute</altitudeMode>
			</LookAt>
			<styleUrl>#__managed_style_0A0E7F5D1E40DD4A0280</styleUrl>
			<Point>
				<coordinates>83.87084726196494,28.24378185798617,818.657004804717</coordinates>
			</Point>
		</Placemark>
		<Placemark id="00D5664C4640DD4DF9CF">
			<name>Untitled placemark</name>
			<LookAt>
				<longitude>83.87562939428399</longitude>
				<latitude>28.24417408666102</latitude>
				<altitude>811.6806911667285</altitude>
				<heading>-20.8855957666414</heading>
				<tilt>41.18123277001666</tilt>
				<gx:fovy>30.0000170392615</gx:fovy>
				<range>78.08466588708143</range>
				<altitudeMode>absolute</altitudeMode>
			</LookAt>
			<styleUrl>#__managed_style_0A0E7F5D1E40DD4A0280</styleUrl>
			<Point>
				<coordinates>83.87553774093256,28.2441863020208,812.1017288812174</coordinates>
			</Point>
		</Placemark>
		<Placemark id="0B4705B7D540DD4E5070">
			<name>Untitled placemark</name>
			<LookAt>
				<longitude>83.89731295895032</longitude>
				<latitude>28.23821232513635</latitude>
				<altitude>802.1184257681912</altitude>
				<heading>-20.87944595849767</heading>
				<tilt>41.18112817887265</tilt>
				<gx:fovy>30.0000170392615</gx:fovy>
				<range>60.41925012305001</range>
				<altitudeMode>absolute</altitudeMode>
			</LookAt>
			<styleUrl>#__managed_style_0A0E7F5D1E40DD4A0280</styleUrl>
			<Point>
				<coordinates>83.89719967821409,28.2380536656501,803.2512142044387</coordinates>
			</Point>
		</Placemark>
		<Placemark id="0DAE8591C240DD4ECD8E">
			<name>Untitled placemark</name>
			<LookAt>
				<longitude>83.92832983497756</longitude>
				<latitude>28.22013325556672</latitude>
				<altitude>799.3403457493353</altitude>
				<heading>-20.87358573717724</heading>
				<tilt>41.18163442333356</tilt>
				<gx:fovy>30.0000170392615</gx:fovy>
				<range>145.9231988363899</range>
				<altitudeMode>absolute</altitudeMode>
			</LookAt>
			<styleUrl>#__managed_style_0A0E7F5D1E40DD4A0280</styleUrl>
			<Point>
				<coordinates>83.92807373301724,28.22001801284324,799.3403478896983</coordinates>
			</Point>
		</Placemark>
		<Placemark id="060CA44E1D40DD4EF798">
			<name>Untitled placemark</name>
			<LookAt>
				<longitude>83.92600776526173</longitude>
				<latitude>28.21824000760849</latitude>
				<altitude>799.3403245607316</altitude>
				<heading>-20.87357530937875</heading>
				<tilt>41.18157927727692</tilt>
				<gx:fovy>30.0000170392615</gx:fovy>
				<range>136.6090951128718</range>
				<altitudeMode>absolute</altitudeMode>
			</LookAt>
			<styleUrl>#__managed_style_0A0E7F5D1E40DD4A0280</styleUrl>
			<Point>
				<coordinates>83.92585878953261,28.21786371521727,812.1745364927283</coordinates>
			</Point>
		</Placemark>
		<Placemark id="01EAA58A2D40DD4F1EA4">
			<name>Untitled placemark</name>
			<LookAt>
				<longitude>83.93072023214522</longitude>
				<latitude>28.21624063699671</latitude>
				<altitude>801.1050148603374</altitude>
				<heading>-20.87358296409645</heading>
				<tilt>41.18162997227287</tilt>
				<gx:fovy>30.0000170392615</gx:fovy>
				<range>145.1714565787552</range>
				<altitudeMode>absolute</altitudeMode>
			</LookAt>
			<styleUrl>#__managed_style_0A0E7F5D1E40DD4A0280</styleUrl>
			<Point>
				<coordinates>83.9305880736774,28.21584144925941,806.1292253186016</coordinates>
			</Point>
		</Placemark>
		<Placemark id="009F0D542240DD4F6328">
			<name>Untitled placemark</name>
			<LookAt>
				<longitude>83.93590481566282</longitude>
				<latitude>28.22485429012422</latitude>
				<altitude>799.3403432623834</altitude>
				<heading>-20.87366514737142</heading>
				<tilt>41.1812610090018</tilt>
				<gx:fovy>30.0000170392615</gx:fovy>
				<range>82.85404798413765</range>
				<altitudeMode>absolute</altitudeMode>
			</LookAt>
			<styleUrl>#__managed_style_0A0E7F5D1E40DD4A0280</styleUrl>
			<Point>
				<coordinates>83.9358803874227,28.22483781870291,799.3403449585468</coordinates>
			</Point>
		</Placemark>
		<Placemark id="015DBA7F9640DD4FA1D0">
			<name>Untitled placemark</name>
			<LookAt>
				<longitude>83.94134944982609</longitude>
				<latitude>28.22556805777071</latitude>
				<altitude>799.3338330122583</altitude>
				<heading>-20.873634134988</heading>
				<tilt>41.18126692501108</tilt>
				<gx:fovy>30.0000170392615</gx:fovy>
				<range>83.85325167573683</range>
				<altitudeMode>absolute</altitudeMode>
			</LookAt>
			<styleUrl>#__managed_style_0A0E7F5D1E40DD4A0280</styleUrl>
			<Point>
				<coordinates>83.94173686491285,28.22556850907162,798.2352311601848</coordinates>
			</Point>
		</Placemark>
		<Placemark id="0DFA68901340DD4FD31E">
			<name>Untitled placemark</name>
			<LookAt>
				<longitude>83.94904838378261</longitude>
				<latitude>28.22073454257777</latitude>
				<altitude>795.9405260391597</altitude>
				<heading>-20.86773669672585</heading>
				<tilt>41.18152749019399</tilt>
				<gx:fovy>30.0000170392615</gx:fovy>
				<range>127.8622747224836</range>
				<altitudeMode>absolute</altitudeMode>
			</LookAt>
			<styleUrl>#__managed_style_0A0E7F5D1E40DD4A0280</styleUrl>
			<Point>
				<coordinates>83.94940269742818,28.22081920625647,795.9405296351961</coordinates>
			</Point>
		</Placemark>
		<Placemark id="029660E10440DD500F6E">
			<name>Untitled placemark</name>
			<LookAt>
				<longitude>83.9426310691579</longitude>
				<latitude>28.21008569483766</latitude>
				<altitude>795.940514153284</altitude>
				<heading>-20.86346719893259</heading>
				<tilt>41.18161156525795</tilt>
				<gx:fovy>30.0000170392615</gx:fovy>
				<range>142.0624365782351</range>
				<altitudeMode>absolute</altitudeMode>
			</LookAt>
			<styleUrl>#__managed_style_0A0E7F5D1E40DD4A0280</styleUrl>
			<Point>
				<coordinates>83.94218052550438,28.20986062302713,800.8660126460844</coordinates>
			</Point>
		</Placemark>
		<Placemark id="0C4FF525E140DD503D14">
			<name>Untitled placemark</name>
			<LookAt>
				<longitude>83.95469221713779</longitude>
				<latitude>28.20638290396496</latitude>
				<altitude>795.9405429427935</altitude>
				<heading>-20.85964923103029</heading>
				<tilt>41.18127991422501</tilt>
				<gx:fovy>30.0000170392615</gx:fovy>
				<range>86.0470693991374</range>
				<altitudeMode>absolute</altitudeMode>
			</LookAt>
			<styleUrl>#__managed_style_0A0E7F5D1E40DD4A0280</styleUrl>
			<Point>
				<coordinates>83.95466741243123,28.20628708901632,795.9405152326607</coordinates>
			</Point>
		</Placemark>
		<Placemark id="099EF97B7140DD508157">
			<name>Untitled placemark</name>
			<LookAt>
				<longitude>83.96328779602071</longitude>
				<latitude>28.20174346182298</latitude>
				<altitude>795.9405178257111</altitude>
				<heading>-20.85458204573305</heading>
				<tilt>41.1810495551904</tilt>
				<gx:fovy>30.0000170392615</gx:fovy>
				<range>47.1397836354663</range>
				<altitudeMode>absolute</altitudeMode>
			</LookAt>
			<styleUrl>#__managed_style_0A0E7F5D1E40DD4A0280</styleUrl>
			<Point>
				<coordinates>83.96342176174133,28.20174489216591,795.9405176531241</coordinates>
			</Point>
		</Placemark>
		<Placemark id="05C0C6C0BB40DD50AE7B">
			<name>Untitled placemark</name>
			<LookAt>
				<longitude>83.96843005494097</longitude>
				<latitude>28.19737989374079</latitude>
				<altitude>795.9405317345343</altitude>
				<heading>-20.84966965322783</heading>
				<tilt>41.18133609411946</tilt>
				<gx:fovy>30.0000170392615</gx:fovy>
				<range>95.53576997863274</range>
				<altitudeMode>absolute</altitudeMode>
			</LookAt>
			<styleUrl>#__managed_style_0A0E7F5D1E40DD4A0280</styleUrl>
			<Point>
				<coordinates>83.9683953419102,28.19727392730424,796.5428779572031</coordinates>
			</Point>
		</Placemark>
		<Placemark id="0F572D912340DD50D59F">
			<name>Untitled placemark</name>
			<LookAt>
				<longitude>83.96794852731128</longitude>
				<latitude>28.19579224467168</latitude>
				<altitude>795.9405202207109</altitude>
				<heading>-20.84957519664014</heading>
				<tilt>41.18112203852979</tilt>
				<gx:fovy>30.0000170392615</gx:fovy>
				<range>59.38211049569873</range>
				<altitudeMode>absolute</altitudeMode>
			</LookAt>
			<styleUrl>#__managed_style_0A0E7F5D1E40DD4A0280</styleUrl>
			<Point>
				<coordinates>83.96796804577758,28.19570429258058,796.0014545255293</coordinates>
			</Point>
		</Placemark>
		<Placemark id="015DC63A7040DD523E0E">
			<name>Untitled placemark</name>
			<LookAt>
				<longitude>83.96157357322062</longitude>
				<latitude>28.18020233962521</latitude>
				<altitude>708.6421929593495</altitude>
				<heading>-20.849607988081</heading>
				<tilt>66.93029900768018</tilt>
				<gx:fovy>30.0000170392615</gx:fovy>
				<range>77.75426341380809</range>
				<altitudeMode>absolute</altitudeMode>
			</LookAt>
			<styleUrl>#__managed_style_0A0E7F5D1E40DD4A0280</styleUrl>
			<Point>
				<coordinates>83.96136511113349,28.18031783485871,708.6937859178132</coordinates>
			</Point>
		</Placemark>
		<Placemark id="0910C54A2440DD528948">
			<name>Untitled placemark</name>
			<LookAt>
				<longitude>83.95911011023792</longitude>
				<latitude>28.18488480383746</latitude>
				<altitude>711.934245764592</altitude>
				<heading>-20.85126378993186</heading>
				<tilt>66.82537331565568</tilt>
				<gx:fovy>30.0000170392615</gx:fovy>
				<range>84.90228141155967</range>
				<altitudeMode>absolute</altitudeMode>
			</LookAt>
			<styleUrl>#__managed_style_0A0E7F5D1E40DD4A0280</styleUrl>
			<Point>
				<coordinates>83.95898958083976,28.18473639455865,711.3342791531163</coordinates>
			</Point>
		</Placemark>
		<Placemark id="0CDD95954E40DD531A54">
			<name>Untitled placemark</name>
			<LookAt>
				<longitude>83.95744388307082</longitude>
				<latitude>28.18497686781571</latitude>
				<altitude>713.1454798652494</altitude>
				<heading>-20.85301405640866</heading>
				<tilt>59.60387603189529</tilt>
				<gx:fovy>30.0000170392615</gx:fovy>
				<range>134.4863978531066</range>
				<altitudeMode>absolute</altitudeMode>
			</LookAt>
			<styleUrl>#__managed_style_0A0E7F5D1E40DD4A0280</styleUrl>
			<Point>
				<coordinates>83.95730637725144,28.18477420338274,713.2488162526683</coordinates>
			</Point>
		</Placemark>
		<Placemark id="013A210D5040DD53D04E">
			<name>Untitled placemark</name>
			<LookAt>
				<longitude>83.97953914917953</longitude>
				<latitude>28.17463408836129</latitude>
				<altitude>689.8903544445787</altitude>
				<heading>-20.84301368357865</heading>
				<tilt>59.60350674472834</tilt>
				<gx:fovy>30.0000170392615</gx:fovy>
				<range>86.87369848030357</range>
				<altitudeMode>absolute</altitudeMode>
			</LookAt>
			<styleUrl>#__managed_style_0A0E7F5D1E40DD4A0280</styleUrl>
			<Point>
				<coordinates>83.97949623530519,28.17461620111582,689.8709661577851</coordinates>
			</Point>
		</Placemark>
		<Placemark id="0A1F92DC1840DD54258F">
			<name>Untitled placemark</name>
			<LookAt>
				<longitude>83.97587714191538</longitude>
				<latitude>28.17514820268533</latitude>
				<altitude>697.2509640593839</altitude>
				<heading>-20.84472235359933</heading>
				<tilt>59.60342104717494</tilt>
				<gx:fovy>30.0000170392615</gx:fovy>
				<range>75.82480359430519</range>
				<altitudeMode>absolute</altitudeMode>
			</LookAt>
			<styleUrl>#__managed_style_0A0E7F5D1E40DD4A0280</styleUrl>
			<Point>
				<coordinates>83.97592655595243,28.17503589369157,691.4955307364545</coordinates>
			</Point>
		</Placemark>
		<Placemark id="02F6C489E640DD5498F8">
			<name>Untitled placemark</name>
			<LookAt>
				<longitude>83.99639181812988</longitude>
				<latitude>28.1735421057818</latitude>
				<altitude>671.0374262813167</altitude>
				<heading>-20.83057207424831</heading>
				<tilt>59.60389286053691</tilt>
				<gx:fovy>30.0000170392615</gx:fovy>
				<range>136.6552301243973</range>
				<altitudeMode>absolute</altitudeMode>
			</LookAt>
			<styleUrl>#__managed_style_0A0E7F5D1E40DD4A0280</styleUrl>
			<Point>
				<coordinates>83.9962521394912,28.17371733337488,671.8014276994826</coordinates>
			</Point>
		</Placemark>
		<Placemark id="09A21F068D40DD54DC40">
			<name>Untitled placemark</name>
			<LookAt>
				<longitude>84.0163337783156</longitude>
				<latitude>28.16129252302037</latitude>
				<altitude>649.4074964785997</altitude>
				<heading>-20.82462962701033</heading>
				<tilt>59.60367078427043</tilt>
				<gx:fovy>30.0000170392615</gx:fovy>
				<range>108.0226436897101</range>
				<altitudeMode>absolute</altitudeMode>
			</LookAt>
			<styleUrl>#__managed_style_0A0E7F5D1E40DD4A0280</styleUrl>
			<Point>
				<coordinates>84.01613685696125,28.16110517349228,649.2539234438448</coordinates>
			</Point>
		</Placemark>
		<Placemark id="081AFD0F3040DD550E67">
			<name>Untitled placemark</name>
			<LookAt>
				<longitude>84.02119583287441</longitude>
				<latitude>28.16215898918945</latitude>
				<altitude>646.0650974162339</altitude>
				<heading>-20.82230771998964</heading>
				<tilt>59.60345834533257</tilt>
				<gx:fovy>30.0000170392615</gx:fovy>
				<range>80.63301396468887</range>
				<altitudeMode>absolute</altitudeMode>
			</LookAt>
			<styleUrl>#__managed_style_0A0E7F5D1E40DD4A0280</styleUrl>
			<Point>
				<coordinates>84.02102921457104,28.16206435225605,646.0738012626051</coordinates>
			</Point>
		</Placemark>
		<Placemark id="09CD9B3CA540DD556150">
			<name>Untitled placemark</name>
			<LookAt>
				<longitude>84.0313561672193</longitude>
				<latitude>28.15500000499095</latitude>
				<altitude>629.7195307578982</altitude>
				<heading>-20.81982983646784</heading>
				<tilt>73.84068063741977</tilt>
				<gx:fovy>30.0000170392615</gx:fovy>
				<range>197.1438855687302</range>
				<altitudeMode>absolute</altitudeMode>
			</LookAt>
			<styleUrl>#__managed_style_0A0E7F5D1E40DD4A0280</styleUrl>
			<Point>
				<coordinates>84.03091328741883,28.1547257587128,629.2726718792701</coordinates>
			</Point>
		</Placemark>
		<Placemark id="0173F26BC340DD55AAF9">
			<name>Untitled placemark</name>
			<LookAt>
				<longitude>84.03605316039908</longitude>
				<latitude>28.15796349015485</latitude>
				<altitude>631.2816803065385</altitude>
				<heading>-20.81966718803073</heading>
				<tilt>73.8397392664188</tilt>
				<gx:fovy>30.0000170392615</gx:fovy>
				<range>88.15069149462943</range>
				<altitudeMode>absolute</altitudeMode>
			</LookAt>
			<styleUrl>#__managed_style_0A0E7F5D1E40DD4A0280</styleUrl>
			<Point>
				<coordinates>84.03615739323828,28.15801824089522,631.219872698239</coordinates>
			</Point>
		</Placemark>
		<Placemark id="0994AFF42C40DD55DEF4">
			<name>Untitled placemark</name>
			<LookAt>
				<longitude>84.04771688778814</longitude>
				<latitude>28.15107789065532</latitude>
				<altitude>613.3009389688843</altitude>
				<heading>-20.81493331654684</heading>
				<tilt>73.84089502341375</tilt>
				<gx:fovy>30.0000170392615</gx:fovy>
				<range>221.9652402750945</range>
				<altitudeMode>absolute</altitudeMode>
			</LookAt>
			<styleUrl>#__managed_style_0A0E7F5D1E40DD4A0280</styleUrl>
			<Point>
				<coordinates>84.0479430129228,28.15022424603484,614.7243479014694</coordinates>
			</Point>
		</Placemark>
		<Placemark id="074B29E08140DD568A1E">
			<name>Untitled placemark</name>
			<LookAt>
				<longitude>84.0629947139189</longitude>
				<latitude>28.13910636745078</latitude>
				<altitude>578.4228720676795</altitude>
				<heading>-20.80841518275744</heading>
				<tilt>73.83977167602748</tilt>
				<gx:fovy>30.0000170392615</gx:fovy>
				<range>92.45070982145081</range>
				<altitudeMode>absolute</altitudeMode>
			</LookAt>
			<styleUrl>#__managed_style_0A0E7F5D1E40DD4A0280</styleUrl>
			<Point>
				<coordinates>84.06318558239077,28.13907349296984,578.7546553594494</coordinates>
			</Point>
		</Placemark>
		<Placemark id="02943F133E40DD5AF53F">
			<name>Untitled placemark</name>
			<LookAt>
				<longitude>84.1028670592809</longitude>
				<latitude>28.12531284511075</latitude>
				<altitude>623.9996543423626</altitude>
				<heading>65.72067301777368</heading>
				<tilt>27.94845106577552</tilt>
				<gx:fovy>30.0000170392615</gx:fovy>
				<range>180.1940608017321</range>
				<altitudeMode>absolute</altitudeMode>
			</LookAt>
			<styleUrl>#__managed_style_0A0E7F5D1E40DD4A0280</styleUrl>
			<Point>
				<coordinates>84.10267381924187,28.12531533801599,624.328748118744</coordinates>
			</Point>
		</Placemark>
		<Placemark id="0CE532DAD840DD5B6728">
			<name>Untitled placemark</name>
			<LookAt>
				<longitude>84.10555027338069</longitude>
				<latitude>28.11852021371828</latitude>
				<altitude>598.281222644753</altitude>
				<heading>65.72117354235435</heading>
				<tilt>27.9482721094082</tilt>
				<gx:fovy>30.0000170392615</gx:fovy>
				<range>137.7303462482996</range>
				<altitudeMode>absolute</altitudeMode>
			</LookAt>
			<styleUrl>#__managed_style_0A0E7F5D1E40DD4A0280</styleUrl>
			<Point>
				<coordinates>84.10548278651693,28.11853500755744,599.2394062718701</coordinates>
			</Point>
		</Placemark>
		<Placemark id="05932FE73B40DD5C32E3">
			<name>Untitled placemark</name>
			<LookAt>
				<longitude>84.09153573487956</longitude>
				<latitude>28.1290921986188</latitude>
				<altitude>619.664091670225</altitude>
				<heading>65.71955136446257</heading>
				<tilt>0</tilt>
				<gx:fovy>30.0000170392615</gx:fovy>
				<range>156.0740138967958</range>
				<altitudeMode>absolute</altitudeMode>
			</LookAt>
			<styleUrl>#__managed_style_0A0E7F5D1E40DD4A0280</styleUrl>
			<Point>
				<coordinates>84.09141987431749,28.12940568392661,619.191985366409</coordinates>
			</Point>
		</Placemark>
		<Placemark id="00DF7A2A7740DD5D5E38">
			<name>Untitled placemark</name>
			<LookAt>
				<longitude>84.10543023677546</longitude>
				<latitude>28.14644157479311</latitude>
				<altitude>629.2915892720513</altitude>
				<heading>65.7330887158502</heading>
				<tilt>0</tilt>
				<gx:fovy>30.0000170392615</gx:fovy>
				<range>98.94613353722892</range>
				<altitudeMode>absolute</altitudeMode>
			</LookAt>
			<styleUrl>#__managed_style_0A0E7F5D1E40DD4A0280</styleUrl>
			<Point>
				<coordinates>84.1051361773292,28.14670671987476,629.8382955002157</coordinates>
			</Point>
		</Placemark>
		<Placemark id="05D75D70ED40DD5D9ED7">
			<name>Untitled placemark</name>
			<LookAt>
				<longitude>84.11062960696368</longitude>
				<latitude>28.14517644743005</latitude>
				<altitude>626.5595323504715</altitude>
				<heading>65.7352477664343</heading>
				<tilt>0</tilt>
				<gx:fovy>30.0000170392615</gx:fovy>
				<range>96.59604664454491</range>
				<altitudeMode>absolute</altitudeMode>
			</LookAt>
			<styleUrl>#__managed_style_0A0E7F5D1E40DD4A0280</styleUrl>
			<Point>
				<coordinates>84.11062366219761,28.14497234739224,627.7436877437839</coordinates>
			</Point>
		</Placemark>
		<Placemark id="0B7D2E20FD40DD5EE3D8">
			<name>Untitled placemark</name>
			<LookAt>
				<longitude>84.11849703262388</longitude>
				<latitude>28.16373004896598</latitude>
				<altitude>633.8590115647266</altitude>
				<heading>65.74701513419258</heading>
				<tilt>0</tilt>
				<gx:fovy>30.0000170392615</gx:fovy>
				<range>194.4347255123648</range>
				<altitudeMode>absolute</altitudeMode>
			</LookAt>
			<styleUrl>#__managed_style_0A0E7F5D1E40DD4A0280</styleUrl>
			<Point>
				<coordinates>84.11836912526056,28.1639887320499,636.7814904862529</coordinates>
			</Point>
		</Placemark>
		<Placemark id="0D845D229F40DD5F0F16">
			<name>Untitled placemark</name>
			<LookAt>
				<longitude>84.11721049239954</longitude>
				<latitude>28.16377089985932</latitude>
				<altitude>636.703074148919</altitude>
				<heading>65.74701507760953</heading>
				<tilt>0</tilt>
				<gx:fovy>30.0000170392615</gx:fovy>
				<range>58.31258596764201</range>
				<altitudeMode>absolute</altitudeMode>
			</LookAt>
			<styleUrl>#__managed_style_0A0E7F5D1E40DD4A0280</styleUrl>
			<Point>
				<coordinates>84.11718759328889,28.16386667807678,637.087967238922</coordinates>
			</Point>
		</Placemark>
		<Placemark id="0972216FED40DD5F41A0">
			<name>Untitled placemark</name>
			<LookAt>
				<longitude>84.1139826203902</longitude>
				<latitude>28.16736956173365</latitude>
				<altitude>696.5206203746493</altitude>
				<heading>65.74736982191853</heading>
				<tilt>0</tilt>
				<gx:fovy>30.0000170392615</gx:fovy>
				<range>171.3702791926698</range>
				<altitudeMode>absolute</altitudeMode>
			</LookAt>
			<styleUrl>#__managed_style_0A0E7F5D1E40DD4A0280</styleUrl>
			<Point>
				<coordinates>84.11393989121254,28.16773240240093,691.2846112861498</coordinates>
			</Point>
		</Placemark>
		<Placemark id="0062EEE2A640DD5F73E4">
			<name>Untitled placemark</name>
			<LookAt>
				<longitude>84.11665264921908</longitude>
				<latitude>28.17039188466815</latitude>
				<altitude>697.925480929732</altitude>
				<heading>65.74888775117505</heading>
				<tilt>0</tilt>
				<gx:fovy>30.0000170392615</gx:fovy>
				<range>56.14672042906933</range>
				<altitudeMode>absolute</altitudeMode>
			</LookAt>
			<styleUrl>#__managed_style_0A0E7F5D1E40DD4A0280</styleUrl>
			<Point>
				<coordinates>84.11668792597263,28.17039842313057,698.1738157166902</coordinates>
			</Point>
		</Placemark>
		<Placemark id="0D7010BA7540DD5FAE34">
			<name>Untitled placemark</name>
			<LookAt>
				<longitude>84.1098250775174</longitude>
				<latitude>28.17327140252408</latitude>
				<altitude>687.193049045596</altitude>
				<heading>65.74648354717229</heading>
				<tilt>0</tilt>
				<gx:fovy>30.0000170392615</gx:fovy>
				<range>177.5665090727125</range>
				<altitudeMode>absolute</altitudeMode>
			</LookAt>
			<styleUrl>#__managed_style_0A0E7F5D1E40DD4A0280</styleUrl>
			<Point>
				<coordinates>84.10972131865323,28.17372642105426,687.1930711367454</coordinates>
			</Point>
		</Placemark>
		<Placemark id="0692D4F63840DD5FDC60">
			<name>Untitled placemark</name>
			<LookAt>
				<longitude>84.09448070998577</longitude>
				<latitude>28.1790897854556</latitude>
				<altitude>687.0385183363148</altitude>
				<heading>65.74292019987611</heading>
				<tilt>0</tilt>
				<gx:fovy>30.0000170392615</gx:fovy>
				<range>136.1075550403257</range>
				<altitudeMode>absolute</altitudeMode>
			</LookAt>
			<styleUrl>#__managed_style_0A0E7F5D1E40DD4A0280</styleUrl>
			<Point>
				<coordinates>84.09437233565926,28.17949492188983,687.0385169386421</coordinates>
			</Point>
		</Placemark>
		<Placemark id="0F73FD84FE40DD604A74">
			<name>Untitled placemark</name>
			<LookAt>
				<longitude>84.09315651661386</longitude>
				<latitude>28.18880214409735</latitude>
				<altitude>700.8241946522224</altitude>
				<heading>65.74043299301927</heading>
				<tilt>0</tilt>
				<gx:fovy>30.0000170392615</gx:fovy>
				<range>69.13123458160044</range>
				<altitudeMode>absolute</altitudeMode>
			</LookAt>
			<styleUrl>#__managed_style_0A0E7F5D1E40DD4A0280</styleUrl>
			<Point>
				<coordinates>84.09309965815358,28.18890743378848,704.9934654560527</coordinates>
			</Point>
		</Placemark>
		<Placemark id="028CCE77B740DD5DCA79">
			<name>Untitled placemark</name>
			<LookAt>
				<longitude>84.11478926140369</longitude>
				<latitude>28.1523367151289</latitude>
				<altitude>625.8517995201673</altitude>
				<heading>65.73695339110034</heading>
				<tilt>0</tilt>
				<gx:fovy>30.0000170392615</gx:fovy>
				<range>146.088061100636</range>
				<altitudeMode>absolute</altitudeMode>
			</LookAt>
			<styleUrl>#__managed_style_0A0E7F5D1E40DD4A0280</styleUrl>
			<Point>
				<coordinates>84.11496131435094,28.15224698374622,625.7437767845595</coordinates>
			</Point>
		</Placemark>
		<Placemark id="09DD7FE00340DD5DF0A6">
			<name>Untitled placemark</name>
			<LookAt>
				<longitude>84.11523044787926</longitude>
				<latitude>28.1582497802173</latitude>
				<altitude>625.5638134160288</altitude>
				<heading>65.73911060084036</heading>
				<tilt>0</tilt>
				<gx:fovy>30.0000170392615</gx:fovy>
				<range>78.99371451157096</range>
				<altitudeMode>absolute</altitudeMode>
			</LookAt>
			<styleUrl>#__managed_style_0A0E7F5D1E40DD4A0280</styleUrl>
			<Point>
				<coordinates>84.11524940159093,28.15837055666209,625.563799771745</coordinates>
			</Point>
		</Placemark>
		<Placemark id="029F27CF2840DD5E27F0">
			<name>Untitled placemark</name>
			<LookAt>
				<longitude>84.11868294881636</longitude>
				<latitude>28.16258483592493</latitude>
				<altitude>625.4092431659102</altitude>
				<heading>65.74355549818587</heading>
				<tilt>0</tilt>
				<gx:fovy>30.0000170392615</gx:fovy>
				<range>140.1656977346283</range>
				<altitudeMode>absolute</altitudeMode>
			</LookAt>
			<styleUrl>#__managed_style_0A0E7F5D1E40DD4A0280</styleUrl>
			<Point>
				<coordinates>84.1187828382489,28.1626790176788,625.4092724873276</coordinates>
			</Point>
		</Placemark>
		<Placemark id="0C808900DD40DD5E9347">
			<name>Untitled placemark</name>
			<LookAt>
				<longitude>84.12215520200671</longitude>
				<latitude>28.16235537236221</latitude>
				<altitude>625.7306343571786</altitude>
				<heading>65.74678194482476</heading>
				<tilt>0</tilt>
				<gx:fovy>30.0000170392615</gx:fovy>
				<range>384.6040774145513</range>
				<altitudeMode>absolute</altitudeMode>
			</LookAt>
			<styleUrl>#__managed_style_0A0E7F5D1E40DD4A0280</styleUrl>
			<Point>
				<coordinates>84.12143012124974,28.16270109535841,625.4187910509311</coordinates>
			</Point>
		</Placemark>
		<Placemark id="0E05C5A2FA40DD64D2E4">
			<name>Untitled placemark</name>
			<LookAt>
				<longitude>84.08225592586726</longitude>
				<latitude>28.1770595495173</latitude>
				<altitude>702.4789880999247</altitude>
				<heading>12.91769014220995</heading>
				<tilt>0</tilt>
				<gx:fovy>30.0000170392615</gx:fovy>
				<range>334.5477637412478</range>
				<altitudeMode>absolute</altitudeMode>
			</LookAt>
			<styleUrl>#__managed_style_0A0E7F5D1E40DD4A0280</styleUrl>
			<Point>
				<coordinates>84.08118021689256,28.17724328559135,702.5268016794832</coordinates>
			</Point>
		</Placemark>
		<Placemark id="0F99873CA640DD64FCA1">
			<name>Untitled placemark</name>
			<LookAt>
				<longitude>84.08205461826174</longitude>
				<latitude>28.17710024855035</latitude>
				<altitude>701.8458250449822</altitude>
				<heading>12.91769013860816</heading>
				<tilt>0</tilt>
				<gx:fovy>30.0000170392615</gx:fovy>
				<range>150.0057359540187</range>
				<altitudeMode>absolute</altitudeMode>
			</LookAt>
			<styleUrl>#__managed_style_0A0E7F5D1E40DD4A0280</styleUrl>
			<Point>
				<coordinates>84.08190818994026,28.1771411774864,701.4490205305855</coordinates>
			</Point>
		</Placemark>
		<Placemark id="08645C3A3540DD651FB0">
			<name>Untitled placemark</name>
			<LookAt>
				<longitude>84.08215539917339</longitude>
				<latitude>28.1767872508542</latitude>
				<altitude>702.7097187758692</altitude>
				<heading>12.91770295000058</heading>
				<tilt>0</tilt>
				<gx:fovy>30.0000170392615</gx:fovy>
				<range>178.9261418175556</range>
				<altitudeMode>absolute</altitudeMode>
			</LookAt>
			<styleUrl>#__managed_style_0A0E7F5D1E40DD4A0280</styleUrl>
			<Point>
				<coordinates>84.08147319261521,28.17676092116853,700.7057343379962</coordinates>
			</Point>
		</Placemark>
		<Placemark id="097411FCE940DD6533CC">
			<name>Untitled placemark</name>
			<LookAt>
				<longitude>84.08215539917339</longitude>
				<latitude>28.1767872508542</latitude>
				<altitude>702.7097187758692</altitude>
				<heading>12.91770295000058</heading>
				<tilt>0</tilt>
				<gx:fovy>30.0000170392615</gx:fovy>
				<range>178.9261418175556</range>
				<altitudeMode>absolute</altitudeMode>
			</LookAt>
			<styleUrl>#__managed_style_0A0E7F5D1E40DD4A0280</styleUrl>
			<Point>
				<coordinates>84.08201221067759,28.17654766534033,702.474027887123</coordinates>
			</Point>
		</Placemark>
		<Placemark id="026FDC105040DD61A7A9">
			<name>Untitled placemark</name>
			<LookAt>
				<longitude>84.09473416593625</longitude>
				<latitude>28.16807495665491</latitude>
				<altitude>687.511596715778</altitude>
				<heading>65.7402244056365</heading>
				<tilt>0</tilt>
				<gx:fovy>30.0000170392615</gx:fovy>
				<range>338.935213767254</range>
				<altitudeMode>absolute</altitudeMode>
			</LookAt>
			<styleUrl>#__managed_style_0A0E7F5D1E40DD4A0280</styleUrl>
			<Point>
				<coordinates>84.09443533224453,28.16696611973003,687.6387862862898</coordinates>
			</Point>
		</Placemark>
		<Placemark id="0EF4E0D50140DD62C9A4">
			<name>Untitled placemark</name>
			<LookAt>
				<longitude>84.07095251684476</longitude>
				<latitude>28.18008230587764</latitude>
				<altitude>699.2761034252634</altitude>
				<heading>65.72557009584318</heading>
				<tilt>0</tilt>
				<gx:fovy>30.0000170392615</gx:fovy>
				<range>131.2437821698768</range>
				<altitudeMode>absolute</altitudeMode>
			</LookAt>
			<styleUrl>#__managed_style_0A0E7F5D1E40DD4A0280</styleUrl>
			<Point>
				<coordinates>84.07117984450902,28.17985983674172,702.1266731897937</coordinates>
			</Point>
		</Placemark>
		<Placemark id="007C888E3240DD62F43C">
			<name>Untitled placemark</name>
			<LookAt>
				<longitude>84.07024566378036</longitude>
				<latitude>28.18217246468018</latitude>
				<altitude>697.5803780753819</altitude>
				<heading>65.72571859392708</heading>
				<tilt>0</tilt>
				<gx:fovy>30.0000170392615</gx:fovy>
				<range>63.20262485256535</range>
				<altitudeMode>absolute</altitudeMode>
			</LookAt>
			<styleUrl>#__managed_style_0A0E7F5D1E40DD4A0280</styleUrl>
			<Point>
				<coordinates>84.07025283004739,28.18225401609431,697.5994336255549</coordinates>
			</Point>
		</Placemark>
		<Placemark id="03BB05F9D740DD632324">
			<name>Untitled placemark</name>
			<LookAt>
				<longitude>84.06925294099101</longitude>
				<latitude>28.18116532695144</latitude>
				<altitude>697.0833731859408</altitude>
				<heading>65.72572102925777</heading>
				<tilt>0</tilt>
				<gx:fovy>30.0000170392615</gx:fovy>
				<range>66.46902654713813</range>
				<altitudeMode>absolute</altitudeMode>
			</LookAt>
			<styleUrl>#__managed_style_0A0E7F5D1E40DD4A0280</styleUrl>
			<Point>
				<coordinates>84.06902630037163,28.18127717268772,697.0834004066053</coordinates>
			</Point>
		</Placemark>
		<Placemark id="0DF1B85B8940DD63608C">
			<name>Untitled placemark</name>
			<LookAt>
				<longitude>84.0688768884155</longitude>
				<latitude>28.18011483525726</latitude>
				<altitude>697.083378616776</altitude>
				<heading>65.72555173461591</heading>
				<tilt>0</tilt>
				<gx:fovy>30.0000170392615</gx:fovy>
				<range>53.66664776477592</range>
				<altitudeMode>absolute</altitudeMode>
			</LookAt>
			<styleUrl>#__managed_style_0A0E7F5D1E40DD4A0280</styleUrl>
			<Point>
				<coordinates>84.06873728390838,28.18011673070324,697.0833997459645</coordinates>
			</Point>
		</Placemark>
		<Placemark id="0ABA6F7B6840DD6160E3">
			<name>Untitled placemark</name>
			<LookAt>
				<longitude>84.09507212385805</longitude>
				<latitude>28.17289025619963</latitude>
				<altitude>687.4995905665276</altitude>
				<heading>65.74023603242888</heading>
				<tilt>0</tilt>
				<gx:fovy>30.0000170392615</gx:fovy>
				<range>676.1754033381295</range>
				<altitudeMode>absolute</altitudeMode>
			</LookAt>
			<styleUrl>#__managed_style_0A0E7F5D1E40DD4A0280</styleUrl>
			<Point>
				<coordinates>84.09322837651945,28.17330695379808,692.9279372034914</coordinates>
			</Point>
		</Placemark>
		<Placemark id="02CC23651140DD6A2378">
			<name>Untitled placemark</name>
			<LookAt>
				<longitude>84.03263818314711</longitude>
				<latitude>28.179507382011</latitude>
				<altitude>691.3085446854654</altitude>
				<heading>16.49025934601315</heading>
				<tilt>0</tilt>
				<gx:fovy>30.0000170392615</gx:fovy>
				<range>186.8572961312748</range>
				<altitudeMode>absolute</altitudeMode>
			</LookAt>
			<styleUrl>#__managed_style_0A0E7F5D1E40DD4A0280</styleUrl>
			<Point>
				<coordinates>84.0325353479567,28.17937654123955,686.9545085527752</coordinates>
			</Point>
		</Placemark>
		<Placemark id="0779D50DC140DD6A7FB1">
			<name>Untitled placemark</name>
			<LookAt>
				<longitude>84.03521557748861</longitude>
				<latitude>28.1673051284086</latitude>
				<altitude>664.3486044367795</altitude>
				<heading>16.49162962095808</heading>
				<tilt>0</tilt>
				<gx:fovy>30.0000170392615</gx:fovy>
				<range>257.1283702829896</range>
				<altitudeMode>absolute</altitudeMode>
			</LookAt>
			<styleUrl>#__managed_style_0A0E7F5D1E40DD4A0280</styleUrl>
			<Point>
				<coordinates>84.0346567657559,28.16715378524228,663.9231576720661</coordinates>
			</Point>
		</Placemark>
		<Placemark id="01BF2BED6B40DD6B3DF0">
			<name>Untitled placemark</name>
			<LookAt>
				<longitude>84.02731593667455</longitude>
				<latitude>28.21077194479753</latitude>
				<altitude>804.7945785153366</altitude>
				<heading>16.48386879268428</heading>
				<tilt>0</tilt>
				<gx:fovy>30.0000170392615</gx:fovy>
				<range>185.1347021804577</range>
				<altitudeMode>absolute</altitudeMode>
			</LookAt>
			<styleUrl>#__managed_style_0A0E7F5D1E40DD4A0280</styleUrl>
			<Point>
				<coordinates>84.0268546374471,28.21096279326779,796.7946681134121</coordinates>
			</Point>
		</Placemark>
		<Placemark id="03834EE15340DD6BFCF8">
			<name>Untitled placemark</name>
			<LookAt>
				<longitude>84.02930286357147</longitude>
				<latitude>28.21625455353652</latitude>
				<altitude>810.5300373763475</altitude>
				<heading>16.48555959064293</heading>
				<tilt>58.17674173907312</tilt>
				<gx:fovy>30.0000170392615</gx:fovy>
				<range>162.1796657185405</range>
				<altitudeMode>absolute</altitudeMode>
			</LookAt>
			<styleUrl>#__managed_style_0A0E7F5D1E40DD4A0280</styleUrl>
			<Point>
				<coordinates>84.0288380765538,28.21634581471927,807.9943966934455</coordinates>
			</Point>
		</Placemark>
		<Placemark id="0298033B7840DD6D2343">
			<name>Untitled placemark</name>
			<LookAt>
				<longitude>84.01897894948138</longitude>
				<latitude>28.218432302671</latitude>
				<altitude>833.9585132939998</altitude>
				<heading>16.48485666639745</heading>
				<tilt>70.53691159998189</tilt>
				<gx:fovy>30.0000170392615</gx:fovy>
				<range>240.4408232303467</range>
				<altitudeMode>absolute</altitudeMode>
			</LookAt>
			<styleUrl>#__managed_style_0A0E7F5D1E40DD4A0280</styleUrl>
			<Point>
				<coordinates>84.01837866195413,28.21786023080618,838.719620459006</coordinates>
			</Point>
		</Placemark>
		<Placemark id="0B21B182DA40DD6D9846">
			<name>Untitled placemark</name>
			<LookAt>
				<longitude>84.02005874052813</longitude>
				<latitude>28.21274412814999</latitude>
				<altitude>833.7865637813278</altitude>
				<heading>16.48526204284644</heading>
				<tilt>70.53660126198861</tilt>
				<gx:fovy>30.0000170392615</gx:fovy>
				<range>203.8360697198732</range>
				<altitudeMode>absolute</altitudeMode>
			</LookAt>
			<styleUrl>#__managed_style_0A0E7F5D1E40DD4A0280</styleUrl>
			<Point>
				<coordinates>84.01984732603538,28.21226304418408,836.190637268493</coordinates>
			</Point>
		</Placemark>
		<Placemark id="0C8315CAEE40DD6E7C8F">
			<name>Untitled placemark</name>
			<LookAt>
				<longitude>83.99597427205478</longitude>
				<latitude>28.24419436401221</latitude>
				<altitude>866.1809954738112</altitude>
				<heading>16.47418053887693</heading>
				<tilt>70.53659355400265</tilt>
				<gx:fovy>30.0000170392615</gx:fovy>
				<range>202.9279250217587</range>
				<altitudeMode>absolute</altitudeMode>
			</LookAt>
			<styleUrl>#__managed_style_0A0E7F5D1E40DD4A0280</styleUrl>
			<Point>
				<coordinates>83.99550611371579,28.2437648796514,859.4019745694285</coordinates>
			</Point>
		</Placemark>
		<Placemark id="0AD4C2749740DD6F3A8B">
			<name>Untitled placemark</name>
			<LookAt>
				<longitude>83.99323199101455</longitude>
				<latitude>28.24849158704092</latitude>
				<altitude>873.4303967600367</altitude>
				<heading>16.47247015907129</heading>
				<tilt>70.52222588053193</tilt>
				<gx:fovy>30.0000170392615</gx:fovy>
				<range>233.5777274615248</range>
				<altitudeMode>absolute</altitudeMode>
			</LookAt>
			<styleUrl>#__managed_style_0A0E7F5D1E40DD4A0280</styleUrl>
			<Point>
				<coordinates>83.99271662614274,28.24805279151241,868.3779421236127</coordinates>
			</Point>
		</Placemark>
	</Folder>
	<Folder id="0874BDB03540DD86C03B">
		<name>Cropland</name>
		<visibility>0</visibility>
		<styleUrl>#__managed_style_07E6E4079340DD16CD2B</styleUrl>
		<Placemark id="0B07A48A4140DD893221">
			<name>Untitled placemark</name>
			<LookAt>
				<longitude>83.84029134478376</longitude>
				<latitude>28.2479726341281</latitude>
				<altitude>1207.632508098471</altitude>
				<heading>32.71465229265701</heading>
				<tilt>72.17269700042183</tilt>
				<gx:fovy>30.0000170392615</gx:fovy>
				<range>310.7668051149449</range>
				<altitudeMode>absolute</altitudeMode>
			</LookAt>
			<styleUrl>#__managed_style_02307E076540DD884E08</styleUrl>
			<Point>
				<coordinates>83.83888525949303,28.24627347438671,1272.737347140342</coordinates>
			</Point>
		</Placemark>
		<Placemark id="02C97B920140DD8834BE">
			<name>Untitled placemark</name>
			<LookAt>
				<longitude>83.83842041896146</longitude>
				<latitude>28.24018550063248</latitude>
				<altitude>1246.607980387439</altitude>
				<heading>32.7135645433898</heading>
				<tilt>72.17189659648253</tilt>
				<gx:fovy>30.0000170392615</gx:fovy>
				<range>217.2402548696118</range>
				<altitudeMode>absolute</altitudeMode>
			</LookAt>
			<styleUrl>#__managed_style_02307E076540DD884E08</styleUrl>
			<Point>
				<coordinates>83.83770807698858,28.23957952332172,1257.581272459571</coordinates>
			</Point>
		</Placemark>
		<Placemark id="071681DBE940DD89A761">
			<name>Untitled placemark</name>
			<LookAt>
				<longitude>83.83910948060431</longitude>
				<latitude>28.25288119812285</latitude>
				<altitude>1498.272144766195</altitude>
				<heading>32.71678137690309</heading>
				<tilt>72.17130699037624</tilt>
				<gx:fovy>30.0000170392615</gx:fovy>
				<range>148.3821914740656</range>
				<altitudeMode>absolute</altitudeMode>
			</LookAt>
			<styleUrl>#__managed_style_02307E076540DD884E08</styleUrl>
			<Point>
				<coordinates>83.83853008114022,28.25241728958296,1509.7525710545</coordinates>
			</Point>
		</Placemark>
		<Placemark id="026CC0388740DD8A8AA4">
			<name>Untitled placemark</name>
			<LookAt>
				<longitude>83.86059846148449</longitude>
				<latitude>28.24665408193836</latitude>
				<altitude>1139.610296274516</altitude>
				<heading>32.72418152403013</heading>
				<tilt>37.77378637560914</tilt>
				<gx:fovy>30.0000170392615</gx:fovy>
				<range>98.692535833834</range>
				<altitudeMode>absolute</altitudeMode>
			</LookAt>
			<styleUrl>#__managed_style_02307E076540DD884E08</styleUrl>
			<Point>
				<coordinates>83.86059561670301,28.24658017372683,1137.235326248412</coordinates>
			</Point>
		</Placemark>
		<Placemark id="0C74BE0FC240DD8A283B">
			<name>Untitled placemark</name>
			<LookAt>
				<longitude>83.82471644518853</longitude>
				<latitude>28.24135146445375</latitude>
				<altitude>1668.505122596176</altitude>
				<heading>32.70891315966706</heading>
				<tilt>37.77414511068572</tilt>
				<gx:fovy>30.0000170392615</gx:fovy>
				<range>163.8395874406888</range>
				<altitudeMode>absolute</altitudeMode>
			</LookAt>
			<styleUrl>#__managed_style_02307E076540DD884E08</styleUrl>
			<Point>
				<coordinates>83.824594303954,28.24124781607653,1666.051072491026</coordinates>
			</Point>
		</Placemark>
		<Placemark id="011015592840DD8AE290">
			<name>Untitled placemark</name>
			<LookAt>
				<longitude>83.86228476929554</longitude>
				<latitude>28.24454662578157</latitude>
				<altitude>1075.488068995575</altitude>
				<heading>32.72522532353873</heading>
				<tilt>37.77354545631397</tilt>
				<gx:fovy>30.0000170392615</gx:fovy>
				<range>54.94966116053548</range>
				<altitudeMode>absolute</altitudeMode>
			</LookAt>
			<styleUrl>#__managed_style_02307E076540DD884E08</styleUrl>
			<Point>
				<coordinates>83.86226671956769,28.24446570781547,1073.570093751531</coordinates>
			</Point>
		</Placemark>
		<Placemark id="0AE884762840DD8B655C">
			<name>Untitled placemark</name>
			<LookAt>
				<longitude>83.86670574784303</longitude>
				<latitude>28.25740385466758</latitude>
				<altitude>945.6488457890595</altitude>
				<heading>32.72562237225718</heading>
				<tilt>37.77400985786987</tilt>
				<gx:fovy>30.0000170392615</gx:fovy>
				<range>139.2646917371167</range>
				<altitudeMode>absolute</altitudeMode>
			</LookAt>
			<styleUrl>#__managed_style_02307E076540DD884E08</styleUrl>
			<Point>
				<coordinates>83.86662130824865,28.25732574083873,946.7697970261002</coordinates>
			</Point>
		</Placemark>
		<Placemark id="035F96831B40DD8BAF44">
			<name>Untitled placemark</name>
			<LookAt>
				<longitude>83.86054661767434</longitude>
				<latitude>28.2637908245672</latitude>
				<altitude>945.788020911541</altitude>
				<heading>32.72382473333718</heading>
				<tilt>37.77405055084639</tilt>
				<gx:fovy>30.0000170392615</gx:fovy>
				<range>146.6528528418348</range>
				<altitudeMode>absolute</altitudeMode>
			</LookAt>
			<styleUrl>#__managed_style_02307E076540DD884E08</styleUrl>
			<Point>
				<coordinates>83.86035670650649,28.26379500856265,948.2455192094301</coordinates>
			</Point>
		</Placemark>
		<Placemark id="007C6C5DD040DD8C81D6">
			<name>Untitled placemark</name>
			<LookAt>
				<longitude>83.88620699244188</longitude>
				<latitude>28.25923859879215</latitude>
				<altitude>1041.652152430398</altitude>
				<heading>32.72854222543321</heading>
				<tilt>37.77384362172411</tilt>
				<gx:fovy>30.0000170392615</gx:fovy>
				<range>109.0847224139725</range>
				<altitudeMode>absolute</altitudeMode>
			</LookAt>
			<styleUrl>#__managed_style_02307E076540DD884E08</styleUrl>
			<Point>
				<coordinates>83.88626661871824,28.25914087126928,1043.110734248508</coordinates>
			</Point>
		</Placemark>
		<Placemark id="0CAC694E1940DD8DED66">
			<name>Untitled placemark</name>
			<LookAt>
				<longitude>83.8844174637571</longitude>
				<latitude>28.27682157032747</latitude>
				<altitude>1510.560747693959</altitude>
				<heading>32.7367609092524</heading>
				<tilt>37.7740191514652</tilt>
				<gx:fovy>30.0000170392615</gx:fovy>
				<range>140.9645368741621</range>
				<altitudeMode>absolute</altitudeMode>
			</LookAt>
			<styleUrl>#__managed_style_02307E076540DD884E08</styleUrl>
			<Point>
				<coordinates>83.88406881662202,28.2770717650185,1510.732577765038</coordinates>
			</Point>
		</Placemark>
		<Placemark id="068B7260BF40DD8DABF6">
			<name>Untitled placemark</name>
			<LookAt>
				<longitude>83.88617071705276</longitude>
				<latitude>28.27148773874912</latitude>
				<altitude>1364.063564848494</altitude>
				<heading>32.7364779680087</heading>
				<tilt>37.77413191512019</tilt>
				<gx:fovy>30.0000170392615</gx:fovy>
				<range>161.4358501998868</range>
				<altitudeMode>absolute</altitudeMode>
			</LookAt>
			<styleUrl>#__managed_style_02307E076540DD884E08</styleUrl>
			<Point>
				<coordinates>83.88585685636788,28.27161848554501,1368.680042841436</coordinates>
			</Point>
		</Placemark>
		<Placemark id="046702F1DD40DDA49C0E">
			<name>Untitled placemark</name>
			<LookAt>
				<longitude>83.91345124805815</longitude>
				<latitude>28.2611586449299</latitude>
				<altitude>1396.956163615005</altitude>
				<heading>32.73671636052191</heading>
				<tilt>74.71048829315366</tilt>
				<gx:fovy>30.0000170392615</gx:fovy>
				<range>281.3587657384778</range>
				<altitudeMode>absolute</altitudeMode>
			</LookAt>
			<styleUrl>#__managed_style_02307E076540DD884E08</styleUrl>
			<Point>
				<coordinates>83.91284173973192,28.26089358338152,1397.139780260682</coordinates>
			</Point>
		</Placemark>
		<Placemark id="0851207EF740DDA52BD8">
			<name>Untitled placemark</name>
			<LookAt>
				<longitude>83.9053654043575</longitude>
				<latitude>28.28631976731031</latitude>
				<altitude>1098.087681441599</altitude>
				<heading>32.74259533415125</heading>
				<tilt>74.71100351813394</tilt>
				<gx:fovy>30.0000170392615</gx:fovy>
				<range>340.7491390483484</range>
				<altitudeMode>absolute</altitudeMode>
			</LookAt>
			<styleUrl>#__managed_style_02307E076540DD884E08</styleUrl>
			<Point>
				<coordinates>83.90540779161121,28.28607758257361,1093.842982172244</coordinates>
			</Point>
		</Placemark>
		<Placemark id="0DFDC50E2C40DDA5B2B0">
			<name>Untitled placemark</name>
			<LookAt>
				<longitude>83.91226557994628</longitude>
				<latitude>28.28452154511345</latitude>
				<altitude>1088.818483012534</altitude>
				<heading>32.74640719387298</heading>
				<tilt>74.70887075603507</tilt>
				<gx:fovy>30.0000170392615</gx:fovy>
				<range>94.84921471919735</range>
				<altitudeMode>absolute</altitudeMode>
			</LookAt>
			<styleUrl>#__managed_style_02307E076540DD884E08</styleUrl>
			<Point>
				<coordinates>83.91203741192948,28.28433479140838,1088.818495093632</coordinates>
			</Point>
		</Placemark>
		<Placemark id="0E97B7CD1340DDA64CE0">
			<name>Untitled placemark</name>
			<LookAt>
				<longitude>83.88837526622544</longitude>
				<latitude>28.29121319082672</latitude>
				<altitude>1130.482951208575</altitude>
				<heading>32.71887005169931</heading>
				<tilt>74.646428221812</tilt>
				<gx:fovy>30.0000170392615</gx:fovy>
				<range>139.0195654462877</range>
				<altitudeMode>absolute</altitudeMode>
			</LookAt>
			<styleUrl>#__managed_style_02307E076540DD884E08</styleUrl>
			<Point>
				<coordinates>83.88823155763107,28.29091409194291,1125.440011154933</coordinates>
			</Point>
		</Placemark>
		<Placemark id="09A9C6742740DDA788A4">
			<name>Untitled placemark</name>
			<LookAt>
				<longitude>83.88018040248784</longitude>
				<latitude>28.21032514050281</latitude>
				<altitude>1555.419434673306</altitude>
				<heading>36.90622216458855</heading>
				<tilt>0</tilt>
				<gx:fovy>35</gx:fovy>
				<range>168.8157137240341</range>
				<altitudeMode>absolute</altitudeMode>
			</LookAt>
			<styleUrl>#__managed_style_02307E076540DD884E08</styleUrl>
			<Point>
				<coordinates>83.88008155388772,28.21010889206478,1556.263797832064</coordinates>
			</Point>
		</Placemark>
		<Placemark id="0A96F79D2540DDAA783C">
			<name>Untitled placemark</name>
			<LookAt>
				<longitude>83.99826588878565</longitude>
				<latitude>28.25046116910233</latitude>
				<altitude>944.6975831382541</altitude>
				<heading>36.97239437027654</heading>
				<tilt>0</tilt>
				<gx:fovy>35</gx:fovy>
				<range>216.1596224770619</range>
				<altitudeMode>absolute</altitudeMode>
			</LookAt>
			<styleUrl>#__managed_style_02307E076540DD884E08</styleUrl>
			<Point>
				<coordinates>83.9977453608446,28.25028435363711,945.2332994383331</coordinates>
			</Point>
		</Placemark>
		<Placemark id="0D661EC72C40DDAAC3E9">
			<name>Untitled placemark</name>
			<LookAt>
				<longitude>83.97455480584128</longitude>
				<latitude>28.26264828604772</latitude>
				<altitude>985.1963390516677</altitude>
				<heading>36.96406516380826</heading>
				<tilt>0</tilt>
				<gx:fovy>35</gx:fovy>
				<range>328.8028944311373</range>
				<altitudeMode>absolute</altitudeMode>
			</LookAt>
			<styleUrl>#__managed_style_02307E076540DD884E08</styleUrl>
			<Point>
				<coordinates>83.97507239775275,28.26246000100937,982.5011601875237</coordinates>
			</Point>
		</Placemark>
		<Placemark id="0B6F2EE03440DDAB0937">
			<name>Untitled placemark</name>
			<LookAt>
				<longitude>84.03779520214174</longitude>
				<latitude>28.22360252868078</latitude>
				<altitude>943.0576462389093</altitude>
				<heading>36.97340373742301</heading>
				<tilt>0</tilt>
				<gx:fovy>35</gx:fovy>
				<range>141.4184469800239</range>
				<altitudeMode>absolute</altitudeMode>
			</LookAt>
			<styleUrl>#__managed_style_02307E076540DD884E08</styleUrl>
			<Point>
				<coordinates>84.03775033449752,28.22349454731437,942.2911979897023</coordinates>
			</Point>
		</Placemark>
		<Placemark id="0F3EB18D0B40DDAB4544">
			<name>Untitled placemark</name>
			<LookAt>
				<longitude>84.01836174205181</longitude>
				<latitude>28.22931326571831</latitude>
				<altitude>1135.201553479993</altitude>
				<heading>36.96714421007717</heading>
				<tilt>0</tilt>
				<gx:fovy>35</gx:fovy>
				<range>95.07855706486227</range>
				<altitudeMode>absolute</altitudeMode>
			</LookAt>
			<styleUrl>#__managed_style_02307E076540DD884E08</styleUrl>
			<Point>
				<coordinates>84.01811560567869,28.22941377954232,1140.629706765643</coordinates>
			</Point>
		</Placemark>
		<Placemark id="0E6930844240DDA85DA9">
			<name>Untitled placemark</name>
			<LookAt>
				<longitude>83.91043266603869</longitude>
				<latitude>28.2359619415369</latitude>
				<altitude>810.6263643111</altitude>
				<heading>36.90861001537366</heading>
				<tilt>0</tilt>
				<gx:fovy>35</gx:fovy>
				<range>121.4201073356344</range>
				<altitudeMode>absolute</altitudeMode>
			</LookAt>
			<styleUrl>#__managed_style_02307E076540DD884E08</styleUrl>
			<Point>
				<coordinates>83.90998189785597,28.23610497782574,808.985580470247</coordinates>
			</Point>
		</Placemark>
		<Placemark id="037908496040DDA89450">
			<name>Untitled placemark</name>
			<LookAt>
				<longitude>83.91619876960898</longitude>
				<latitude>28.23648341267526</latitude>
				<altitude>914.3656295663127</altitude>
				<heading>36.90864344099405</heading>
				<tilt>0</tilt>
				<gx:fovy>35</gx:fovy>
				<range>99.72120404861926</range>
				<altitudeMode>absolute</altitudeMode>
			</LookAt>
			<styleUrl>#__managed_style_02307E076540DD884E08</styleUrl>
			<Point>
				<coordinates>83.91597547539662,28.23653907486194,918.1413294434942</coordinates>
			</Point>
		</Placemark>
		<Placemark id="0D8ACF081F40DDA8DF58">
			<name>Untitled placemark</name>
			<LookAt>
				<longitude>83.93648275684734</longitude>
				<latitude>28.24574335826648</latitude>
				<altitude>1247.913204688234</altitude>
				<heading>36.92480099007988</heading>
				<tilt>0</tilt>
				<gx:fovy>35</gx:fovy>
				<range>153.6519779412993</range>
				<altitudeMode>absolute</altitudeMode>
			</LookAt>
			<styleUrl>#__managed_style_02307E076540DD884E08</styleUrl>
			<Point>
				<coordinates>83.93653542528541,28.24560003552163,1242.717361486782</coordinates>
			</Point>
		</Placemark>
		<Placemark id="096DF61EAF40DDA921F8">
			<name>Untitled placemark</name>
			<LookAt>
				<longitude>83.9362258040377</longitude>
				<latitude>28.25772143940977</latitude>
				<altitude>1588.632161802753</altitude>
				<heading>36.93295292211255</heading>
				<tilt>0</tilt>
				<gx:fovy>35</gx:fovy>
				<range>167.0320815653031</range>
				<altitudeMode>absolute</altitudeMode>
			</LookAt>
			<styleUrl>#__managed_style_02307E076540DD884E08</styleUrl>
			<Point>
				<coordinates>83.9356806547604,28.25768226595003,1579.595161842128</coordinates>
			</Point>
		</Placemark>
		<Placemark id="0BA8F0574240DDA96DF9">
			<name>Untitled placemark</name>
			<LookAt>
				<longitude>83.96202633357716</longitude>
				<latitude>28.30896236719905</latitude>
				<altitude>1256.617482916122</altitude>
				<heading>36.94360469221952</heading>
				<tilt>0</tilt>
				<gx:fovy>35</gx:fovy>
				<range>170.7262316504602</range>
				<altitudeMode>absolute</altitudeMode>
			</LookAt>
			<styleUrl>#__managed_style_02307E076540DD884E08</styleUrl>
			<Point>
				<coordinates>83.96173198582795,28.30917946002937,1259.704781696394</coordinates>
			</Point>
		</Placemark>
		<Placemark id="04BDB2322B40DDA9B6DC">
			<name>Untitled placemark</name>
			<LookAt>
				<longitude>83.98233276843207</longitude>
				<latitude>28.32015208278349</latitude>
				<altitude>1573.775204159285</altitude>
				<heading>36.95441401111633</heading>
				<tilt>0</tilt>
				<gx:fovy>35</gx:fovy>
				<range>104.3289919229392</range>
				<altitudeMode>absolute</altitudeMode>
			</LookAt>
			<styleUrl>#__managed_style_02307E076540DD884E08</styleUrl>
			<Point>
				<coordinates>83.98236679574271,28.32014085481929,1573.462657354048</coordinates>
			</Point>
		</Placemark>
		<Placemark id="0DB9F3D32540DDAA32EF">
			<name>Untitled placemark</name>
			<LookAt>
				<longitude>83.99670166657266</longitude>
				<latitude>28.29099176146806</latitude>
				<altitude>1033.487372500007</altitude>
				<heading>36.97559845099418</heading>
				<tilt>0</tilt>
				<gx:fovy>35</gx:fovy>
				<range>99.96214678276374</range>
				<altitudeMode>absolute</altitudeMode>
			</LookAt>
			<styleUrl>#__managed_style_02307E076540DD884E08</styleUrl>
			<Point>
				<coordinates>83.99641778047656,28.29119264926491,1037.767052740857</coordinates>
			</Point>
		</Placemark>
		<Placemark id="050DEBDA7640DDAC645C">
			<name>Untitled placemark</name>
			<LookAt>
				<longitude>83.981465921176</longitude>
				<latitude>28.23212595278034</latitude>
				<altitude>905.7745121760406</altitude>
				<heading>36.9130818489059</heading>
				<tilt>0</tilt>
				<gx:fovy>35</gx:fovy>
				<range>98.92031369154213</range>
				<altitudeMode>absolute</altitudeMode>
			</LookAt>
			<styleUrl>#__managed_style_02307E076540DD884E08</styleUrl>
			<Point>
				<coordinates>83.98139608198902,28.23220627134736,905.6894094903197</coordinates>
			</Point>
		</Placemark>
		<Placemark id="0DEA966B6F40DDACAD90">
			<name>Untitled placemark</name>
			<LookAt>
				<longitude>83.96838884887879</longitude>
				<latitude>28.24628208786602</latitude>
				<altitude>1141.41020316238</altitude>
				<heading>46.39941697798471</heading>
				<tilt>0</tilt>
				<gx:fovy>35</gx:fovy>
				<range>108.95303888321</range>
				<altitudeMode>absolute</altitudeMode>
			</LookAt>
			<styleUrl>#__managed_style_02307E076540DD884E08</styleUrl>
			<Point>
				<coordinates>83.96818393313761,28.24629631178452,1139.766867666455</coordinates>
			</Point>
		</Placemark>
		<Placemark id="0F9D8F56CF40DDAE330C">
			<name>Untitled placemark</name>
			<LookAt>
				<longitude>83.96848698282787</longitude>
				<latitude>28.20453591567332</latitude>
				<altitude>808.0437414573083</altitude>
				<heading>46.39470348576936</heading>
				<tilt>0</tilt>
				<gx:fovy>35</gx:fovy>
				<range>120.8995963980124</range>
				<altitudeMode>absolute</altitudeMode>
			</LookAt>
			<styleUrl>#__managed_style_02307E076540DD884E08</styleUrl>
			<Point>
				<coordinates>83.96838292428164,28.20470923574336,811.2214879431015</coordinates>
			</Point>
		</Placemark>
		<Placemark id="0F34F3AA3E40DDAF3E8C">
			<name>Untitled placemark</name>
			<LookAt>
				<longitude>83.90072564455443</longitude>
				<latitude>28.20575799612941</latitude>
				<altitude>1320.102947578589</altitude>
				<heading>46.32552466202737</heading>
				<tilt>0</tilt>
				<gx:fovy>35</gx:fovy>
				<range>102.5637627780998</range>
				<altitudeMode>absolute</altitudeMode>
			</LookAt>
			<styleUrl>#__managed_style_02307E076540DD884E08</styleUrl>
			<Point>
				<coordinates>83.90059471541882,28.20574691769771,1318.926471101907</coordinates>
			</Point>
		</Placemark>
		<Placemark id="0BA07F4B3540DDAF8B4B">
			<name>Untitled placemark</name>
			<LookAt>
				<longitude>83.88600276081415</longitude>
				<latitude>28.1994568211233</latitude>
				<altitude>1379.223872478398</altitude>
				<heading>46.32347796281902</heading>
				<tilt>0</tilt>
				<gx:fovy>35</gx:fovy>
				<range>97.22093210648382</range>
				<altitudeMode>absolute</altitudeMode>
			</LookAt>
			<styleUrl>#__managed_style_02307E076540DD884E08</styleUrl>
			<Point>
				<coordinates>83.88580406932763,28.19949938327697,1385.865369613327</coordinates>
			</Point>
		</Placemark>
		<Placemark id="0A6CE0EE0440DDAFFAFF">
			<name>Untitled placemark</name>
			<LookAt>
				<longitude>83.91017843123028</longitude>
				<latitude>28.18585592227606</latitude>
				<altitude>1000.334572326888</altitude>
				<heading>46.3381790032788</heading>
				<tilt>0</tilt>
				<gx:fovy>35</gx:fovy>
				<range>143.0776617853917</range>
				<altitudeMode>absolute</altitudeMode>
			</LookAt>
			<styleUrl>#__managed_style_02307E076540DD884E08</styleUrl>
			<Point>
				<coordinates>83.91001186790803,28.18593228121547,1003.716665544817</coordinates>
			</Point>
		</Placemark>
		<Placemark id="0D3E6A9BB940DDB0807C">
			<name>Untitled placemark</name>
			<LookAt>
				<longitude>83.91984042848865</longitude>
				<latitude>28.18060923031001</latitude>
				<altitude>901.5449004006379</altitude>
				<heading>64.01869423462543</heading>
				<tilt>0</tilt>
				<gx:fovy>35</gx:fovy>
				<range>88.60578945245834</range>
				<altitudeMode>absolute</altitudeMode>
			</LookAt>
			<styleUrl>#__managed_style_02307E076540DD884E08</styleUrl>
			<Point>
				<coordinates>83.91987601629685,28.18050205363988,907.3524126137559</coordinates>
			</Point>
		</Placemark>
		<Placemark id="0F1DAE744740DDB0C469">
			<name>Untitled placemark</name>
			<LookAt>
				<longitude>83.9167516239396</longitude>
				<latitude>28.19116300031545</latitude>
				<altitude>930.4341103202769</altitude>
				<heading>64.01970451715148</heading>
				<tilt>0</tilt>
				<gx:fovy>35</gx:fovy>
				<range>100.3289091150328</range>
				<altitudeMode>absolute</altitudeMode>
			</LookAt>
			<styleUrl>#__managed_style_02307E076540DD884E08</styleUrl>
			<Point>
				<coordinates>83.9164932845927,28.19135081429263,925.1002233316922</coordinates>
			</Point>
		</Placemark>
		<Placemark id="01591A669B40DDB1969B">
			<name>Untitled placemark</name>
			<LookAt>
				<longitude>83.93017634493158</longitude>
				<latitude>28.20936049391607</latitude>
				<altitude>870.0272387767171</altitude>
				<heading>64.03036681317069</heading>
				<tilt>0</tilt>
				<gx:fovy>35</gx:fovy>
				<range>168.5321010294684</range>
				<altitudeMode>absolute</altitudeMode>
			</LookAt>
			<styleUrl>#__managed_style_02307E076540DD884E08</styleUrl>
			<Point>
				<coordinates>83.92976109118912,28.20967141128939,860.0596669315926</coordinates>
			</Point>
		</Placemark>
		<Placemark id="031FA3738E40DDB24494">
			<name>Untitled placemark</name>
			<LookAt>
				<longitude>84.00357195374808</longitude>
				<latitude>28.18019694543676</latitude>
				<altitude>785.8802321483812</altitude>
				<heading>64.05377014464015</heading>
				<tilt>0</tilt>
				<gx:fovy>35</gx:fovy>
				<range>107.3183228003654</range>
				<altitudeMode>absolute</altitudeMode>
			</LookAt>
			<styleUrl>#__managed_style_02307E076540DD884E08</styleUrl>
			<Point>
				<coordinates>84.00334248939944,28.18023594627495,785.4791639275657</coordinates>
			</Point>
		</Placemark>
		<Placemark id="06CA5CD37340DDB292CC">
			<name>Untitled placemark</name>
			<LookAt>
				<longitude>84.02305323474135</longitude>
				<latitude>28.17243942370419</latitude>
				<altitude>760.4422370432417</altitude>
				<heading>64.06278136786176</heading>
				<tilt>0</tilt>
				<gx:fovy>35</gx:fovy>
				<range>89.48864738967131</range>
				<altitudeMode>absolute</altitudeMode>
			</LookAt>
			<styleUrl>#__managed_style_02307E076540DD884E08</styleUrl>
			<Point>
				<coordinates>84.02309846448655,28.17229684109705,760.6715000837174</coordinates>
			</Point>
		</Placemark>
		<Placemark id="00F754982840DDB2DCE6">
			<name>Untitled placemark</name>
			<LookAt>
				<longitude>84.02212433202799</longitude>
				<latitude>28.20002867862539</latitude>
				<altitude>810.9761345248136</altitude>
				<heading>64.06772969441325</heading>
				<tilt>0</tilt>
				<gx:fovy>35</gx:fovy>
				<range>129.9887499309443</range>
				<altitudeMode>absolute</altitudeMode>
			</LookAt>
			<styleUrl>#__managed_style_02307E076540DD884E08</styleUrl>
			<Point>
				<coordinates>84.02193820731999,28.20022534031942,811.232331353223</coordinates>
			</Point>
		</Placemark>
		<Placemark id="0164D90E5240DDB330CB">
			<name>Untitled placemark</name>
			<LookAt>
				<longitude>84.03602628637877</longitude>
				<latitude>28.19655706127448</latitude>
				<altitude>784.2644840914134</altitude>
				<heading>64.09319987212481</heading>
				<tilt>0</tilt>
				<gx:fovy>35</gx:fovy>
				<range>105.8064711717271</range>
				<altitudeMode>absolute</altitudeMode>
			</LookAt>
			<styleUrl>#__managed_style_02307E076540DD884E08</styleUrl>
			<Point>
				<coordinates>84.03586875843206,28.19682444243402,784.813894212038</coordinates>
			</Point>
		</Placemark>
		<Placemark id="08ED3DF38C40DDB372B3">
			<name>Untitled placemark</name>
			<LookAt>
				<longitude>84.02733471471799</longitude>
				<latitude>28.18141552684776</latitude>
				<altitude>776.4909140239338</altitude>
				<heading>64.09077474656692</heading>
				<tilt>0</tilt>
				<gx:fovy>35</gx:fovy>
				<range>94.10796611967271</range>
				<altitudeMode>absolute</altitudeMode>
			</LookAt>
			<styleUrl>#__managed_style_02307E076540DD884E08</styleUrl>
			<Point>
				<coordinates>84.0272942622216,28.18152722253876,776.3913510597503</coordinates>
			</Point>
		</Placemark>
		<Placemark id="09FF17CD1740DDB41050">
			<name>Untitled placemark</name>
			<LookAt>
				<longitude>84.05054573228435</longitude>
				<latitude>28.19999870859236</latitude>
				<altitude>838.7653940943543</altitude>
				<heading>64.08735713077925</heading>
				<tilt>0</tilt>
				<gx:fovy>35</gx:fovy>
				<range>153.5546552015876</range>
				<altitudeMode>absolute</altitudeMode>
			</LookAt>
			<styleUrl>#__managed_style_02307E076540DD884E08</styleUrl>
			<Point>
				<coordinates>84.05018763907297,28.20017798531696,860.7986671469533</coordinates>
			</Point>
		</Placemark>
		<Placemark id="0605EAE1A640DDB45C54">
			<name>Untitled placemark</name>
			<LookAt>
				<longitude>84.05710962220665</longitude>
				<latitude>28.20917214238042</latitude>
				<altitude>1103.831386237197</altitude>
				<heading>64.09167419532017</heading>
				<tilt>0</tilt>
				<gx:fovy>35</gx:fovy>
				<range>119.3474389240874</range>
				<altitudeMode>absolute</altitudeMode>
			</LookAt>
			<styleUrl>#__managed_style_02307E076540DD884E08</styleUrl>
			<Point>
				<coordinates>84.05694760933551,28.20904599707202,1096.752987807813</coordinates>
			</Point>
		</Placemark>
		<Placemark id="0128D7253E40DDB4D1E3">
			<name>Untitled placemark</name>
			<LookAt>
				<longitude>84.06323121426443</longitude>
				<latitude>28.21111511093432</latitude>
				<altitude>1023.859573228654</altitude>
				<heading>17.38800739077098</heading>
				<tilt>78.33196814677459</tilt>
				<gx:fovy>35</gx:fovy>
				<range>119.9340407862838</range>
				<altitudeMode>absolute</altitudeMode>
			</LookAt>
			<styleUrl>#__managed_style_02307E076540DD884E08</styleUrl>
			<Point>
				<coordinates>84.06333469913248,28.21113133494329,1022.624034703187</coordinates>
			</Point>
		</Placemark>
		<Placemark id="057AC9E55540DDB5355C">
			<name>Untitled placemark</name>
			<LookAt>
				<longitude>84.07116942272522</longitude>
				<latitude>28.20374860119576</latitude>
				<altitude>962.1261834939663</altitude>
				<heading>17.39097514923385</heading>
				<tilt>61.23027494892428</tilt>
				<gx:fovy>35</gx:fovy>
				<range>407.9315431317809</range>
				<altitudeMode>absolute</altitudeMode>
			</LookAt>
			<styleUrl>#__managed_style_02307E076540DD884E08</styleUrl>
			<Point>
				<coordinates>84.07045321884718,28.20289816568749,946.4984729337278</coordinates>
			</Point>
		</Placemark>
		<Placemark id="02421B528340DDB60BC0">
			<name>Untitled placemark</name>
			<LookAt>
				<longitude>84.04720111756359</longitude>
				<latitude>28.19151157283373</latitude>
				<altitude>747.0044192969593</altitude>
				<heading>17.28954671402823</heading>
				<tilt>56.80291794757636</tilt>
				<gx:fovy>35</gx:fovy>
				<range>149.6565538308641</range>
				<altitudeMode>absolute</altitudeMode>
			</LookAt>
			<styleUrl>#__managed_style_02307E076540DD884E08</styleUrl>
			<Point>
				<coordinates>84.04711259018625,28.19155617763112,747.3290859297631</coordinates>
			</Point>
		</Placemark>
		<Placemark id="08FAEA810140DDB64729">
			<name>Untitled placemark</name>
			<LookAt>
				<longitude>84.04179436742207</longitude>
				<latitude>28.19373163752434</latitude>
				<altitude>761.1654296350536</altitude>
				<heading>17.28798624466628</heading>
				<tilt>56.80274986731416</tilt>
				<gx:fovy>35</gx:fovy>
				<range>127.3189917934906</range>
				<altitudeMode>absolute</altitudeMode>
			</LookAt>
			<styleUrl>#__managed_style_02307E076540DD884E08</styleUrl>
			<Point>
				<coordinates>84.04165884834221,28.19368317228404,759.9469203414427</coordinates>
			</Point>
		</Placemark>
		<Placemark id="05E3D46F7D40DDB6757C">
			<name>Untitled placemark</name>
			<LookAt>
				<longitude>84.03733306814411</longitude>
				<latitude>28.18591034388734</latitude>
				<altitude>771.7100775470885</altitude>
				<heading>17.28566401893355</heading>
				<tilt>56.80272867806858</tilt>
				<gx:fovy>35</gx:fovy>
				<range>124.5031336584725</range>
				<altitudeMode>absolute</altitudeMode>
			</LookAt>
			<styleUrl>#__managed_style_02307E076540DD884E08</styleUrl>
			<Point>
				<coordinates>84.03703217269629,28.18580602449722,772.3238284062649</coordinates>
			</Point>
		</Placemark>
		<Placemark id="08092C71C240DDB6B086">
			<name>Untitled placemark</name>
			<LookAt>
				<longitude>84.03691301149728</longitude>
				<latitude>28.17116220768357</latitude>
				<altitude>747.3485446278514</altitude>
				<heading>17.28544348329623</heading>
				<tilt>56.80266753034153</tilt>
				<gx:fovy>35</gx:fovy>
				<range>116.376140218963</range>
				<altitudeMode>absolute</altitudeMode>
			</LookAt>
			<styleUrl>#__managed_style_02307E076540DD884E08</styleUrl>
			<Point>
				<coordinates>84.03668660842631,28.17103542731861,738.8201315688642</coordinates>
			</Point>
		</Placemark>
		<Placemark id="0A4F8A661B40DDB6FCDE">
			<name>Untitled placemark</name>
			<LookAt>
				<longitude>84.03221877952565</longitude>
				<latitude>28.16219214278555</latitude>
				<altitude>726.8147865517498</altitude>
				<heading>17.28549278392997</heading>
				<tilt>56.80249882203751</tilt>
				<gx:fovy>35</gx:fovy>
				<range>93.9545246175112</range>
				<altitudeMode>absolute</altitudeMode>
			</LookAt>
			<styleUrl>#__managed_style_02307E076540DD884E08</styleUrl>
			<Point>
				<coordinates>84.03225113770185,28.1621393953623,721.9309323879645</coordinates>
			</Point>
		</Placemark>
		<Placemark id="013E0E378740DDB9DEC9">
			<name>Untitled placemark</name>
			<LookAt>
				<longitude>83.98333392383798</longitude>
				<latitude>28.15529367414292</latitude>
				<altitude>954.22529631269</altitude>
				<heading>17.28118630525606</heading>
				<tilt>35.93146135269876</tilt>
				<gx:fovy>35</gx:fovy>
				<range>132.1574431366389</range>
				<altitudeMode>absolute</altitudeMode>
			</LookAt>
			<styleUrl>#__managed_style_02307E076540DD884E08</styleUrl>
			<Point>
				<coordinates>83.9832929144378,28.15526640078935,952.9642472996773</coordinates>
			</Point>
		</Placemark>
		<Placemark id="0F10CA39D940DDBA16D0">
			<name>Untitled placemark</name>
			<LookAt>
				<longitude>83.99415042175785</longitude>
				<latitude>28.14521262103252</latitude>
				<altitude>879.2484057095398</altitude>
				<heading>17.28177392746629</heading>
				<tilt>35.93156807471031</tilt>
				<gx:fovy>35</gx:fovy>
				<range>152.3816137203903</range>
				<altitudeMode>absolute</altitudeMode>
			</LookAt>
			<styleUrl>#__managed_style_02307E076540DD884E08</styleUrl>
			<Point>
				<coordinates>83.99435432665427,28.14523447575549,884.8696265064719</coordinates>
			</Point>
		</Placemark>
		<Placemark id="0088DEC0FB40DDBA48A1">
			<name>Untitled placemark</name>
			<LookAt>
				<longitude>83.99622027849824</longitude>
				<latitude>28.13771901317537</latitude>
				<altitude>626.8338872647929</altitude>
				<heading>17.28211970869555</heading>
				<tilt>35.93146217227456</tilt>
				<gx:fovy>35</gx:fovy>
				<range>132.305976782136</range>
				<altitudeMode>absolute</altitudeMode>
			</LookAt>
			<styleUrl>#__managed_style_02307E076540DD884E08</styleUrl>
			<Point>
				<coordinates>83.99586013934479,28.13765173111404,624.9780688689574</coordinates>
			</Point>
		</Placemark>
		<Placemark id="08FBBCE9E640DDB8C6BC">
			<name>Untitled placemark</name>
			<LookAt>
				<longitude>83.9554750250047</longitude>
				<latitude>28.13991713470794</latitude>
				<altitude>691.2260174520328</altitude>
				<heading>17.25810298871975</heading>
				<tilt>35.93135537551221</tilt>
				<gx:fovy>35</gx:fovy>
				<range>112.0680039379659</range>
				<altitudeMode>absolute</altitudeMode>
			</LookAt>
			<styleUrl>#__managed_style_02307E076540DD884E08</styleUrl>
			<Point>
				<coordinates>83.95557374962154,28.1396456314666,686.7545692977751</coordinates>
			</Point>
		</Placemark>
		<Placemark id="01C2994D3E40DDB911C9">
			<name>Untitled placemark</name>
			<LookAt>
				<longitude>83.9258703758826</longitude>
				<latitude>28.15281745176389</latitude>
				<altitude>1342.829534241784</altitude>
				<heading>17.25801163096259</heading>
				<tilt>35.93184971628289</tilt>
				<gx:fovy>35</gx:fovy>
				<range>205.7726972119781</range>
				<altitudeMode>absolute</altitudeMode>
			</LookAt>
			<styleUrl>#__managed_style_02307E076540DD884E08</styleUrl>
			<Point>
				<coordinates>83.92537835585729,28.15279504383371,1360.305884771099</coordinates>
			</Point>
		</Placemark>
		<Placemark id="0FAFCD136A40DDB94BDC">
			<name>Untitled placemark</name>
			<LookAt>
				<longitude>83.94959239503096</longitude>
				<latitude>28.16813940195173</latitude>
				<altitude>876.9270900562282</altitude>
				<heading>17.26629632886793</heading>
				<tilt>35.93151329087051</tilt>
				<gx:fovy>35</gx:fovy>
				<range>141.9990458439861</range>
				<altitudeMode>absolute</altitudeMode>
			</LookAt>
			<styleUrl>#__managed_style_02307E076540DD884E08</styleUrl>
			<Point>
				<coordinates>83.94929813406979,28.16811908165204,879.1944621783705</coordinates>
			</Point>
		</Placemark>
		<Placemark id="0F3FBAD1C640DDB99914">
			<name>Untitled placemark</name>
			<LookAt>
				<longitude>83.98178811153933</longitude>
				<latitude>28.17613282661828</latitude>
				<altitude>768.4250977320306</altitude>
				<heading>17.28083516347971</heading>
				<tilt>35.93131315613303</tilt>
				<gx:fovy>35</gx:fovy>
				<range>104.0681743973437</range>
				<altitudeMode>absolute</altitudeMode>
			</LookAt>
			<styleUrl>#__managed_style_02307E076540DD884E08</styleUrl>
			<Point>
				<coordinates>83.98168924658026,28.17607724253942,761.6125745697342</coordinates>
			</Point>
		</Placemark>
		<Placemark id="09C298A9D740DDB82CE7">
			<name>Untitled placemark</name>
			<LookAt>
				<longitude>83.94961525741344</longitude>
				<latitude>28.14572986892427</latitude>
				<altitude>752.9537792202648</altitude>
				<heading>17.25599225389998</heading>
				<tilt>56.80268690969446</tilt>
				<gx:fovy>35</gx:fovy>
				<range>118.9517625366171</range>
				<altitudeMode>absolute</altitudeMode>
			</LookAt>
			<styleUrl>#__managed_style_02307E076540DD884E08</styleUrl>
			<Point>
				<coordinates>83.94910689198703,28.14593031356559,741.7181851301184</coordinates>
			</Point>
		</Placemark>
		<Placemark id="0B2779350B40DDBB223C">
			<name>Untitled placemark</name>
			<LookAt>
				<longitude>84.00942718478666</longitude>
				<latitude>28.13525616472297</latitude>
				<altitude>759.9824176864805</altitude>
				<heading>17.27753241559264</heading>
				<tilt>35.93128660976377</tilt>
				<gx:fovy>35</gx:fovy>
				<range>99.03714038111502</range>
				<altitudeMode>absolute</altitudeMode>
			</LookAt>
			<styleUrl>#__managed_style_02307E076540DD884E08</styleUrl>
			<Point>
				<coordinates>84.00918803767419,28.13526870789127,754.8152695328525</coordinates>
			</Point>
		</Placemark>
		<Placemark id="0DABFEF0E440DDBB7386">
			<name>Untitled placemark</name>
			<LookAt>
				<longitude>84.03165072355566</longitude>
				<latitude>28.11119416284396</latitude>
				<altitude>672.0755108471147</altitude>
				<heading>17.28599303855767</heading>
				<tilt>35.93148395010122</tilt>
				<gx:fovy>35</gx:fovy>
				<range>136.4340810601061</range>
				<altitudeMode>absolute</altitudeMode>
			</LookAt>
			<styleUrl>#__managed_style_02307E076540DD884E08</styleUrl>
			<Point>
				<coordinates>84.03172514510285,28.11109777727187,671.4908533880197</coordinates>
			</Point>
		</Placemark>
		<Placemark id="028B77C41D40DDBBF4EF">
			<name>Untitled placemark</name>
			<LookAt>
				<longitude>84.04735735014586</longitude>
				<latitude>28.08912911527538</latitude>
				<altitude>544.2685603158565</altitude>
				<heading>17.29404890131013</heading>
				<tilt>35.93144128894981</tilt>
				<gx:fovy>35</gx:fovy>
				<range>128.3467097267021</range>
				<altitudeMode>absolute</altitudeMode>
			</LookAt>
			<styleUrl>#__managed_style_02307E076540DD884E08</styleUrl>
			<Point>
				<coordinates>84.04736389858863,28.08924264895733,544.4683292387016</coordinates>
			</Point>
		</Placemark>
		<Placemark id="0259467E0740DDBC2C7F">
			<name>Untitled placemark</name>
			<LookAt>
				<longitude>84.04967894057185</longitude>
				<latitude>28.08581508158219</latitude>
				<altitude>560.7196286167914</altitude>
				<heading>17.2939141003664</heading>
				<tilt>35.93164536278125</tilt>
				<gx:fovy>35</gx:fovy>
				<range>167.0207477192162</range>
				<altitudeMode>absolute</altitudeMode>
			</LookAt>
			<styleUrl>#__managed_style_02307E076540DD884E08</styleUrl>
			<Point>
				<coordinates>84.04952984667531,28.08559331119567,561.4448085590153</coordinates>
			</Point>
		</Placemark>
		<Placemark id="0F554BAE3840DDBC84F3">
			<name>Untitled placemark</name>
			<LookAt>
				<longitude>84.06871974039112</longitude>
				<latitude>28.08900953778816</latitude>
				<altitude>588.3945712612636</altitude>
				<heading>17.29931826811611</heading>
				<tilt>35.93131025674234</tilt>
				<gx:fovy>35</gx:fovy>
				<range>103.515794260602</range>
				<altitudeMode>absolute</altitudeMode>
			</LookAt>
			<styleUrl>#__managed_style_02307E076540DD884E08</styleUrl>
			<Point>
				<coordinates>84.06874210126581,28.08894975469934,588.3096078193846</coordinates>
			</Point>
		</Placemark>
		<Placemark id="0EA52BEFAB40DDBD0F59">
			<name>Untitled placemark</name>
			<LookAt>
				<longitude>84.06885773558928</longitude>
				<latitude>28.11007772095773</latitude>
				<altitude>801.5458405691102</altitude>
				<heading>17.29935718946351</heading>
				<tilt>35.9312684174585</tilt>
				<gx:fovy>35</gx:fovy>
				<range>95.59006929953286</range>
				<altitudeMode>absolute</altitudeMode>
			</LookAt>
			<styleUrl>#__managed_style_02307E076540DD884E08</styleUrl>
			<Point>
				<coordinates>84.06883321660997,28.10995026686481,800.3090580669153</coordinates>
			</Point>
		</Placemark>
		<Placemark id="04E2AE4A2640DDB7EABC">
			<name>Untitled placemark</name>
			<LookAt>
				<longitude>83.9435018716766</longitude>
				<latitude>28.14914705808568</latitude>
				<altitude>927.0478172842803</altitude>
				<heading>17.254158773912</heading>
				<tilt>56.80268031171008</tilt>
				<gx:fovy>35</gx:fovy>
				<range>118.0781061063499</range>
				<altitudeMode>absolute</altitudeMode>
			</LookAt>
			<styleUrl>#__managed_style_02307E076540DD884E08</styleUrl>
			<Point>
				<coordinates>83.94315731359134,28.14921455549943,930.4183297943181</coordinates>
			</Point>
		</Placemark>
	</Folder>
	<Folder id="0B4EAC795140DDBECABC">
		<name>Builtup</name>
		<visibility>0</visibility>
		<styleUrl>#__managed_style_07E6E4079340DD16CD2B</styleUrl>
		<Placemark id="0D13777E0040DDBFE209">
			<name>Untitled placemark</name>
			<LookAt>
				<longitude>83.94371383832485</longitude>
				<latitude>28.29417259360098</latitude>
				<altitude>1151.281338895848</altitude>
				<heading>17.26706408704522</heading>
				<tilt>35.93125334154623</tilt>
				<gx:fovy>35</gx:fovy>
				<range>92.73805410951354</range>
				<altitudeMode>absolute</altitudeMode>
			</LookAt>
			<styleUrl>#__managed_style_06A9DE26DA40DDBF3E6F</styleUrl>
			<Point>
				<coordinates>83.94340395210835,28.29430952832031,1151.578073980715</coordinates>
			</Point>
		</Placemark>
		<Placemark id="066CBFDC0740DDC01F98">
			<name>Untitled placemark</name>
			<LookAt>
				<longitude>83.89355767921462</longitude>
				<latitude>28.28884145755363</latitude>
				<altitude>1112.651168415966</altitude>
				<heading>17.2499984486879</heading>
				<tilt>35.93157006363726</tilt>
				<gx:fovy>35</gx:fovy>
				<range>152.7641831754227</range>
				<altitudeMode>absolute</altitudeMode>
			</LookAt>
			<styleUrl>#__managed_style_06A9DE26DA40DDBF3E6F</styleUrl>
			<Point>
				<coordinates>83.89300068995468,28.28903909707435,1114.564480400298</coordinates>
			</Point>
		</Placemark>
		<Placemark id="08538892FD40DDC0A1C8">
			<name>Untitled placemark</name>
			<LookAt>
				<longitude>83.83625441167153</longitude>
				<latitude>28.24217922061974</latitude>
				<altitude>1216.036864089579</altitude>
				<heading>17.21561907475012</heading>
				<tilt>35.93133978162938</tilt>
				<gx:fovy>35</gx:fovy>
				<range>109.1218065729481</range>
				<altitudeMode>absolute</altitudeMode>
			</LookAt>
			<styleUrl>#__managed_style_06A9DE26DA40DDBF3E6F</styleUrl>
			<Point>
				<coordinates>83.83605161798124,28.24219636354303,1220.763331376039</coordinates>
			</Point>
		</Placemark>
		<Placemark id="03DD27CBF640DDBF2D6C">
			<name>Untitled placemark</name>
			<LookAt>
				<longitude>83.99492097172794</longitude>
				<latitude>28.29898646591115</latitude>
				<altitude>1254.334596291238</altitude>
				<heading>17.29740806732116</heading>
				<tilt>35.93192128795855</tilt>
				<gx:fovy>35</gx:fovy>
				<range>219.3347681685555</range>
				<altitudeMode>absolute</altitudeMode>
			</LookAt>
			<styleUrl>#__managed_style_06A9DE26DA40DDBF3E6F</styleUrl>
			<Point>
				<coordinates>83.99412010825814,28.29919577206154,1280.759959654251</coordinates>
			</Point>
		</Placemark>
		<Placemark id="0575843C1340DDBFAC4F">
			<name>Untitled placemark</name>
			<LookAt>
				<longitude>83.96612756350568</longitude>
				<latitude>28.30109219192629</latitude>
				<altitude>1335.734660698322</altitude>
				<heading>17.27574216163388</heading>
				<tilt>35.9310586580116</tilt>
				<gx:fovy>35</gx:fovy>
				<range>55.8420856518842</range>
				<altitudeMode>absolute</altitudeMode>
			</LookAt>
			<styleUrl>#__managed_style_06A9DE26DA40DDBF3E6F</styleUrl>
			<Point>
				<coordinates>83.96595979063524,28.30119663000248,1329.394388738034</coordinates>
			</Point>
		</Placemark>
		<Placemark id="078F4A638B40DDC1622C">
			<name>Untitled placemark</name>
			<LookAt>
				<longitude>83.91316063632533</longitude>
				<latitude>28.24350949872963</latitude>
				<altitude>845.2529089622096</altitude>
				<heading>17.20218340261632</heading>
				<tilt>35.93130255923457</tilt>
				<gx:fovy>35</gx:fovy>
				<range>102.0611913023822</range>
				<altitudeMode>absolute</altitudeMode>
			</LookAt>
			<styleUrl>#__managed_style_06A9DE26DA40DDBF3E6F</styleUrl>
			<Point>
				<coordinates>83.91290054808796,28.24352031482312,845.7513233832659</coordinates>
			</Point>
		</Placemark>
		<Placemark id="0C504B848540DDC2FF90">
			<name>Untitled placemark</name>
			<LookAt>
				<longitude>83.88105726560184</longitude>
				<latitude>28.19815489268427</latitude>
				<altitude>1487.764528778658</altitude>
				<heading>17.19734363040321</heading>
				<tilt>35.93140400507606</tilt>
				<gx:fovy>35</gx:fovy>
				<range>121.2991318557761</range>
				<altitudeMode>absolute</altitudeMode>
			</LookAt>
			<styleUrl>#__managed_style_06A9DE26DA40DDBF3E6F</styleUrl>
			<Point>
				<coordinates>83.88098649635882,28.19822925927109,1488.761288375146</coordinates>
			</Point>
		</Placemark>
		<Placemark id="0E56CD244040DDC35E26">
			<name>Untitled placemark</name>
			<LookAt>
				<longitude>83.90971771289584</longitude>
				<latitude>28.26370948743174</latitude>
				<altitude>1492.892411379822</altitude>
				<heading>17.22354302491362</heading>
				<tilt>35.93115545691548</tilt>
				<gx:fovy>35</gx:fovy>
				<range>74.19038302585251</range>
				<altitudeMode>absolute</altitudeMode>
			</LookAt>
			<styleUrl>#__managed_style_06A9DE26DA40DDBF3E6F</styleUrl>
			<Point>
				<coordinates>83.90960744082726,28.26366259121895,1489.607506007806</coordinates>
			</Point>
		</Placemark>
		<Placemark id="05521F984140DDC3ABD8">
			<name>Untitled placemark</name>
			<LookAt>
				<longitude>83.93837245670056</longitude>
				<latitude>28.27586992450152</latitude>
				<altitude>1086.196507199398</altitude>
				<heading>17.2353799625892</heading>
				<tilt>35.93147225052086</tilt>
				<gx:fovy>35</gx:fovy>
				<range>134.2256498603092</range>
				<altitudeMode>absolute</altitudeMode>
			</LookAt>
			<styleUrl>#__managed_style_06A9DE26DA40DDBF3E6F</styleUrl>
			<Point>
				<coordinates>83.93827083824564,28.27587917360869,1086.656373796927</coordinates>
			</Point>
		</Placemark>
		<Placemark id="0A6E4407E540DDC41218">
			<name>Untitled placemark</name>
			<LookAt>
				<longitude>84.01056863911023</longitude>
				<latitude>28.27636557949572</latitude>
				<altitude>1595.814515386765</altitude>
				<heading>17.25550539545936</heading>
				<tilt>35.93108693407594</tilt>
				<gx:fovy>35</gx:fovy>
				<range>61.20382345017788</range>
				<altitudeMode>absolute</altitudeMode>
			</LookAt>
			<styleUrl>#__managed_style_06A9DE26DA40DDBF3E6F</styleUrl>
			<Point>
				<coordinates>84.01031651142846,28.27636254575189,1601.630106693668</coordinates>
			</Point>
		</Placemark>
		<Placemark id="0D8355EA4D40DDC2817C">
			<name>Untitled placemark</name>
			<LookAt>
				<longitude>83.88223691671149</longitude>
				<latitude>28.2261748282259</latitude>
				<altitude>1202.870973517256</altitude>
				<heading>17.19590010409093</heading>
				<tilt>35.93127979826415</tilt>
				<gx:fovy>35</gx:fovy>
				<range>97.75310137658383</range>
				<altitudeMode>absolute</altitudeMode>
			</LookAt>
			<styleUrl>#__managed_style_06A9DE26DA40DDBF3E6F</styleUrl>
			<Point>
				<coordinates>83.88224610492279,28.22616660713893,1202.565173160328</coordinates>
			</Point>
		</Placemark>
		<Placemark id="0E7AC8976940DDC4B156">
			<name>Untitled placemark</name>
			<LookAt>
				<longitude>84.03308785896276</longitude>
				<latitude>28.25289846383923</latitude>
				<altitude>1391.594064757415</altitude>
				<heading>17.23920559924562</heading>
				<tilt>35.93143218704203</tilt>
				<gx:fovy>35</gx:fovy>
				<range>126.6387292522814</range>
				<altitudeMode>absolute</altitudeMode>
			</LookAt>
			<styleUrl>#__managed_style_06A9DE26DA40DDBF3E6F</styleUrl>
			<Point>
				<coordinates>84.03309070312326,28.25290095986147,1391.623360576706</coordinates>
			</Point>
		</Placemark>
		<Placemark id="0DCA55BEA640DDC4F79C">
			<name>Untitled placemark</name>
			<LookAt>
				<longitude>84.00275578426155</longitude>
				<latitude>28.25740563498064</latitude>
				<altitude>1215.944585904006</altitude>
				<heading>17.23419862638297</heading>
				<tilt>35.93129851508117</tilt>
				<gx:fovy>35</gx:fovy>
				<range>101.3006763233898</range>
				<altitudeMode>absolute</altitudeMode>
			</LookAt>
			<styleUrl>#__managed_style_06A9DE26DA40DDBF3E6F</styleUrl>
			<Point>
				<coordinates>84.00287611889573,28.25726648378219,1216.772375763598</coordinates>
			</Point>
		</Placemark>
		<Placemark id="00DE8466CD40DDC553A8">
			<name>Untitled placemark</name>
			<LookAt>
				<longitude>83.97118690942725</longitude>
				<latitude>28.25942938131111</latitude>
				<altitude>981.1436022226077</altitude>
				<heading>17.22824925927405</heading>
				<tilt>35.9314487433502</tilt>
				<gx:fovy>35</gx:fovy>
				<range>129.7683425498326</range>
				<altitudeMode>absolute</altitudeMode>
			</LookAt>
			<styleUrl>#__managed_style_06A9DE26DA40DDBF3E6F</styleUrl>
			<Point>
				<coordinates>83.97075488766316,28.25948506521609,983.0996041280492</coordinates>
			</Point>
		</Placemark>
		<Placemark id="09D6FF8D4140DDC5A690">
			<name>Untitled placemark</name>
			<LookAt>
				<longitude>83.96979121937579</longitude>
				<latitude>28.25911348740657</latitude>
				<altitude>979.5041089895375</altitude>
				<heading>17.22740051595133</heading>
				<tilt>35.93187739461158</tilt>
				<gx:fovy>35</gx:fovy>
				<range>211.0066626994012</range>
				<altitudeMode>absolute</altitudeMode>
			</LookAt>
			<styleUrl>#__managed_style_06A9DE26DA40DDBF3E6F</styleUrl>
			<Point>
				<coordinates>83.96957800103483,28.2592217550717,978.606175850252</coordinates>
			</Point>
		</Placemark>
		<Placemark id="06C2897C4640DDC61590">
			<name>Untitled placemark</name>
			<LookAt>
				<longitude>83.95009975217646</longitude>
				<latitude>28.23919172012844</latitude>
				<altitude>1354.538270486573</altitude>
				<heading>17.21790628619495</heading>
				<tilt>35.93126239711844</tilt>
				<gx:fovy>35</gx:fovy>
				<range>94.45738001882091</range>
				<altitudeMode>absolute</altitudeMode>
			</LookAt>
			<styleUrl>#__managed_style_06A9DE26DA40DDBF3E6F</styleUrl>
			<Point>
				<coordinates>83.95010269377819,28.2392624702631,1356.028063454637</coordinates>
			</Point>
		</Placemark>
		<Placemark id="06365E5C8840DDC65EF0">
			<name>Untitled placemark</name>
			<LookAt>
				<longitude>83.92636890643739</longitude>
				<latitude>28.23467792322715</latitude>
				<altitude>816.8441578294619</altitude>
				<heading>17.21540255310024</heading>
				<tilt>35.93138153337569</tilt>
				<gx:fovy>35</gx:fovy>
				<range>117.0276393593667</range>
				<altitudeMode>absolute</altitudeMode>
			</LookAt>
			<styleUrl>#__managed_style_06A9DE26DA40DDBF3E6F</styleUrl>
			<Point>
				<coordinates>83.9260362150919,28.23465220144935,817.6530326049792</coordinates>
			</Point>
		</Placemark>
		<Placemark id="0F67B4E88440DDC6ABCC">
			<name>Untitled placemark</name>
			<LookAt>
				<longitude>83.92791970630951</longitude>
				<latitude>28.19954233828863</latitude>
				<altitude>1333.448432289136</altitude>
				<heading>17.21556347613273</heading>
				<tilt>35.93118245191636</tilt>
				<gx:fovy>35</gx:fovy>
				<range>79.30494331577393</range>
				<altitudeMode>absolute</altitudeMode>
			</LookAt>
			<styleUrl>#__managed_style_06A9DE26DA40DDBF3E6F</styleUrl>
			<Point>
				<coordinates>83.92766100465612,28.1995125143612,1330.266081194953</coordinates>
			</Point>
		</Placemark>
		<Placemark id="02A1258C2540DDC7A638">
			<name>Untitled placemark</name>
			<LookAt>
				<longitude>83.93115040809811</longitude>
				<latitude>28.18069297290263</latitude>
				<altitude>772.2154177005044</altitude>
				<heading>17.23121106996258</heading>
				<tilt>35.93147572614791</tilt>
				<gx:fovy>35</gx:fovy>
				<range>134.877728440697</range>
				<altitudeMode>absolute</altitudeMode>
			</LookAt>
			<styleUrl>#__managed_style_06A9DE26DA40DDBF3E6F</styleUrl>
			<Point>
				<coordinates>83.93127514775621,28.18044012422385,774.8308771083811</coordinates>
			</Point>
		</Placemark>
		<Placemark id="04CDABA8D540DDC7FDE3">
			<name>Untitled placemark</name>
			<LookAt>
				<longitude>83.92973160001333</longitude>
				<latitude>28.14688806319586</latitude>
				<altitude>1281.529421072009</altitude>
				<heading>17.23213668001408</heading>
				<tilt>35.93139803990186</tilt>
				<gx:fovy>35</gx:fovy>
				<range>120.1646578999135</range>
				<altitudeMode>absolute</altitudeMode>
			</LookAt>
			<styleUrl>#__managed_style_06A9DE26DA40DDBF3E6F</styleUrl>
			<Point>
				<coordinates>83.92965667153828,28.14693001780141,1284.028391080687</coordinates>
			</Point>
		</Placemark>
		<Placemark id="09DD1D509340DDC85D1B">
			<name>Untitled placemark</name>
			<LookAt>
				<longitude>83.9327828142175</longitude>
				<latitude>28.14473158224293</latitude>
				<altitude>1184.52077049165</altitude>
				<heading>17.23321794697556</heading>
				<tilt>35.93159216603553</tilt>
				<gx:fovy>35</gx:fovy>
				<range>156.9549712708613</range>
				<altitudeMode>absolute</altitudeMode>
			</LookAt>
			<styleUrl>#__managed_style_06A9DE26DA40DDBF3E6F</styleUrl>
			<Point>
				<coordinates>83.93225442184925,28.14464344022181,1204.807372898721</coordinates>
			</Point>
		</Placemark>
		<Placemark id="0EE7C6133940DDC898FB">
			<name>Untitled placemark</name>
			<LookAt>
				<longitude>83.94322520364146</longitude>
				<latitude>28.13940256967957</latitude>
				<altitude>787.4224117393436</altitude>
				<heading>17.2366281468912</heading>
				<tilt>35.93121600071143</tilt>
				<gx:fovy>35</gx:fovy>
				<range>85.65616180273538</range>
				<altitudeMode>absolute</altitudeMode>
			</LookAt>
			<styleUrl>#__managed_style_06A9DE26DA40DDBF3E6F</styleUrl>
			<Point>
				<coordinates>83.94313896673583,28.13943274143092,789.4548185812696</coordinates>
			</Point>
		</Placemark>
		<Placemark id="06F758222640DDD20374">
			<name>Untitled placemark</name>
			<LookAt>
				<longitude>83.95768622508923</longitude>
				<latitude>28.16645994006693</latitude>
				<altitude>1083.834612358192</altitude>
				<heading>17.21146738735963</heading>
				<tilt>35.93120881204822</tilt>
				<gx:fovy>35</gx:fovy>
				<range>84.29773429305898</range>
				<altitudeMode>absolute</altitudeMode>
			</LookAt>
			<styleUrl>#__managed_style_06A9DE26DA40DDBF3E6F</styleUrl>
			<Point>
				<coordinates>83.95757952454426,28.16646521501489,1082.379073601569</coordinates>
			</Point>
		</Placemark>
		<Placemark id="02D78C019B40DDD24D0C">
			<name>Untitled placemark</name>
			<LookAt>
				<longitude>83.95051528933628</longitude>
				<latitude>28.1837569247601</latitude>
				<altitude>726.2235378185427</altitude>
				<heading>17.20767195423615</heading>
				<tilt>35.93133240284119</tilt>
				<gx:fovy>35</gx:fovy>
				<range>107.7151001238053</range>
				<altitudeMode>absolute</altitudeMode>
			</LookAt>
			<styleUrl>#__managed_style_06A9DE26DA40DDBF3E6F</styleUrl>
			<Point>
				<coordinates>83.95039083565919,28.18385451194697,728.7170931557912</coordinates>
			</Point>
		</Placemark>
		<Placemark id="0359441E9940DDD29A4C">
			<name>Untitled placemark</name>
			<LookAt>
				<longitude>83.94500913202464</longitude>
				<latitude>28.20098686016258</latitude>
				<altitude>1093.116340381878</altitude>
				<heading>17.20974363570016</heading>
				<tilt>35.93117156891104</tilt>
				<gx:fovy>35</gx:fovy>
				<range>77.23937883843064</range>
				<altitudeMode>absolute</altitudeMode>
			</LookAt>
			<styleUrl>#__managed_style_06A9DE26DA40DDBF3E6F</styleUrl>
			<Point>
				<coordinates>83.94479235062065,28.2011228211776,1098.056605892768</coordinates>
			</Point>
		</Placemark>
		<Placemark id="011AE5FCF440DDD31C70">
			<name>Untitled placemark</name>
			<LookAt>
				<longitude>83.94489255365012</longitude>
				<latitude>28.20677493244149</latitude>
				<altitude>887.2980787766106</altitude>
				<heading>17.20920745477487</heading>
				<tilt>35.93114714062363</tilt>
				<gx:fovy>35</gx:fovy>
				<range>72.60729504558186</range>
				<altitudeMode>absolute</altitudeMode>
			</LookAt>
			<styleUrl>#__managed_style_06A9DE26DA40DDBF3E6F</styleUrl>
			<Point>
				<coordinates>83.94485560783082,28.20668311522486,886.2613533413346</coordinates>
			</Point>
		</Placemark>
		<Placemark id="0C729E94EB40DDD16E5E">
			<name>Untitled placemark</name>
			<LookAt>
				<longitude>83.95197440116753</longitude>
				<latitude>28.1563507720365</latitude>
				<altitude>1057.206114813357</altitude>
				<heading>17.21069215007259</heading>
				<tilt>35.93108201704118</tilt>
				<gx:fovy>35</gx:fovy>
				<range>60.26678787446144</range>
				<altitudeMode>absolute</altitudeMode>
			</LookAt>
			<styleUrl>#__managed_style_06A9DE26DA40DDBF3E6F</styleUrl>
			<Point>
				<coordinates>83.95199992814898,28.15633889793432,1057.202636320263</coordinates>
			</Point>
		</Placemark>
		<Placemark id="08246B320440DDD19D10">
			<name>Untitled placemark</name>
			<LookAt>
				<longitude>83.94757926910857</longitude>
				<latitude>28.15906428096287</latitude>
				<altitude>1191.922760880816</altitude>
				<heading>17.20991813365512</heading>
				<tilt>35.93166090022576</tilt>
				<gx:fovy>35</gx:fovy>
				<range>169.9821495894139</range>
				<altitudeMode>absolute</altitudeMode>
			</LookAt>
			<styleUrl>#__managed_style_06A9DE26DA40DDBF3E6F</styleUrl>
			<Point>
				<coordinates>83.94740617380697,28.15909323641453,1198.67510611967</coordinates>
			</Point>
		</Placemark>
		<Placemark id="0FEA79A89F40DDD3D681">
			<name>Untitled placemark</name>
			<LookAt>
				<longitude>83.95511533116928</longitude>
				<latitude>28.19383802610285</latitude>
				<altitude>800.298231341157</altitude>
				<heading>17.20525651022368</heading>
				<tilt>35.9311951671445</tilt>
				<gx:fovy>35</gx:fovy>
				<range>81.70807793899257</range>
				<altitudeMode>absolute</altitudeMode>
			</LookAt>
			<styleUrl>#__managed_style_06A9DE26DA40DDBF3E6F</styleUrl>
			<Point>
				<coordinates>83.95493012813768,28.1937386198491,790.5979669064747</coordinates>
			</Point>
		</Placemark>
		<Placemark id="01B09FA34440DDD42E4E">
			<name>Untitled placemark</name>
			<LookAt>
				<longitude>83.9637735230106</longitude>
				<latitude>28.20093755204386</latitude>
				<altitude>803.3036859637073</altitude>
				<heading>17.21097443216321</heading>
				<tilt>35.93146314893588</tilt>
				<gx:fovy>35</gx:fovy>
				<range>132.4948510393187</range>
				<altitudeMode>absolute</altitudeMode>
			</LookAt>
			<styleUrl>#__managed_style_06A9DE26DA40DDBF3E6F</styleUrl>
			<Point>
				<coordinates>83.96355601918881,28.20095053378955,803.7583255811137</coordinates>
			</Point>
		</Placemark>
		<Placemark id="0AECDB6EF740DDD49E43">
			<name>Untitled placemark</name>
			<LookAt>
				<longitude>83.98381085110763</longitude>
				<latitude>28.23780972398681</latitude>
				<altitude>930.3213731557094</altitude>
				<heading>17.21807010433261</heading>
				<tilt>35.93110732878512</tilt>
				<gx:fovy>35</gx:fovy>
				<range>65.06267355638556</range>
				<altitudeMode>absolute</altitudeMode>
			</LookAt>
			<styleUrl>#__managed_style_06A9DE26DA40DDBF3E6F</styleUrl>
			<Point>
				<coordinates>83.98371726181804,28.23776997440553,930.0879337067676</coordinates>
			</Point>
		</Placemark>
		<Placemark id="0ADFBCA7F140DDD4FCC4">
			<name>Untitled placemark</name>
			<LookAt>
				<longitude>83.98169807860877</longitude>
				<latitude>28.23906741736659</latitude>
				<altitude>935.3575026067361</altitude>
				<heading>17.21796897780429</heading>
				<tilt>35.93161373602458</tilt>
				<gx:fovy>35</gx:fovy>
				<range>161.0367898829099</range>
				<altitudeMode>absolute</altitudeMode>
			</LookAt>
			<styleUrl>#__managed_style_06A9DE26DA40DDBF3E6F</styleUrl>
			<Point>
				<coordinates>83.98113092813811,28.23915189256314,927.6099633387272</coordinates>
			</Point>
		</Placemark>
		<Placemark id="0B05134CE740DDD602A8">
			<name>Untitled placemark</name>
			<LookAt>
				<longitude>83.97703176714496</longitude>
				<latitude>28.21961886887532</latitude>
				<altitude>864.9790123616714</altitude>
				<heading>17.17306755622785</heading>
				<tilt>35.93145240473137</tilt>
				<gx:fovy>35</gx:fovy>
				<range>130.4599273483291</range>
				<altitudeMode>absolute</altitudeMode>
			</LookAt>
			<styleUrl>#__managed_style_06A9DE26DA40DDBF3E6F</styleUrl>
			<Point>
				<coordinates>83.97703704183766,28.21935708697034,863.9626238028433</coordinates>
			</Point>
		</Placemark>
		<Placemark id="061FCBF97D40DDD5B664">
			<name>Untitled placemark</name>
			<LookAt>
				<longitude>83.98313109988702</longitude>
				<latitude>28.21902543871197</latitude>
				<altitude>866.3735450908024</altitude>
				<heading>17.17544645993312</heading>
				<tilt>35.93229297887774</tilt>
				<gx:fovy>35</gx:fovy>
				<range>289.7634268183174</range>
				<altitudeMode>absolute</altitudeMode>
			</LookAt>
			<styleUrl>#__managed_style_06A9DE26DA40DDBF3E6F</styleUrl>
			<Point>
				<coordinates>83.98290964970512,28.21902609965236,866.0115941856898</coordinates>
			</Point>
		</Placemark>
		<Placemark id="04847412F440DDD6440E">
			<name>Untitled placemark</name>
			<LookAt>
				<longitude>83.97873467523617</longitude>
				<latitude>28.21938704247378</latitude>
				<altitude>865.5092690441126</altitude>
				<heading>17.17304386273371</heading>
				<tilt>35.93130210827965</tilt>
				<gx:fovy>35</gx:fovy>
				<range>101.9761411015316</range>
				<altitudeMode>absolute</altitudeMode>
			</LookAt>
			<styleUrl>#__managed_style_06A9DE26DA40DDBF3E6F</styleUrl>
			<Point>
				<coordinates>83.97861458054345,28.21953147272391,865.2108947297554</coordinates>
			</Point>
		</Placemark>
		<Placemark id="07A7E0828240DDD6A0CC">
			<name>Untitled placemark</name>
			<LookAt>
				<longitude>83.99353000168136</longitude>
				<latitude>28.18085860203989</latitude>
				<altitude>791.5390420785959</altitude>
				<heading>17.18385594117738</heading>
				<tilt>35.93161875744971</tilt>
				<gx:fovy>35</gx:fovy>
				<range>161.9848116407229</range>
				<altitudeMode>absolute</altitudeMode>
			</LookAt>
			<styleUrl>#__managed_style_06A9DE26DA40DDBF3E6F</styleUrl>
			<Point>
				<coordinates>83.99370440726537,28.18092452465063,792.2316475954245</coordinates>
			</Point>
		</Placemark>
		<Placemark id="04078AE09340DDD70C54">
			<name>Untitled placemark</name>
			<LookAt>
				<longitude>84.00685495986133</longitude>
				<latitude>28.18489881853974</latitude>
				<altitude>798.2909623514129</altitude>
				<heading>17.18407981799204</heading>
				<tilt>35.93132804524083</tilt>
				<gx:fovy>35</gx:fovy>
				<range>106.8905222601825</range>
				<altitudeMode>absolute</altitudeMode>
			</LookAt>
			<styleUrl>#__managed_style_06A9DE26DA40DDBF3E6F</styleUrl>
			<Point>
				<coordinates>84.00695544648428,28.18489193202002,798.3891317525323</coordinates>
			</Point>
		</Placemark>
		<Placemark id="0DC5B4FD1640DDD758FC">
			<name>Untitled placemark</name>
			<LookAt>
				<longitude>84.02217926135593</longitude>
				<latitude>28.21476403172143</latitude>
				<altitude>832.3957205867821</altitude>
				<heading>17.19791596995287</heading>
				<tilt>35.93130623348542</tilt>
				<gx:fovy>35</gx:fovy>
				<range>102.7574116207506</range>
				<altitudeMode>absolute</altitudeMode>
			</LookAt>
			<styleUrl>#__managed_style_06A9DE26DA40DDBF3E6F</styleUrl>
			<Point>
				<coordinates>84.02213077222187,28.21462393464698,832.7510595441111</coordinates>
			</Point>
		</Placemark>
		<Placemark id="0200BB99FE40DDD7D5B6">
			<name>Untitled placemark</name>
			<LookAt>
				<longitude>84.00762814397294</longitude>
				<latitude>28.21667474195118</latitude>
				<altitude>912.1057851306432</altitude>
				<heading>17.19594393013082</heading>
				<tilt>35.93152117247768</tilt>
				<gx:fovy>35</gx:fovy>
				<range>143.4936881050999</range>
				<altitudeMode>absolute</altitudeMode>
			</LookAt>
			<styleUrl>#__managed_style_06A9DE26DA40DDBF3E6F</styleUrl>
			<Point>
				<coordinates>84.00714142675398,28.21671761222632,916.351834933702</coordinates>
			</Point>
		</Placemark>
		<Placemark id="0F823CB7C940DDD8C31E">
			<name>Untitled placemark</name>
			<LookAt>
				<longitude>84.00244888491709</longitude>
				<latitude>28.21436205756293</latitude>
				<altitude>857.7560935594183</altitude>
				<heading>17.19325385425785</heading>
				<tilt>35.93111703955219</tilt>
				<gx:fovy>35</gx:fovy>
				<range>66.90232597276918</range>
				<altitudeMode>absolute</altitudeMode>
			</LookAt>
			<styleUrl>#__managed_style_06A9DE26DA40DDBF3E6F</styleUrl>
			<Point>
				<coordinates>84.00224658304327,28.21432961426098,858.071819498343</coordinates>
			</Point>
		</Placemark>
		<Placemark id="09C37930D740DDD90481">
			<name>Untitled placemark</name>
			<LookAt>
				<longitude>83.99619887264912</longitude>
				<latitude>28.21779938654764</latitude>
				<altitude>864.6890259121606</altitude>
				<heading>17.18992146636407</heading>
				<tilt>35.93206597747817</tilt>
				<gx:fovy>35</gx:fovy>
				<range>246.7426734306719</range>
				<altitudeMode>absolute</altitudeMode>
			</LookAt>
			<styleUrl>#__managed_style_06A9DE26DA40DDBF3E6F</styleUrl>
			<Point>
				<coordinates>83.99509216464681,28.21819353193867,866.7055999908209</coordinates>
			</Point>
		</Placemark>
		<Placemark id="0EE139A5CA40DDD96130">
			<name>Untitled placemark</name>
			<LookAt>
				<longitude>84.00138647124943</longitude>
				<latitude>28.19824595041323</latitude>
				<altitude>824.9056635136933</altitude>
				<heading>17.18739036610519</heading>
				<tilt>35.93118947170409</tilt>
				<gx:fovy>35</gx:fovy>
				<range>80.62905638959819</range>
				<altitudeMode>absolute</altitudeMode>
			</LookAt>
			<styleUrl>#__managed_style_06A9DE26DA40DDBF3E6F</styleUrl>
			<Point>
				<coordinates>84.00115604971568,28.19812773558127,824.6689259902563</coordinates>
			</Point>
		</Placemark>
		<Placemark id="0E991061BD40DDD9A424">
			<name>Untitled placemark</name>
			<LookAt>
				<longitude>84.024942214311</longitude>
				<latitude>28.16498599836327</latitude>
				<altitude>741.4796171704843</altitude>
				<heading>17.19832267099801</heading>
				<tilt>35.93143384850968</tilt>
				<gx:fovy>35</gx:fovy>
				<range>126.9407797271379</range>
				<altitudeMode>absolute</altitudeMode>
			</LookAt>
			<styleUrl>#__managed_style_06A9DE26DA40DDBF3E6F</styleUrl>
			<Point>
				<coordinates>84.0246587245714,28.16483395063004,746.083984573515</coordinates>
			</Point>
		</Placemark>
		<Placemark id="01FE65327740DDD9F0AB">
			<name>Untitled placemark</name>
			<LookAt>
				<longitude>84.04077508767445</longitude>
				<latitude>28.1105917745493</latitude>
				<altitude>852.7737412302257</altitude>
				<heading>17.20242200555579</heading>
				<tilt>35.93140630773717</tilt>
				<gx:fovy>35</gx:fovy>
				<range>121.7235484664525</range>
				<altitudeMode>absolute</altitudeMode>
			</LookAt>
			<styleUrl>#__managed_style_06A9DE26DA40DDBF3E6F</styleUrl>
			<Point>
				<coordinates>84.04078506768133,28.11052602181568,851.7812272821698</coordinates>
			</Point>
		</Placemark>
		<Placemark id="09EEAA852840DDDA46F8">
			<name>Untitled placemark</name>
			<LookAt>
				<longitude>84.07253755215294</longitude>
				<latitude>28.09049471182209</latitude>
				<altitude>568.1220232021263</altitude>
				<heading>17.21655835592518</heading>
				<tilt>35.93290802404366</tilt>
				<gx:fovy>35</gx:fovy>
				<range>406.3062835094752</range>
				<altitudeMode>absolute</altitudeMode>
			</LookAt>
			<styleUrl>#__managed_style_06A9DE26DA40DDBF3E6F</styleUrl>
			<Point>
				<coordinates>84.07192448047606,28.09101668396188,588.5463373585461</coordinates>
			</Point>
		</Placemark>
		<Placemark id="003F85DC7640DDDAACF7">
			<name>Untitled placemark</name>
			<LookAt>
				<longitude>84.09388555866785</longitude>
				<latitude>28.10856089691308</latitude>
				<altitude>623.0159952954191</altitude>
				<heading>17.22140518073278</heading>
				<tilt>35.93111385248134</tilt>
				<gx:fovy>35</gx:fovy>
				<range>66.29589567432049</range>
				<altitudeMode>absolute</altitudeMode>
			</LookAt>
			<styleUrl>#__managed_style_06A9DE26DA40DDBF3E6F</styleUrl>
			<Point>
				<coordinates>84.09389804178151,28.10854047796504,623.1142776166031</coordinates>
			</Point>
		</Placemark>
		<Placemark id="07593C3A3D40DDDC887C">
			<name>Untitled placemark</name>
			<LookAt>
				<longitude>84.0255982801857</longitude>
				<latitude>28.18843482698082</latitude>
				<altitude>788.8025659199085</altitude>
				<heading>17.13209176405078</heading>
				<tilt>35.93134256772787</tilt>
				<gx:fovy>35</gx:fovy>
				<range>109.6426419969612</range>
				<altitudeMode>absolute</altitudeMode>
			</LookAt>
			<styleUrl>#__managed_style_06A9DE26DA40DDBF3E6F</styleUrl>
			<Point>
				<coordinates>84.02570599262226,28.1883935691105,788.8468979620503</coordinates>
			</Point>
		</Placemark>
		<Placemark id="07C2B7765C40DDDCC5D7">
			<name>Untitled placemark</name>
			<LookAt>
				<longitude>84.03362997764307</longitude>
				<latitude>28.18188809635474</latitude>
				<altitude>769.0865217598388</altitude>
				<heading>17.13206366607793</heading>
				<tilt>35.93115076565443</tilt>
				<gx:fovy>35</gx:fovy>
				<range>73.29301591144031</range>
				<altitudeMode>absolute</altitudeMode>
			</LookAt>
			<styleUrl>#__managed_style_06A9DE26DA40DDBF3E6F</styleUrl>
			<Point>
				<coordinates>84.03331762186912,28.18202493718244,769.6631655186865</coordinates>
			</Point>
		</Placemark>
		<Placemark id="02E0BD111440DDDF5AFB">
			<name>Untitled placemark</name>
			<LookAt>
				<longitude>84.03558480543371</longitude>
				<latitude>28.22679257609131</latitude>
				<altitude>1053.83871288173</altitude>
				<heading>17.15044490553921</heading>
				<tilt>35.93119561507046</tilt>
				<gx:fovy>35</gx:fovy>
				<range>81.79429281421109</range>
				<altitudeMode>absolute</altitudeMode>
			</LookAt>
			<styleUrl>#__managed_style_06A9DE26DA40DDBF3E6F</styleUrl>
			<Point>
				<coordinates>84.03566452137629,28.22673896024881,1052.745569713626</coordinates>
			</Point>
		</Placemark>
		<Placemark id="03D019310C40DDDF9DAC">
			<name>Untitled placemark</name>
			<LookAt>
				<longitude>84.05230017773746</longitude>
				<latitude>28.20667417820181</latitude>
				<altitude>1020.983097455032</altitude>
				<heading>17.15339502733529</heading>
				<tilt>35.93153428017375</tilt>
				<gx:fovy>35</gx:fovy>
				<range>145.9783847004656</range>
				<altitudeMode>absolute</altitudeMode>
			</LookAt>
			<styleUrl>#__managed_style_06A9DE26DA40DDBF3E6F</styleUrl>
			<Point>
				<coordinates>84.05204363944087,28.20678987346562,1023.195957945843</coordinates>
			</Point>
		</Placemark>
		<Placemark id="0A19D0C9D040DDE016C0">
			<name>Untitled placemark</name>
			<LookAt>
				<longitude>84.09441271285594</longitude>
				<latitude>28.20467146094534</latitude>
				<altitude>959.5436455728352</altitude>
				<heading>-11.68655195893295</heading>
				<tilt>35.93154911768688</tilt>
				<gx:fovy>35</gx:fovy>
				<range>148.7889815204289</range>
				<altitudeMode>absolute</altitudeMode>
			</LookAt>
			<styleUrl>#__managed_style_06A9DE26DA40DDBF3E6F</styleUrl>
			<Point>
				<coordinates>84.09412548974358,28.20456754999577,964.7165167728525</coordinates>
			</Point>
		</Placemark>
		<Placemark id="03E2A7D89D40DDE06146">
			<name>Untitled placemark</name>
			<LookAt>
				<longitude>84.11289057414213</longitude>
				<latitude>28.20037475872278</latitude>
				<altitude>1022.814971389002</altitude>
				<heading>-11.6845217344238</heading>
				<tilt>35.93111322592933</tilt>
				<gx:fovy>35</gx:fovy>
				<range>66.17933552714021</range>
				<altitudeMode>absolute</altitudeMode>
			</LookAt>
			<styleUrl>#__managed_style_06A9DE26DA40DDBF3E6F</styleUrl>
			<Point>
				<coordinates>84.11290802662909,28.2002964838494,1023.242800038248</coordinates>
			</Point>
		</Placemark>
		<Placemark id="08DAB51F4240DDDD0320">
			<name>Untitled placemark</name>
			<LookAt>
				<longitude>84.04059602187353</longitude>
				<latitude>28.16705168998409</latitude>
				<altitude>739.8735252997748</altitude>
				<heading>17.13136453772608</heading>
				<tilt>35.93157971509092</tilt>
				<gx:fovy>35</gx:fovy>
				<range>154.5844822963409</range>
				<altitudeMode>absolute</altitudeMode>
			</LookAt>
			<styleUrl>#__managed_style_06A9DE26DA40DDBF3E6F</styleUrl>
			<Point>
				<coordinates>84.04021214835443,28.16723446641858,740.9455863659715</coordinates>
			</Point>
		</Placemark>
		<Placemark id="0DB17E83F240DDDD784E">
			<name>Untitled placemark</name>
			<LookAt>
				<longitude>84.05760672871406</longitude>
				<latitude>28.13695469820442</latitude>
				<altitude>672.6543588601695</altitude>
				<heading>17.13700325430064</heading>
				<tilt>35.93139472369185</tilt>
				<gx:fovy>35</gx:fovy>
				<range>119.5248170919877</range>
				<altitudeMode>absolute</altitudeMode>
			</LookAt>
			<styleUrl>#__managed_style_06A9DE26DA40DDBF3E6F</styleUrl>
			<Point>
				<coordinates>84.05770918243562,28.13699110766929,672.4062781681126</coordinates>
			</Point>
		</Placemark>
		<Placemark id="0C5B4F0B6A40DDDDBDDC">
			<name>Untitled placemark</name>
			<LookAt>
				<longitude>84.06695691320272</longitude>
				<latitude>28.15861633162177</latitude>
				<altitude>703.3925623275202</altitude>
				<heading>17.1477377156265</heading>
				<tilt>35.93131752008817</tilt>
				<gx:fovy>35</gx:fovy>
				<range>104.8943399265227</range>
				<altitudeMode>absolute</altitudeMode>
			</LookAt>
			<styleUrl>#__managed_style_06A9DE26DA40DDBF3E6F</styleUrl>
			<Point>
				<coordinates>84.06661735321333,28.15867768906374,704.4401465812681</coordinates>
			</Point>
		</Placemark>
		<Placemark id="0F6E07C2DC40DDDC41AF">
			<name>Untitled placemark</name>
			<LookAt>
				<longitude>83.9657105023273</longitude>
				<latitude>28.14471932618802</latitude>
				<altitude>725.2540579721568</altitude>
				<heading>17.10818201242416</heading>
				<tilt>35.93140943837241</tilt>
				<gx:fovy>35</gx:fovy>
				<range>122.3144265957308</range>
				<altitudeMode>absolute</altitudeMode>
			</LookAt>
			<styleUrl>#__managed_style_06A9DE26DA40DDBF3E6F</styleUrl>
			<Point>
				<coordinates>83.96557911375031,28.14473874710312,724.9710716060961</coordinates>
			</Point>
		</Placemark>
		<Placemark id="0E980FA70F40DDDBD21E">
			<name>Untitled placemark</name>
			<LookAt>
				<longitude>83.99454626040665</longitude>
				<latitude>28.14552457811598</latitude>
				<altitude>893.6281188184506</altitude>
				<heading>17.11874887199759</heading>
				<tilt>35.93126981816975</tilt>
				<gx:fovy>35</gx:fovy>
				<range>95.85706944975755</range>
				<altitudeMode>absolute</altitudeMode>
			</LookAt>
			<styleUrl>#__managed_style_06A9DE26DA40DDBF3E6F</styleUrl>
			<Point>
				<coordinates>83.9946039627312,28.14542164490929,892.8460748175853</coordinates>
			</Point>
		</Placemark>
		<Placemark id="08094DAA0240DDDE82E7">
			<name>Untitled placemark</name>
			<LookAt>
				<longitude>84.06692543683729</longitude>
				<latitude>28.1906727880165</latitude>
				<altitude>942.552230434341</altitude>
				<heading>17.15215532920193</heading>
				<tilt>35.93119973744216</tilt>
				<gx:fovy>35</gx:fovy>
				<range>82.57412632226989</range>
				<altitudeMode>absolute</altitudeMode>
			</LookAt>
			<styleUrl>#__managed_style_06A9DE26DA40DDBF3E6F</styleUrl>
			<Point>
				<coordinates>84.06679845982757,28.19071314020828,941.2071431623311</coordinates>
			</Point>
		</Placemark>
		<Placemark id="0A86E1A20A40DDDEE518">
			<name>Untitled placemark</name>
			<LookAt>
				<longitude>84.02999681551304</longitude>
				<latitude>28.19864330058795</latitude>
				<altitude>791.4827181030054</altitude>
				<heading>17.14253893061257</heading>
				<tilt>35.93157572391524</tilt>
				<gx:fovy>35</gx:fovy>
				<range>153.8273396580553</range>
				<altitudeMode>absolute</altitudeMode>
			</LookAt>
			<styleUrl>#__managed_style_06A9DE26DA40DDBF3E6F</styleUrl>
			<Point>
				<coordinates>84.02981490814776,28.19862952413786,793.0917771676085</coordinates>
			</Point>
		</Placemark>
		<Placemark id="03BC00720B40DDDF26BE">
			<name>Untitled placemark</name>
			<LookAt>
				<longitude>84.04507605619625</longitude>
				<latitude>28.22322298245378</latitude>
				<altitude>1021.379819857578</altitude>
				<heading>17.15078374830738</heading>
				<tilt>35.93139007018924</tilt>
				<gx:fovy>35</gx:fovy>
				<range>118.6474058906242</range>
				<altitudeMode>absolute</altitudeMode>
			</LookAt>
			<styleUrl>#__managed_style_06A9DE26DA40DDBF3E6F</styleUrl>
			<Point>
				<coordinates>84.04516824563946,28.22317928360023,1019.89697864716</coordinates>
			</Point>
		</Placemark>
		<Placemark id="0D1220C9E240DDE25FE3">
			<name>Untitled placemark</name>
			<LookAt>
				<longitude>84.08404404277921</longitude>
				<latitude>28.13111225833362</latitude>
				<altitude>648.1316080274019</altitude>
				<heading>21.36478699679467</heading>
				<tilt>35.93139153487992</tilt>
				<gx:fovy>35</gx:fovy>
				<range>118.9180623071479</range>
				<altitudeMode>absolute</altitudeMode>
			</LookAt>
			<styleUrl>#__managed_style_06A9DE26DA40DDBF3E6F</styleUrl>
			<Point>
				<coordinates>84.08385054471111,28.13119915332854,649.1225638661508</coordinates>
			</Point>
		</Placemark>
		<Placemark id="01DF382E9740DDE31E97">
			<name>Untitled placemark</name>
			<LookAt>
				<longitude>84.09128767479045</longitude>
				<latitude>28.16417252208761</latitude>
				<altitude>690.6487126845744</altitude>
				<heading>16.40712177587125</heading>
				<tilt>43.3212699361633</tilt>
				<gx:fovy>35</gx:fovy>
				<range>122.8474650258067</range>
				<altitudeMode>absolute</altitudeMode>
			</LookAt>
			<styleUrl>#__managed_style_06A9DE26DA40DDBF3E6F</styleUrl>
			<Point>
				<coordinates>84.09126579703779,28.16424804038756,691.5252568309587</coordinates>
			</Point>
		</Placemark>
		<Placemark id="0670AF547740DDE1A528">
			<name>Untitled placemark</name>
			<LookAt>
				<longitude>84.11060304487582</longitude>
				<latitude>28.11090817213383</latitude>
				<altitude>629.6054350329118</altitude>
				<heading>21.36885568055337</heading>
				<tilt>35.93233963407317</tilt>
				<gx:fovy>35</gx:fovy>
				<range>298.5924002096363</range>
				<altitudeMode>absolute</altitudeMode>
			</LookAt>
			<styleUrl>#__managed_style_06A9DE26DA40DDBF3E6F</styleUrl>
			<Point>
				<coordinates>84.11041039318391,28.11098723717737,630.1158664535717</coordinates>
			</Point>
		</Placemark>
		<Placemark id="0FA2AB455F40DDE200EC">
			<name>Untitled placemark</name>
			<LookAt>
				<longitude>84.11724364848006</longitude>
				<latitude>28.1209650883073</latitude>
				<altitude>834.2530715546919</altitude>
				<heading>21.37164767866278</heading>
				<tilt>35.93104395123466</tilt>
				<gx:fovy>35</gx:fovy>
				<range>53.04868661064576</range>
				<altitudeMode>absolute</altitudeMode>
			</LookAt>
			<styleUrl>#__managed_style_06A9DE26DA40DDBF3E6F</styleUrl>
			<Point>
				<coordinates>84.11729147695726,28.12086811676388,832.7834675134878</coordinates>
			</Point>
		</Placemark>
	</Folder>
</Document>
</kml>
