<?xml version="1.0" encoding="UTF-8"?>
<kml xmlns="http://www.opengis.net/kml/2.2" xmlns:gx="http://www.google.com/kml/ext/2.2" xmlns:kml="http://www.opengis.net/kml/2.2" xmlns:atom="http://www.w3.org/2005/Atom">
<Document id="document">
	<name>TrainingData2013</name>
	<gx:CascadingStyle kml:id="__managed_style_066A1C928C40D806A1A3_highlight">
		<styleUrl>https://earth.google.com/balloon_components/base/1.1.0.0/card_template.kml#main</styleUrl>
		<Style>
			<IconStyle>
				<scale>0.9</scale>
				<Icon>
					<href>https://earth.google.com/earth/document/icon?color=ffee58&amp;id=2367&amp;scale=4</href>
				</Icon>
				<hotSpot x="64" y="128" xunits="pixels" yunits="insetPixels"/>
			</IconStyle>
			<LabelStyle>
			</LabelStyle>
			<LineStyle>
				<color>ff2dc0fb</color>
				<width>4.8</width>
			</LineStyle>
			<PolyStyle>
				<color>40ffffff</color>
			</PolyStyle>
			<BalloonStyle>
			</BalloonStyle>
		</Style>
	</gx:CascadingStyle>
	<gx:CascadingStyle kml:id="__managed_style_066A1C928C40D806A1A3_normal">
		<styleUrl>https://earth.google.com/balloon_components/base/1.1.0.0/card_template.kml#main</styleUrl>
		<Style>
			<IconStyle>
				<scale>0.75</scale>
				<Icon>
					<href>https://earth.google.com/earth/document/icon?color=ffee58&amp;id=2367&amp;scale=4</href>
				</Icon>
				<hotSpot x="64" y="128" xunits="pixels" yunits="insetPixels"/>
			</IconStyle>
			<LabelStyle>
			</LabelStyle>
			<LineStyle>
				<color>ff2dc0fb</color>
				<width>3.2</width>
			</LineStyle>
			<PolyStyle>
				<color>40ffffff</color>
			</PolyStyle>
			<BalloonStyle>
			</BalloonStyle>
		</Style>
	</gx:CascadingStyle>
	<gx:CascadingStyle kml:id="__managed_style_014FF59ABF40D7AB42D7_highlight">
		<styleUrl>https://earth.google.com/balloon_components/base/1.1.0.0/card_template.kml#main</styleUrl>
		<Style>
			<IconStyle>
				<scale>0.9</scale>
				<Icon>
					<href>https://earth.google.com/earth/document/icon?color=42a5f5&amp;id=2000&amp;scale=4</href>
				</Icon>
				<hotSpot x="64" y="128" xunits="pixels" yunits="insetPixels"/>
			</IconStyle>
			<LabelStyle>
			</LabelStyle>
			<LineStyle>
				<color>ff2dc0fb</color>
				<width>4.8</width>
			</LineStyle>
			<PolyStyle>
				<color>40ffffff</color>
			</PolyStyle>
			<BalloonStyle>
			</BalloonStyle>
		</Style>
	</gx:CascadingStyle>
	<gx:CascadingStyle kml:id="__managed_style_0E7730D43A40D7AF189C_highlight">
		<styleUrl>https://earth.google.com/balloon_components/base/1.1.0.0/card_template.kml#main</styleUrl>
		<Style>
			<IconStyle>
				<scale>0.9</scale>
				<Icon>
					<href>https://earth.google.com/earth/document/icon?color=d32f2f&amp;id=2000&amp;scale=4</href>
				</Icon>
				<hotSpot x="64" y="128" xunits="pixels" yunits="insetPixels"/>
			</IconStyle>
			<LabelStyle>
			</LabelStyle>
			<LineStyle>
				<color>ff2dc0fb</color>
				<width>4.8</width>
			</LineStyle>
			<PolyStyle>
				<color>40ffffff</color>
			</PolyStyle>
			<BalloonStyle>
			</BalloonStyle>
		</Style>
	</gx:CascadingStyle>
	<gx:CascadingStyle kml:id="__managed_style_0E7730D43A40D7AF189C_normal">
		<styleUrl>https://earth.google.com/balloon_components/base/1.1.0.0/card_template.kml#main</styleUrl>
		<Style>
			<IconStyle>
				<scale>0.75</scale>
				<Icon>
					<href>https://earth.google.com/earth/document/icon?color=d32f2f&amp;id=2000&amp;scale=4</href>
				</Icon>
				<hotSpot x="64" y="128" xunits="pixels" yunits="insetPixels"/>
			</IconStyle>
			<LabelStyle>
			</LabelStyle>
			<LineStyle>
				<color>ff2dc0fb</color>
				<width>3.2</width>
			</LineStyle>
			<PolyStyle>
				<color>40ffffff</color>
			</PolyStyle>
			<BalloonStyle>
			</BalloonStyle>
		</Style>
	</gx:CascadingStyle>
	<gx:CascadingStyle kml:id="__managed_style_014FF59ABF40D7AB42D7_normal">
		<styleUrl>https://earth.google.com/balloon_components/base/1.1.0.0/card_template.kml#main</styleUrl>
		<Style>
			<IconStyle>
				<scale>0.75</scale>
				<Icon>
					<href>https://earth.google.com/earth/document/icon?color=42a5f5&amp;id=2000&amp;scale=4</href>
				</Icon>
				<hotSpot x="64" y="128" xunits="pixels" yunits="insetPixels"/>
			</IconStyle>
			<LabelStyle>
			</LabelStyle>
			<LineStyle>
				<color>ff2dc0fb</color>
				<width>3.2</width>
			</LineStyle>
			<PolyStyle>
				<color>40ffffff</color>
			</PolyStyle>
			<BalloonStyle>
			</BalloonStyle>
		</Style>
	</gx:CascadingStyle>
	<StyleMap id="__managed_style_0E7730D43A40D7AF189C">
		<Pair>
			<key>normal</key>
			<styleUrl>#__managed_style_0E7730D43A40D7AF189C_normal</styleUrl>
		</Pair>
		<Pair>
			<key>highlight</key>
			<styleUrl>#__managed_style_0E7730D43A40D7AF189C_highlight</styleUrl>
		</Pair>
	</StyleMap>
	<gx:CascadingStyle kml:id="__managed_style_0742E59FFE40D795B57C_highlight">
		<styleUrl>https://earth.google.com/balloon_components/base/1.1.0.0/card_template.kml#main</styleUrl>
		<Style>
			<IconStyle>
				<scale>1.2</scale>
				<Icon>
					<href>https://earth.google.com/earth/document/icon?color=d32f2f&amp;id=2000&amp;scale=4</href>
				</Icon>
				<hotSpot x="64" y="128" xunits="pixels" yunits="insetPixels"/>
			</IconStyle>
			<LabelStyle>
			</LabelStyle>
			<LineStyle>
				<color>ff2dc0fb</color>
				<width>4.8</width>
			</LineStyle>
			<PolyStyle>
				<color>40ffffff</color>
			</PolyStyle>
			<BalloonStyle>
			</BalloonStyle>
		</Style>
	</gx:CascadingStyle>
	<StyleMap id="__managed_style_066A1C928C40D806A1A3">
		<Pair>
			<key>normal</key>
			<styleUrl>#__managed_style_066A1C928C40D806A1A3_normal</styleUrl>
		</Pair>
		<Pair>
			<key>highlight</key>
			<styleUrl>#__managed_style_066A1C928C40D806A1A3_highlight</styleUrl>
		</Pair>
	</StyleMap>
	<StyleMap id="__managed_style_08A0754CC940D6E9626B">
		<Pair>
			<key>normal</key>
			<styleUrl>#__managed_style_08A0754CC940D6E9626B_normal</styleUrl>
		</Pair>
		<Pair>
			<key>highlight</key>
			<styleUrl>#__managed_style_08A0754CC940D6E9626B_highlight</styleUrl>
		</Pair>
	</StyleMap>
	<gx:CascadingStyle kml:id="__managed_style_0742E59FFE40D795B57C_normal">
		<styleUrl>https://earth.google.com/balloon_components/base/1.1.0.0/card_template.kml#main</styleUrl>
		<Style>
			<IconStyle>
				<Icon>
					<href>https://earth.google.com/earth/document/icon?color=d32f2f&amp;id=2000&amp;scale=4</href>
				</Icon>
				<hotSpot x="64" y="128" xunits="pixels" yunits="insetPixels"/>
			</IconStyle>
			<LabelStyle>
			</LabelStyle>
			<LineStyle>
				<color>ff2dc0fb</color>
				<width>3.2</width>
			</LineStyle>
			<PolyStyle>
				<color>40ffffff</color>
			</PolyStyle>
			<BalloonStyle>
			</BalloonStyle>
		</Style>
	</gx:CascadingStyle>
	<StyleMap id="__managed_style_014FF59ABF40D7AB42D7">
		<Pair>
			<key>normal</key>
			<styleUrl>#__managed_style_014FF59ABF40D7AB42D7_normal</styleUrl>
		</Pair>
		<Pair>
			<key>highlight</key>
			<styleUrl>#__managed_style_014FF59ABF40D7AB42D7_highlight</styleUrl>
		</Pair>
	</StyleMap>
	<gx:CascadingStyle kml:id="__managed_style_00BAF8CB7640D6DD2897_highlight">
		<styleUrl>https://earth.google.com/balloon_components/base/1.1.0.0/card_template.kml#main</styleUrl>
		<Style>
			<IconStyle>
				<scale>1.2</scale>
				<Icon>
					<href>https://earth.google.com/earth/document/icon?color=388e3c&amp;id=2370&amp;scale=4</href>
				</Icon>
				<hotSpot x="64" y="128" xunits="pixels" yunits="insetPixels"/>
			</IconStyle>
			<LabelStyle>
			</LabelStyle>
			<LineStyle>
				<color>ff2dc0fb</color>
				<width>4.8</width>
			</LineStyle>
			<PolyStyle>
				<color>40ffffff</color>
			</PolyStyle>
			<BalloonStyle>
			</BalloonStyle>
		</Style>
	</gx:CascadingStyle>
	<StyleMap id="__managed_style_0742E59FFE40D795B57C">
		<Pair>
			<key>normal</key>
			<styleUrl>#__managed_style_0742E59FFE40D795B57C_normal</styleUrl>
		</Pair>
		<Pair>
			<key>highlight</key>
			<styleUrl>#__managed_style_0742E59FFE40D795B57C_highlight</styleUrl>
		</Pair>
	</StyleMap>
	<gx:CascadingStyle kml:id="__managed_style_08A0754CC940D6E9626B_highlight">
		<styleUrl>https://earth.google.com/balloon_components/base/1.1.0.0/card_template.kml#main</styleUrl>
		<Style>
			<IconStyle>
				<scale>0.9</scale>
				<Icon>
					<href>https://earth.google.com/earth/document/icon?color=388e3c&amp;id=2370&amp;scale=4</href>
				</Icon>
				<hotSpot x="64" y="128" xunits="pixels" yunits="insetPixels"/>
			</IconStyle>
			<LabelStyle>
			</LabelStyle>
			<LineStyle>
				<color>ff2dc0fb</color>
				<width>4.8</width>
			</LineStyle>
			<PolyStyle>
				<color>40ffffff</color>
			</PolyStyle>
			<BalloonStyle>
			</BalloonStyle>
		</Style>
	</gx:CascadingStyle>
	<gx:CascadingStyle kml:id="__managed_style_00BAF8CB7640D6DD2897_normal">
		<styleUrl>https://earth.google.com/balloon_components/base/1.1.0.0/card_template.kml#main</styleUrl>
		<Style>
			<IconStyle>
				<Icon>
					<href>https://earth.google.com/earth/document/icon?color=388e3c&amp;id=2370&amp;scale=4</href>
				</Icon>
				<hotSpot x="64" y="128" xunits="pixels" yunits="insetPixels"/>
			</IconStyle>
			<LabelStyle>
			</LabelStyle>
			<LineStyle>
				<color>ff2dc0fb</color>
				<width>3.2</width>
			</LineStyle>
			<PolyStyle>
				<color>40ffffff</color>
			</PolyStyle>
			<BalloonStyle>
			</BalloonStyle>
		</Style>
	</gx:CascadingStyle>
	<gx:CascadingStyle kml:id="__managed_style_08A0754CC940D6E9626B_normal">
		<styleUrl>https://earth.google.com/balloon_components/base/1.1.0.0/card_template.kml#main</styleUrl>
		<Style>
			<IconStyle>
				<scale>0.75</scale>
				<Icon>
					<href>https://earth.google.com/earth/document/icon?color=388e3c&amp;id=2370&amp;scale=4</href>
				</Icon>
				<hotSpot x="64" y="128" xunits="pixels" yunits="insetPixels"/>
			</IconStyle>
			<LabelStyle>
			</LabelStyle>
			<LineStyle>
				<color>ff2dc0fb</color>
				<width>3.2</width>
			</LineStyle>
			<PolyStyle>
				<color>40ffffff</color>
			</PolyStyle>
			<BalloonStyle>
			</BalloonStyle>
		</Style>
	</gx:CascadingStyle>
	<StyleMap id="__managed_style_0BC0B55BB440D2A9E73C">
		<Pair>
			<key>normal</key>
			<styleUrl>#__managed_style_0BC0B55BB440D2A9E73C_normal</styleUrl>
		</Pair>
		<Pair>
			<key>highlight</key>
			<styleUrl>#__managed_style_0BC0B55BB440D2A9E73C_highlight</styleUrl>
		</Pair>
	</StyleMap>
	<StyleMap id="__managed_style_00BAF8CB7640D6DD2897">
		<Pair>
			<key>normal</key>
			<styleUrl>#__managed_style_00BAF8CB7640D6DD2897_normal</styleUrl>
		</Pair>
		<Pair>
			<key>highlight</key>
			<styleUrl>#__managed_style_00BAF8CB7640D6DD2897_highlight</styleUrl>
		</Pair>
	</StyleMap>
	<gx:CascadingStyle kml:id="__managed_style_0BC0B55BB440D2A9E73C_highlight">
		<styleUrl>https://earth.google.com/balloon_components/base/1.1.0.0/card_template.kml#main</styleUrl>
		<Style>
			<IconStyle>
				<scale>1.2</scale>
				<Icon>
					<href>https://earth.google.com/earth/document/icon?color=1976d2&amp;id=2000&amp;scale=4</href>
				</Icon>
				<hotSpot x="64" y="128" xunits="pixels" yunits="insetPixels"/>
			</IconStyle>
			<LabelStyle>
			</LabelStyle>
			<LineStyle>
				<color>ff2dc0fb</color>
				<width>4.8</width>
			</LineStyle>
			<PolyStyle>
				<color>40ffffff</color>
			</PolyStyle>
			<BalloonStyle>
			</BalloonStyle>
		</Style>
	</gx:CascadingStyle>
	<gx:CascadingStyle kml:id="__managed_style_0BC0B55BB440D2A9E73C_normal">
		<styleUrl>https://earth.google.com/balloon_components/base/1.1.0.0/card_template.kml#main</styleUrl>
		<Style>
			<IconStyle>
				<Icon>
					<href>https://earth.google.com/earth/document/icon?color=1976d2&amp;id=2000&amp;scale=4</href>
				</Icon>
				<hotSpot x="64" y="128" xunits="pixels" yunits="insetPixels"/>
			</IconStyle>
			<LabelStyle>
			</LabelStyle>
			<LineStyle>
				<color>ff2dc0fb</color>
				<width>3.2</width>
			</LineStyle>
			<PolyStyle>
				<color>40ffffff</color>
			</PolyStyle>
			<BalloonStyle>
			</BalloonStyle>
		</Style>
	</gx:CascadingStyle>
	<Folder id="0DB207C67B40D2A9E70F">
		<name>Forest</name>
		<styleUrl>#__managed_style_0BC0B55BB440D2A9E73C</styleUrl>
		<Placemark id="0D31A210F840D2AA9389">
			<name>Untitled placemark</name>
			<LookAt>
				<longitude>83.96701287179508</longitude>
				<latitude>28.20470552686327</latitude>
				<altitude>813.2974560234525</altitude>
				<heading>7.749091463642136</heading>
				<tilt>0</tilt>
				<gx:fovy>35</gx:fovy>
				<range>5604.346862766543</range>
				<altitudeMode>absolute</altitudeMode>
			</LookAt>
			<styleUrl>#__managed_style_00BAF8CB7640D6DD2897</styleUrl>
			<Point>
				<coordinates>83.96084140839696,28.1982812577261,909.8231544609226</coordinates>
			</Point>
		</Placemark>
		<Placemark id="0DF553F8E540D6E23030">
			<name>Untitled placemark</name>
			<LookAt>
				<longitude>83.8244718711306</longitude>
				<latitude>28.21703271490505</latitude>
				<altitude>1904.469345638799</altitude>
				<heading>0.000391593686133426</heading>
				<tilt>0</tilt>
				<gx:fovy>35</gx:fovy>
				<range>156.744286892681</range>
				<altitudeMode>absolute</altitudeMode>
			</LookAt>
			<styleUrl>#__managed_style_00BAF8CB7640D6DD2897</styleUrl>
			<Point>
				<coordinates>83.82458813292234,28.21682003868919,1907.088294128412</coordinates>
			</Point>
		</Placemark>
		<Placemark id="0F086A2BC740D6DCF8D4">
			<name>Untitled placemark</name>
			<LookAt>
				<longitude>83.94983980085374</longitude>
				<latitude>28.206811559835</latitude>
				<altitude>818.7167429182159</altitude>
				<heading>0.0003931643863589121</heading>
				<tilt>0</tilt>
				<gx:fovy>35</gx:fovy>
				<range>132.9977354126277</range>
				<altitudeMode>absolute</altitudeMode>
			</LookAt>
			<styleUrl>#__managed_style_00BAF8CB7640D6DD2897</styleUrl>
			<Point>
				<coordinates>83.9502066348838,28.20680140111993,819.0960031598115</coordinates>
			</Point>
		</Placemark>
		<Placemark id="0DDFDE752540D6DFAC80">
			<name>Untitled placemark</name>
			<LookAt>
				<longitude>83.84955819947648</longitude>
				<latitude>28.24331247340498</latitude>
				<altitude>1025.852687771358</altitude>
				<heading>0.000392220490874045</heading>
				<tilt>0</tilt>
				<gx:fovy>35</gx:fovy>
				<range>122.2830904813964</range>
				<altitudeMode>absolute</altitudeMode>
			</LookAt>
			<styleUrl>#__managed_style_00BAF8CB7640D6DD2897</styleUrl>
			<Point>
				<coordinates>83.84914946011237,28.24321072313333,1023.982782752386</coordinates>
			</Point>
		</Placemark>
		<Placemark id="0EB685BF4740D6E5BB54">
			<name>Untitled placemark</name>
			<LookAt>
				<longitude>83.87927747208269</longitude>
				<latitude>28.25082512646053</latitude>
				<altitude>856.6324031570742</altitude>
				<heading>0.0003908698464264423</heading>
				<tilt>0</tilt>
				<gx:fovy>35</gx:fovy>
				<range>104.6751957245761</range>
				<altitudeMode>absolute</altitudeMode>
			</LookAt>
			<styleUrl>#__managed_style_00BAF8CB7640D6DD2897</styleUrl>
			<Point>
				<coordinates>83.87912324959478,28.25078003198796,845.5089946954511</coordinates>
			</Point>
		</Placemark>
		<Placemark id="051D45617140D6E67CF6">
			<name>Untitled placemark</name>
			<LookAt>
				<longitude>83.85042348078115</longitude>
				<latitude>28.26614389814907</latitude>
				<altitude>987.6950430342991</altitude>
				<heading>0.0003903949433086442</heading>
				<tilt>0</tilt>
				<gx:fovy>35</gx:fovy>
				<range>80.80350838557935</range>
				<altitudeMode>absolute</altitudeMode>
			</LookAt>
			<styleUrl>#__managed_style_00BAF8CB7640D6DD2897</styleUrl>
			<Point>
				<coordinates>83.85040576065164,28.26609036411924,988.5649132557387</coordinates>
			</Point>
		</Placemark>
		<Placemark id="082CFCD0E240D6E7360F">
			<name>Untitled placemark</name>
			<LookAt>
				<longitude>83.8817837791288</longitude>
				<latitude>28.28212300001132</latitude>
				<altitude>1486.362528095168</altitude>
				<heading>0.000389969933284858</heading>
				<tilt>0</tilt>
				<gx:fovy>35</gx:fovy>
				<range>154.4927337692752</range>
				<altitudeMode>absolute</altitudeMode>
			</LookAt>
			<styleUrl>#__managed_style_00BAF8CB7640D6DD2897</styleUrl>
			<Point>
				<coordinates>83.88164686086981,28.28184189419998,1500.694187544541</coordinates>
			</Point>
		</Placemark>
		<Placemark id="08ECAC35A740D6E83CBB">
			<name>Untitled placemark</name>
			<LookAt>
				<longitude>83.88261584214193</longitude>
				<latitude>28.29323378903081</latitude>
				<altitude>1303.245864772665</altitude>
				<heading>0.0003895809469411412</heading>
				<tilt>0</tilt>
				<gx:fovy>35</gx:fovy>
				<range>126.2878435755738</range>
				<altitudeMode>absolute</altitudeMode>
			</LookAt>
			<styleUrl>#__managed_style_00BAF8CB7640D6DD2897</styleUrl>
			<Point>
				<coordinates>83.8823371888372,28.29303840110654,1297.89512121289</coordinates>
			</Point>
		</Placemark>
		<Placemark id="0050C5510840D6E8B50B">
			<name>Untitled placemark</name>
			<LookAt>
				<longitude>83.89026724528037</longitude>
				<latitude>28.29577419372506</latitude>
				<altitude>1354.387905203842</altitude>
				<heading>0.0003894293615669367</heading>
				<tilt>0</tilt>
				<gx:fovy>35</gx:fovy>
				<range>172.5112312875536</range>
				<altitudeMode>absolute</altitudeMode>
			</LookAt>
			<styleUrl>#__managed_style_00BAF8CB7640D6DD2897</styleUrl>
			<Point>
				<coordinates>83.89060707311796,28.29579780014634,1364.085741722747</coordinates>
			</Point>
		</Placemark>
		<Placemark id="0521ECEC8C40D6E947C6">
			<name>Untitled placemark</name>
			<LookAt>
				<longitude>83.89387374007191</longitude>
				<latitude>28.29389425787272</latitude>
				<altitude>1413.420702444138</altitude>
				<heading>0.000389000485818915</heading>
				<tilt>0</tilt>
				<gx:fovy>35</gx:fovy>
				<range>119.8201112966308</range>
				<altitudeMode>absolute</altitudeMode>
			</LookAt>
			<styleUrl>#__managed_style_08A0754CC940D6E9626B</styleUrl>
			<Point>
				<coordinates>83.89426451369135,28.29383821892944,1418.212416736769</coordinates>
			</Point>
		</Placemark>
		<Placemark id="09BF2FB46440D6EA0028">
			<name>Untitled placemark</name>
			<LookAt>
				<longitude>83.90867962323962</longitude>
				<latitude>28.2901304357112</latitude>
				<altitude>1323.7248389924</altitude>
				<heading>0.0003883637919248448</heading>
				<tilt>0</tilt>
				<gx:fovy>35</gx:fovy>
				<range>272.6105894585271</range>
				<altitudeMode>absolute</altitudeMode>
			</LookAt>
			<styleUrl>#__managed_style_08A0754CC940D6E9626B</styleUrl>
			<Point>
				<coordinates>83.90947948934875,28.29002896474518,1317.076373811563</coordinates>
			</Point>
		</Placemark>
		<Placemark id="02F4978BF940D6EA5EEC">
			<name>Untitled placemark</name>
			<LookAt>
				<longitude>83.91777605595459</longitude>
				<latitude>28.29351255982619</latitude>
				<altitude>1378.957431344879</altitude>
				<heading>0.0003880455228428873</heading>
				<tilt>0</tilt>
				<gx:fovy>35</gx:fovy>
				<range>143.1851826688217</range>
				<altitudeMode>absolute</altitudeMode>
			</LookAt>
			<styleUrl>#__managed_style_08A0754CC940D6E9626B</styleUrl>
			<Point>
				<coordinates>83.91762317109564,28.29337547354033,1384.43364489789</coordinates>
			</Point>
		</Placemark>
		<Placemark id="0B4133BF1240D6EB3BA7">
			<name>Untitled placemark</name>
			<LookAt>
				<longitude>83.92828814101605</longitude>
				<latitude>28.29762722158735</latitude>
				<altitude>1043.715632758597</altitude>
				<heading>0.0003875718608995421</heading>
				<tilt>0</tilt>
				<gx:fovy>35</gx:fovy>
				<range>74.54728328959391</range>
				<altitudeMode>absolute</altitudeMode>
			</LookAt>
			<styleUrl>#__managed_style_08A0754CC940D6E9626B</styleUrl>
			<Point>
				<coordinates>83.92849349378483,28.29756458317261,1041.835969217701</coordinates>
			</Point>
		</Placemark>
		<Placemark id="047EC27E8D40D6ED6ABB">
			<name>Untitled placemark</name>
			<LookAt>
				<longitude>83.94379857140633</longitude>
				<latitude>28.2969862283368</latitude>
				<altitude>1190.636039951899</altitude>
				<heading>0.004374735944430964</heading>
				<tilt>26.46343038872823</tilt>
				<gx:fovy>35</gx:fovy>
				<range>83.46736782399603</range>
				<altitudeMode>absolute</altitudeMode>
			</LookAt>
			<styleUrl>#__managed_style_00BAF8CB7640D6DD2897</styleUrl>
			<Point>
				<coordinates>83.94366234392773,28.29690637877498,1186.422784175765</coordinates>
			</Point>
		</Placemark>
		<Placemark id="0E52FA9BC540D6EDD930">
			<name>Untitled placemark</name>
			<LookAt>
				<longitude>83.94834379050982</longitude>
				<latitude>28.30075325123004</latitude>
				<altitude>1216.279151414489</altitude>
				<heading>0.004374742678128268</heading>
				<tilt>26.46359469112313</tilt>
				<gx:fovy>35</gx:fovy>
				<range>124.4736285744875</range>
				<altitudeMode>absolute</altitudeMode>
			</LookAt>
			<styleUrl>#__managed_style_00BAF8CB7640D6DD2897</styleUrl>
			<Point>
				<coordinates>83.94859026962342,28.30072946379238,1207.55269175435</coordinates>
			</Point>
		</Placemark>
		<Placemark id="0534119B3240D6EE54CC">
			<name>Untitled placemark</name>
			<LookAt>
				<longitude>83.97274983380531</longitude>
				<latitude>28.30070808720629</latitude>
				<altitude>1362.777212121433</altitude>
				<heading>0.004374743353074283</heading>
				<tilt>26.46375236662566</tilt>
				<gx:fovy>35</gx:fovy>
				<range>163.8294704185682</range>
				<altitudeMode>absolute</altitudeMode>
			</LookAt>
			<styleUrl>#__managed_style_00BAF8CB7640D6DD2897</styleUrl>
			<Point>
				<coordinates>83.97314709084283,28.30064299881785,1339.637654452286</coordinates>
			</Point>
		</Placemark>
		<Placemark id="080F28B0F440D6EE9E37">
			<name>Untitled placemark</name>
			<LookAt>
				<longitude>83.97785683466581</longitude>
				<latitude>28.29863127764074</latitude>
				<altitude>1438.748386102124</altitude>
				<heading>0.004374736489846119</heading>
				<tilt>26.46344407594445</tilt>
				<gx:fovy>35</gx:fovy>
				<range>86.88679382394184</range>
				<altitudeMode>absolute</altitudeMode>
			</LookAt>
			<styleUrl>#__managed_style_00BAF8CB7640D6DD2897</styleUrl>
			<Point>
				<coordinates>83.9778291067269,28.29860316405003,1434.621712831547</coordinates>
			</Point>
		</Placemark>
		<Placemark id="0D5EFEAE3840D6EEE2A9">
			<name>Untitled placemark</name>
			<LookAt>
				<longitude>83.97373077401596</longitude>
				<latitude>28.29886663018871</latitude>
				<altitude>1243.47775203613</altitude>
				<heading>0.004374740472726883</heading>
				<tilt>26.4635404923425</tilt>
				<gx:fovy>35</gx:fovy>
				<range>110.9474597193184</range>
				<altitudeMode>absolute</altitudeMode>
			</LookAt>
			<styleUrl>#__managed_style_00BAF8CB7640D6DD2897</styleUrl>
			<Point>
				<coordinates>83.97372916397666,28.29880083387648,1242.710264262255</coordinates>
			</Point>
		</Placemark>
		<Placemark id="0FB22A35D840D6F5C52C">
			<name>Untitled placemark</name>
			<LookAt>
				<longitude>83.99748774954757</longitude>
				<latitude>28.3358095370768</latitude>
				<altitude>1506.041870226746</altitude>
				<heading>-10.95157108259164</heading>
				<tilt>17.09920843644824</tilt>
				<gx:fovy>30</gx:fovy>
				<range>134.4391850832108</range>
				<altitudeMode>absolute</altitudeMode>
			</LookAt>
			<styleUrl>#__managed_style_00BAF8CB7640D6DD2897</styleUrl>
			<Point>
				<coordinates>83.9975302920477,28.3356263044339,1517.329804819424</coordinates>
			</Point>
		</Placemark>
		<Placemark id="0D371EB3DE40D6F6362E">
			<name>Untitled placemark</name>
			<LookAt>
				<longitude>84.01175100663677</longitude>
				<latitude>28.3341523218464</latitude>
				<altitude>2112.478703930882</altitude>
				<heading>-10.94874138801564</heading>
				<tilt>17.09977026334674</tilt>
				<gx:fovy>30</gx:fovy>
				<range>346.9982833877293</range>
				<altitudeMode>absolute</altitudeMode>
			</LookAt>
			<styleUrl>#__managed_style_00BAF8CB7640D6DD2897</styleUrl>
			<Point>
				<coordinates>84.01214003941038,28.33397975310571,2138.050010462111</coordinates>
			</Point>
		</Placemark>
		<Placemark id="0F8D70D00240D6F753D7">
			<name>Untitled placemark</name>
			<LookAt>
				<longitude>84.00952588429644</longitude>
				<latitude>28.33343549677169</latitude>
				<altitude>2139.036689862606</altitude>
				<heading>327.7807032655808</heading>
				<tilt>0</tilt>
				<gx:fovy>30</gx:fovy>
				<range>121.8012166019071</range>
				<altitudeMode>absolute</altitudeMode>
			</LookAt>
			<styleUrl>#__managed_style_00BAF8CB7640D6DD2897</styleUrl>
			<Point>
				<coordinates>84.00975118651404,28.33344134264365,2141.689771505123</coordinates>
			</Point>
		</Placemark>
		<Placemark id="0FCE44F5E440D6F9E15C">
			<name>Untitled placemark</name>
			<LookAt>
				<longitude>83.96684269214119</longitude>
				<latitude>28.32787671176937</latitude>
				<altitude>1207.760337546991</altitude>
				<heading>327.7857154035779</heading>
				<tilt>0</tilt>
				<gx:fovy>30</gx:fovy>
				<range>359.1181745793438</range>
				<altitudeMode>absolute</altitudeMode>
			</LookAt>
			<styleUrl>#__managed_style_00BAF8CB7640D6DD2897</styleUrl>
			<Point>
				<coordinates>83.96746823442132,28.32787277118306,1229.238065274764</coordinates>
			</Point>
		</Placemark>
		<Placemark id="0A840F40F840D6FB7A61">
			<name>Untitled placemark</name>
			<LookAt>
				<longitude>83.97221798373734</longitude>
				<latitude>28.31511278087285</latitude>
				<altitude>1633.430630604838</altitude>
				<heading>264.5311813253502</heading>
				<tilt>0</tilt>
				<gx:fovy>30</gx:fovy>
				<range>136.5175435954007</range>
				<altitudeMode>absolute</altitudeMode>
			</LookAt>
			<styleUrl>#__managed_style_00BAF8CB7640D6DD2897</styleUrl>
			<Point>
				<coordinates>83.97223652288442,28.31506508577383,1635.80064993731</coordinates>
			</Point>
		</Placemark>
		<Placemark id="02BE503EC240D6FD2404">
			<name>Untitled placemark</name>
			<LookAt>
				<longitude>84.00992299781844</longitude>
				<latitude>28.31143759383499</latitude>
				<altitude>1750.940429862966</altitude>
				<heading>324.2021527174591</heading>
				<tilt>0</tilt>
				<gx:fovy>30</gx:fovy>
				<range>129.331224614707</range>
				<altitudeMode>absolute</altitudeMode>
			</LookAt>
			<styleUrl>#__managed_style_00BAF8CB7640D6DD2897</styleUrl>
			<Point>
				<coordinates>84.01007427544285,28.311461214358,1759.391433355933</coordinates>
			</Point>
		</Placemark>
		<Placemark id="03B10B4C8340D6FC020C">
			<name>Untitled placemark</name>
			<LookAt>
				<longitude>83.98060373981943</longitude>
				<latitude>28.32576750937524</latitude>
				<altitude>1257.659029057233</altitude>
				<heading>264.5359408605573</heading>
				<tilt>0</tilt>
				<gx:fovy>30</gx:fovy>
				<range>163.2074763621495</range>
				<altitudeMode>absolute</altitudeMode>
			</LookAt>
			<styleUrl>#__managed_style_00BAF8CB7640D6DD2897</styleUrl>
			<Point>
				<coordinates>83.98057368772535,28.32577411925851,1256.583295988189</coordinates>
			</Point>
		</Placemark>
		<Placemark id="005769455140D6FE9590">
			<name>Untitled placemark</name>
			<LookAt>
				<longitude>83.98711670093381</longitude>
				<latitude>28.31245806404968</latitude>
				<altitude>1923.864315463378</altitude>
				<heading>324.1947857068187</heading>
				<tilt>0</tilt>
				<gx:fovy>30</gx:fovy>
				<range>123.0551710824693</range>
				<altitudeMode>absolute</altitudeMode>
			</LookAt>
			<styleUrl>#__managed_style_00BAF8CB7640D6DD2897</styleUrl>
			<Point>
				<coordinates>83.9870660517619,28.31228309848695,1930.576802597408</coordinates>
			</Point>
		</Placemark>
		<Placemark id="0F78E111AF40D6FFF2DE">
			<name>Untitled placemark</name>
			<LookAt>
				<longitude>83.83746455935676</longitude>
				<latitude>28.21384759250997</latitude>
				<altitude>1943.071150804178</altitude>
				<heading>324.152239799877</heading>
				<tilt>0</tilt>
				<gx:fovy>30</gx:fovy>
				<range>73.06460646414962</range>
				<altitudeMode>absolute</altitudeMode>
			</LookAt>
			<styleUrl>#__managed_style_00BAF8CB7640D6DD2897</styleUrl>
			<Point>
				<coordinates>83.83745493988262,28.21373794406277,1947.493802271802</coordinates>
			</Point>
		</Placemark>
		<Placemark id="03040042CA40D701CD30">
			<name>Untitled placemark</name>
			<LookAt>
				<longitude>83.84833167255495</longitude>
				<latitude>28.20811685845893</latitude>
				<altitude>1781.414992992673</altitude>
				<heading>-9.522919817140174</heading>
				<tilt>59.13272352170463</tilt>
				<gx:fovy>30</gx:fovy>
				<range>181.3153582923588</range>
				<altitudeMode>absolute</altitudeMode>
			</LookAt>
			<styleUrl>#__managed_style_00BAF8CB7640D6DD2897</styleUrl>
			<Point>
				<coordinates>83.8482127954852,28.20788376196623,1788.919429464531</coordinates>
			</Point>
		</Placemark>
		<Placemark id="0F71B58D8140D7027EE3">
			<name>Untitled placemark</name>
			<LookAt>
				<longitude>83.8558883684266</longitude>
				<latitude>28.20015014318453</latitude>
				<altitude>1828.120825758335</altitude>
				<heading>-22.19168408046372</heading>
				<tilt>61.71889415116485</tilt>
				<gx:fovy>30</gx:fovy>
				<range>840.5908961789103</range>
				<altitudeMode>absolute</altitudeMode>
			</LookAt>
			<styleUrl>#__managed_style_00BAF8CB7640D6DD2897</styleUrl>
			<Point>
				<coordinates>83.85763451550696,28.19542063773594,2074.061572678369</coordinates>
			</Point>
		</Placemark>
		<Placemark id="0524AAB13340D7033A88">
			<name>Untitled placemark</name>
			<LookAt>
				<longitude>83.87391604299805</longitude>
				<latitude>28.2019616933317</latitude>
				<altitude>1724.533629373357</altitude>
				<heading>-22.18106781086097</heading>
				<tilt>52.03384387779055</tilt>
				<gx:fovy>30</gx:fovy>
				<range>272.4242183820752</range>
				<altitudeMode>absolute</altitudeMode>
			</LookAt>
			<styleUrl>#__managed_style_00BAF8CB7640D6DD2897</styleUrl>
			<Point>
				<coordinates>83.87426825647205,28.20093266458272,1779.416423122959</coordinates>
			</Point>
		</Placemark>
		<Placemark id="056387377940D703F8B6">
			<name>Untitled placemark</name>
			<LookAt>
				<longitude>83.88027149874044</longitude>
				<latitude>28.19516824338677</latitude>
				<altitude>1534.41938606998</altitude>
				<heading>-22.16857806606111</heading>
				<tilt>52.03331261539142</tilt>
				<gx:fovy>30</gx:fovy>
				<range>197.4649416750618</range>
				<altitudeMode>absolute</altitudeMode>
			</LookAt>
			<styleUrl>#__managed_style_00BAF8CB7640D6DD2897</styleUrl>
			<Point>
				<coordinates>83.88030960986676,28.19475122473639,1539.425588638382</coordinates>
			</Point>
		</Placemark>
		<Placemark id="08AD0EAD8C40D706C2CE">
			<name>Untitled placemark</name>
			<LookAt>
				<longitude>83.88994048934637</longitude>
				<latitude>28.22183708067556</latitude>
				<altitude>1079.562340475394</altitude>
				<heading>30.28773227369194</heading>
				<tilt>51.17578705863489</tilt>
				<gx:fovy>30</gx:fovy>
				<range>234.1096070116328</range>
				<altitudeMode>absolute</altitudeMode>
			</LookAt>
			<styleUrl>#__managed_style_00BAF8CB7640D6DD2897</styleUrl>
			<Point>
				<coordinates>83.88980571280217,28.22141981251743,1096.290471904861</coordinates>
			</Point>
		</Placemark>
		<Placemark id="070DD2B70740D70770A3">
			<name>Untitled placemark</name>
			<LookAt>
				<longitude>83.88486438780329</longitude>
				<latitude>28.21962978494707</latitude>
				<altitude>1199.732197363783</altitude>
				<heading>30.28686707508808</heading>
				<tilt>51.17510741201231</tilt>
				<gx:fovy>30</gx:fovy>
				<range>137.0893002052071</range>
				<altitudeMode>absolute</altitudeMode>
			</LookAt>
			<styleUrl>#__managed_style_00BAF8CB7640D6DD2897</styleUrl>
			<Point>
				<coordinates>83.88475021406258,28.21942805341663,1201.154797055239</coordinates>
			</Point>
		</Placemark>
		<Placemark id="083144BC2340D708612B">
			<name>Untitled placemark</name>
			<LookAt>
				<longitude>83.90366185223668</longitude>
				<latitude>28.1954837057117</latitude>
				<altitude>1025.03819721941</altitude>
				<heading>30.28715492698019</heading>
				<tilt>51.17529337316883</tilt>
				<gx:fovy>30</gx:fovy>
				<range>163.6321826928179</range>
				<altitudeMode>absolute</altitudeMode>
			</LookAt>
			<styleUrl>#__managed_style_00BAF8CB7640D6DD2897</styleUrl>
			<Point>
				<coordinates>83.90354484195626,28.1952415586181,1011.846845817945</coordinates>
			</Point>
		</Placemark>
		<Placemark id="0A5913B69740D70917DC">
			<name>Untitled placemark</name>
			<LookAt>
				<longitude>83.90061106511715</longitude>
				<latitude>28.19186948088379</latitude>
				<altitude>1040.817566397605</altitude>
				<heading>30.28734188613613</heading>
				<tilt>51.17599200510187</tilt>
				<gx:fovy>30</gx:fovy>
				<range>263.3651377843126</range>
				<altitudeMode>absolute</altitudeMode>
			</LookAt>
			<styleUrl>#__managed_style_00BAF8CB7640D6DD2897</styleUrl>
			<Point>
				<coordinates>83.90013768781931,28.19087352385293,1108.46275255433</coordinates>
			</Point>
		</Placemark>
		<Placemark id="0CF250EC3440D709E4C3">
			<name>Untitled placemark</name>
			<LookAt>
				<longitude>83.89369097900355</longitude>
				<latitude>28.19803502026578</latitude>
				<altitude>1173.636925272615</altitude>
				<heading>30.28707925423754</heading>
				<tilt>51.17532163838732</tilt>
				<gx:fovy>30</gx:fovy>
				<range>167.6710648020526</range>
				<altitudeMode>absolute</altitudeMode>
			</LookAt>
			<styleUrl>#__managed_style_00BAF8CB7640D6DD2897</styleUrl>
			<Point>
				<coordinates>83.89372227551762,28.19775721722984,1166.510288714957</coordinates>
			</Point>
		</Placemark>
		<Placemark id="04CC2594A740D70A5560">
			<name>Untitled placemark</name>
			<LookAt>
				<longitude>83.86463697487571</longitude>
				<latitude>28.21744440408716</latitude>
				<altitude>1435.191296706927</altitude>
				<heading>30.27928432582794</heading>
				<tilt>51.17584024911499</tilt>
				<gx:fovy>30</gx:fovy>
				<range>241.7163097007142</range>
				<altitudeMode>absolute</altitudeMode>
			</LookAt>
			<styleUrl>#__managed_style_00BAF8CB7640D6DD2897</styleUrl>
			<Point>
				<coordinates>83.86451766156438,28.21728913213951,1434.848822689451</coordinates>
			</Point>
		</Placemark>
		<Placemark id="0480AC6A1E40D70AC914">
			<name>Untitled placemark</name>
			<LookAt>
				<longitude>83.93044024557521</longitude>
				<latitude>28.15728579932695</latitude>
				<altitude>1232.28983081471</altitude>
				<heading>30.32932944627612</heading>
				<tilt>51.17519325309519</tilt>
				<gx:fovy>30</gx:fovy>
				<range>149.3445369882829</range>
				<altitudeMode>absolute</altitudeMode>
			</LookAt>
			<styleUrl>#__managed_style_00BAF8CB7640D6DD2897</styleUrl>
			<Point>
				<coordinates>83.93035243390611,28.15714274176943,1225.219943703709</coordinates>
			</Point>
		</Placemark>
		<Placemark id="034D7DC03E40D70B4C48">
			<name>Untitled placemark</name>
			<LookAt>
				<longitude>83.91874057375865</longitude>
				<latitude>28.17972142552514</latitude>
				<altitude>961.4300166323316</altitude>
				<heading>30.32886549633518</heading>
				<tilt>51.17562380047001</tilt>
				<gx:fovy>30</gx:fovy>
				<range>210.7998026251153</range>
				<altitudeMode>absolute</altitudeMode>
			</LookAt>
			<styleUrl>#__managed_style_00BAF8CB7640D6DD2897</styleUrl>
			<Point>
				<coordinates>83.91906711833538,28.17942096269405,937.9119000024102</coordinates>
			</Point>
		</Placemark>
		<Placemark id="03D254863140D70B9186">
			<name>Untitled placemark</name>
			<LookAt>
				<longitude>83.92745844655298</longitude>
				<latitude>28.16638416990534</latitude>
				<altitude>1378.823561237356</altitude>
				<heading>30.34080693371391</heading>
				<tilt>51.17568374035909</tilt>
				<gx:fovy>30</gx:fovy>
				<range>219.3707166251625</range>
				<altitudeMode>absolute</altitudeMode>
			</LookAt>
			<styleUrl>#__managed_style_00BAF8CB7640D6DD2897</styleUrl>
			<Point>
				<coordinates>83.92717332799432,28.16587553130629,1394.479639903197</coordinates>
			</Point>
		</Placemark>
		<Placemark id="01EAEE5D1F40D70C4249">
			<name>Untitled placemark</name>
			<LookAt>
				<longitude>83.92847556514043</longitude>
				<latitude>28.16454719850207</latitude>
				<altitude>1355.331071974645</altitude>
				<heading>30.34177818873848</heading>
				<tilt>54.25444466619155</tilt>
				<gx:fovy>30</gx:fovy>
				<range>196.7128981086353</range>
				<altitudeMode>absolute</altitudeMode>
			</LookAt>
			<styleUrl>#__managed_style_00BAF8CB7640D6DD2897</styleUrl>
			<Point>
				<coordinates>83.92836502527098,28.16417967929003,1367.309496156347</coordinates>
			</Point>
		</Placemark>
		<Placemark id="048185B6BE40D70D8FC1">
			<name>Untitled placemark</name>
			<LookAt>
				<longitude>83.92938130048692</longitude>
				<latitude>28.15273665194557</latitude>
				<altitude>1161.078252307161</altitude>
				<heading>30.33654174664512</heading>
				<tilt>54.25408143577299</tilt>
				<gx:fovy>30</gx:fovy>
				<range>146.9329193636986</range>
				<altitudeMode>absolute</altitudeMode>
			</LookAt>
			<styleUrl>#__managed_style_00BAF8CB7640D6DD2897</styleUrl>
			<Point>
				<coordinates>83.92944115146408,28.15237840801377,1156.82223413465</coordinates>
			</Point>
		</Placemark>
		<Placemark id="021319F65140D70DEE41">
			<name>Untitled placemark</name>
			<LookAt>
				<longitude>83.93906154322478</longitude>
				<latitude>28.15201770338987</latitude>
				<altitude>937.5828665098558</altitude>
				<heading>30.34076649275774</heading>
				<tilt>54.25369017396003</tilt>
				<gx:fovy>30</gx:fovy>
				<range>93.31446941679133</range>
				<altitudeMode>absolute</altitudeMode>
			</LookAt>
			<styleUrl>#__managed_style_00BAF8CB7640D6DD2897</styleUrl>
			<Point>
				<coordinates>83.93906804650906,28.15181000612532,934.2520552781358</coordinates>
			</Point>
		</Placemark>
		<Placemark id="09B62F4DAC40D70E9A03">
			<name>Untitled placemark</name>
			<LookAt>
				<longitude>83.94049831396347</longitude>
				<latitude>28.14636357273056</latitude>
				<altitude>842.3200017435732</altitude>
				<heading>30.34584596378422</heading>
				<tilt>54.25408027388257</tilt>
				<gx:fovy>30</gx:fovy>
				<range>146.766376723499</range>
				<altitudeMode>absolute</altitudeMode>
			</LookAt>
			<styleUrl>#__managed_style_00BAF8CB7640D6DD2897</styleUrl>
			<Point>
				<coordinates>83.94086645773423,28.14629004313032,832.0919631137039</coordinates>
			</Point>
		</Placemark>
		<Placemark id="0BBCB4D50940D70F27BC">
			<name>Untitled placemark</name>
			<LookAt>
				<longitude>83.9369586198861</longitude>
				<latitude>28.14056061812952</latitude>
				<altitude>994.8164187847615</altitude>
				<heading>30.34535384194458</heading>
				<tilt>54.25449673283734</tilt>
				<gx:fovy>30</gx:fovy>
				<range>203.8363710286649</range>
				<altitudeMode>absolute</altitudeMode>
			</LookAt>
			<styleUrl>#__managed_style_00BAF8CB7640D6DD2897</styleUrl>
			<Point>
				<coordinates>83.93680060720801,28.14031850697552,980.4511898067001</coordinates>
			</Point>
		</Placemark>
		<Placemark id="0A3291AC7640D70F7B08">
			<name>Untitled placemark</name>
			<LookAt>
				<longitude>83.93999042375077</longitude>
				<latitude>28.13857908974939</latitude>
				<altitude>830.7584997982158</altitude>
				<heading>30.34748135577574</heading>
				<tilt>54.25426427796733</tilt>
				<gx:fovy>30</gx:fovy>
				<range>171.9791431390513</range>
				<altitudeMode>absolute</altitudeMode>
			</LookAt>
			<styleUrl>#__managed_style_00BAF8CB7640D6DD2897</styleUrl>
			<Point>
				<coordinates>83.93982145695698,28.13826705491809,829.0818783964583</coordinates>
			</Point>
		</Placemark>
		<Placemark id="063F60E7C540D70FEF4C">
			<name>Untitled placemark</name>
			<LookAt>
				<longitude>83.95320537608303</longitude>
				<latitude>28.14145017986837</latitude>
				<altitude>700.8587266228027</altitude>
				<heading>30.36089209194197</heading>
				<tilt>54.25462519467992</tilt>
				<gx:fovy>30</gx:fovy>
				<range>221.4290033363068</range>
				<altitudeMode>absolute</altitudeMode>
			</LookAt>
			<styleUrl>#__managed_style_00BAF8CB7640D6DD2897</styleUrl>
			<Point>
				<coordinates>83.95270876177722,28.14065642401899,739.4803400954022</coordinates>
			</Point>
		</Placemark>
		<Placemark id="01B6490B3F40D7105334">
			<name>Untitled placemark</name>
			<LookAt>
				<longitude>83.95596046387899</longitude>
				<latitude>28.14221211086343</latitude>
				<altitude>809.8622479895326</altitude>
				<heading>30.36357696185898</heading>
				<tilt>54.25445642866948</tilt>
				<gx:fovy>30</gx:fovy>
				<range>198.3078182533791</range>
				<altitudeMode>absolute</altitudeMode>
			</LookAt>
			<styleUrl>#__managed_style_00BAF8CB7640D6DD2897</styleUrl>
			<Point>
				<coordinates>83.95603260790085,28.14194108397675,814.0405380370091</coordinates>
			</Point>
		</Placemark>
		<Placemark id="06434BEB1340D710DD89">
			<name>Untitled placemark</name>
			<LookAt>
				<longitude>83.9610337812156</longitude>
				<latitude>28.1558839791531</latitude>
				<altitude>929.2341511753083</altitude>
				<heading>30.37193683942708</heading>
				<tilt>54.25461340286877</tilt>
				<gx:fovy>30</gx:fovy>
				<range>219.8211500911202</range>
				<altitudeMode>absolute</altitudeMode>
			</LookAt>
			<styleUrl>#__managed_style_00BAF8CB7640D6DD2897</styleUrl>
			<Point>
				<coordinates>83.96074059509715,28.15570793792191,943.2729080246201</coordinates>
			</Point>
		</Placemark>
		<Placemark id="0E0961204F40D7113119">
			<name>Untitled placemark</name>
			<LookAt>
				<longitude>83.95937710716161</longitude>
				<latitude>28.15913543817609</latitude>
				<altitude>1016.510273194472</altitude>
				<heading>30.37236399344594</heading>
				<tilt>54.25492334703201</tilt>
				<gx:fovy>30</gx:fovy>
				<range>262.2953061530643</range>
				<altitudeMode>absolute</altitudeMode>
			</LookAt>
			<styleUrl>#__managed_style_00BAF8CB7640D6DD2897</styleUrl>
			<Point>
				<coordinates>83.95899320305429,28.1583325455661,1048.043618129713</coordinates>
			</Point>
		</Placemark>
		<Placemark id="0E9BDB1CCD40D711C857">
			<name>Untitled placemark</name>
			<LookAt>
				<longitude>83.94009855146624</longitude>
				<latitude>28.16028003368505</latitude>
				<altitude>1377.161690163666</altitude>
				<heading>37.82316514108834</heading>
				<tilt>5.562078414058544</tilt>
				<gx:fovy>30</gx:fovy>
				<range>142.7733399057979</range>
				<altitudeMode>absolute</altitudeMode>
			</LookAt>
			<styleUrl>#__managed_style_00BAF8CB7640D6DD2897</styleUrl>
			<Point>
				<coordinates>83.94003926022616,28.160341283405,1377.742566345398</coordinates>
			</Point>
		</Placemark>
		<Placemark id="08D79DDE5E40D712E73E">
			<name>Untitled placemark</name>
			<LookAt>
				<longitude>84.0063376478802</longitude>
				<latitude>28.12482324490378</latitude>
				<altitude>724.8891871082608</altitude>
				<heading>37.88585285044901</heading>
				<tilt>65.05606264385531</tilt>
				<gx:fovy>30</gx:fovy>
				<range>77.00491424330721</range>
				<altitudeMode>absolute</altitudeMode>
			</LookAt>
			<styleUrl>#__managed_style_00BAF8CB7640D6DD2897</styleUrl>
			<Point>
				<coordinates>84.0063927211292,28.12464345532732,726.1363575702812</coordinates>
			</Point>
		</Placemark>
		<Placemark id="0497190B1440D713206E">
			<name>Untitled placemark</name>
			<LookAt>
				<longitude>84.00827307216935</longitude>
				<latitude>28.12164870611135</latitude>
				<altitude>740.9561894414767</altitude>
				<heading>37.88719142666803</heading>
				<tilt>65.05678081886207</tilt>
				<gx:fovy>30</gx:fovy>
				<range>165.0887093917845</range>
				<altitudeMode>absolute</altitudeMode>
			</LookAt>
			<styleUrl>#__managed_style_00BAF8CB7640D6DD2897</styleUrl>
			<Point>
				<coordinates>84.00832326986236,28.12135100404284,747.4033004190088</coordinates>
			</Point>
		</Placemark>
		<Placemark id="0E3AE7FBA540D7139C2E">
			<name>Untitled placemark</name>
			<LookAt>
				<longitude>83.98704747307815</longitude>
				<latitude>28.14362886299822</latitude>
				<altitude>734.7601030760994</altitude>
				<heading>37.8857464203276</heading>
				<tilt>65.05631804976088</tilt>
				<gx:fovy>30</gx:fovy>
				<range>108.3303379100107</range>
				<altitudeMode>absolute</altitudeMode>
			</LookAt>
			<styleUrl>#__managed_style_00BAF8CB7640D6DD2897</styleUrl>
			<Point>
				<coordinates>83.98698681519791,28.14355009356379,729.2551030168306</coordinates>
			</Point>
		</Placemark>
		<Placemark id="0CCAE8968440D7148B56">
			<name>Untitled placemark</name>
			<LookAt>
				<longitude>83.97390882901057</longitude>
				<latitude>28.1463140379144</latitude>
				<altitude>750.4858596716292</altitude>
				<heading>37.88055596525012</heading>
				<tilt>65.05660382762085</tilt>
				<gx:fovy>30</gx:fovy>
				<range>143.3810797386104</range>
				<altitudeMode>absolute</altitudeMode>
			</LookAt>
			<styleUrl>#__managed_style_00BAF8CB7640D6DD2897</styleUrl>
			<Point>
				<coordinates>83.97379205379332,28.14616784911092,744.8173492002704</coordinates>
			</Point>
		</Placemark>
		<Placemark id="04137E6ED240D715CBB7">
			<name>Untitled placemark</name>
			<LookAt>
				<longitude>84.03635237674661</longitude>
				<latitude>28.27654651643706</latitude>
				<altitude>1757.350075609195</altitude>
				<heading>37.91428227418626</heading>
				<tilt>65.05662336662222</tilt>
				<gx:fovy>30</gx:fovy>
				<range>145.8005661581774</range>
				<altitudeMode>absolute</altitudeMode>
			</LookAt>
			<styleUrl>#__managed_style_00BAF8CB7640D6DD2897</styleUrl>
			<Point>
				<coordinates>84.03645780007814,28.27634478470187,1756.376525253508</coordinates>
			</Point>
		</Placemark>
		<Placemark id="0D119807F640D7165F0C">
			<name>Untitled placemark</name>
			<LookAt>
				<longitude>84.03816518880004</longitude>
				<latitude>28.26272751792241</latitude>
				<altitude>1268.812093831584</altitude>
				<heading>37.9172303099969</heading>
				<tilt>65.05679812106747</tilt>
				<gx:fovy>30</gx:fovy>
				<range>167.2246642383834</range>
				<altitudeMode>absolute</altitudeMode>
			</LookAt>
			<styleUrl>#__managed_style_00BAF8CB7640D6DD2897</styleUrl>
			<Point>
				<coordinates>84.03807921040662,28.26260888982831,1256.290532555579</coordinates>
			</Point>
		</Placemark>
		<Placemark id="09B23FA47B40D716DA98">
			<name>Untitled placemark</name>
			<LookAt>
				<longitude>84.05347493216765</longitude>
				<latitude>28.25879941568806</latitude>
				<altitude>1141.757595693067</altitude>
				<heading>37.91999146559222</heading>
				<tilt>65.05709899163008</tilt>
				<gx:fovy>30</gx:fovy>
				<range>204.125187094287</range>
				<altitudeMode>absolute</altitudeMode>
			</LookAt>
			<styleUrl>#__managed_style_00BAF8CB7640D6DD2897</styleUrl>
			<Point>
				<coordinates>84.05337741628703,28.25828384491608,1150.694622563132</coordinates>
			</Point>
		</Placemark>
		<Placemark id="0AE211F74540D7175BD0">
			<name>Untitled placemark</name>
			<LookAt>
				<longitude>84.05267216724052</longitude>
				<latitude>28.24217567206552</latitude>
				<altitude>957.102182130638</altitude>
				<heading>37.91569928857783</heading>
				<tilt>65.05672072691095</tilt>
				<gx:fovy>30</gx:fovy>
				<range>157.7238301856232</range>
				<altitudeMode>absolute</altitudeMode>
			</LookAt>
			<styleUrl>#__managed_style_00BAF8CB7640D6DD2897</styleUrl>
			<Point>
				<coordinates>84.05283176768002,28.24210759686759,958.7061856719182</coordinates>
			</Point>
		</Placemark>
		<Placemark id="05109F03B340D717D7F3">
			<name>Untitled placemark</name>
			<LookAt>
				<longitude>84.04448144392116</longitude>
				<latitude>28.2385301084361</latitude>
				<altitude>953.4479720641062</altitude>
				<heading>37.91394908347105</heading>
				<tilt>65.06064157069798</tilt>
				<gx:fovy>30</gx:fovy>
				<range>638.6282949928865</range>
				<altitudeMode>absolute</altitudeMode>
			</LookAt>
			<styleUrl>#__managed_style_00BAF8CB7640D6DD2897</styleUrl>
			<Point>
				<coordinates>84.0416843939357,28.23531802845855,1137.536312399814</coordinates>
			</Point>
		</Placemark>
		<Placemark id="0C124E2D2A40D71D161B">
			<name>Untitled placemark</name>
			<LookAt>
				<longitude>84.01677805502236</longitude>
				<latitude>28.11854995827624</latitude>
				<altitude>631.5060092160851</altitude>
				<heading>37.89203628453301</heading>
				<tilt>65.05692138303938</tilt>
				<gx:fovy>30</gx:fovy>
				<range>182.3258205028469</range>
				<altitudeMode>absolute</altitudeMode>
			</LookAt>
			<styleUrl>#__managed_style_00BAF8CB7640D6DD2897</styleUrl>
			<Point>
				<coordinates>84.01648320427842,28.11855614798144,620.0832773765434</coordinates>
			</Point>
		</Placemark>
		<Placemark id="077A8D0B4340D71D6CC9">
			<name>Untitled placemark</name>
			<LookAt>
				<longitude>84.01835917277016</longitude>
				<latitude>28.11309499895522</latitude>
				<altitude>603.6753155272079</altitude>
				<heading>37.8927119990122</heading>
				<tilt>65.05723053131773</tilt>
				<gx:fovy>30</gx:fovy>
				<range>220.2409891259231</range>
				<altitudeMode>absolute</altitudeMode>
			</LookAt>
			<styleUrl>#__managed_style_00BAF8CB7640D6DD2897</styleUrl>
			<Point>
				<coordinates>84.01857237600359,28.11260375657248,588.5606068419646</coordinates>
			</Point>
		</Placemark>
		<Placemark id="0DECE50AC840D7836740">
			<name>Untitled placemark</name>
			<LookAt>
				<longitude>84.05432590053034</longitude>
				<latitude>28.10923476856635</latitude>
				<altitude>676.1772171946473</altitude>
				<heading>37.91939815011231</heading>
				<tilt>65.05715609030622</tilt>
				<gx:fovy>30</gx:fovy>
				<range>211.113465077251</range>
				<altitudeMode>absolute</altitudeMode>
			</LookAt>
			<styleUrl>#__managed_style_00BAF8CB7640D6DD2897</styleUrl>
			<Point>
				<coordinates>84.05422434119332,28.10884257444761,660.6450197035472</coordinates>
			</Point>
		</Placemark>
		<Placemark id="077D163C3540D783C358">
			<name>Untitled placemark</name>
			<LookAt>
				<longitude>84.05374533215607</longitude>
				<latitude>28.11522326856699</latitude>
				<altitude>668.0933302208836</altitude>
				<heading>37.92030714146085</heading>
				<tilt>65.05684872159046</tilt>
				<gx:fovy>30</gx:fovy>
				<range>173.4609913653185</range>
				<altitudeMode>absolute</altitudeMode>
			</LookAt>
			<styleUrl>#__managed_style_00BAF8CB7640D6DD2897</styleUrl>
			<Point>
				<coordinates>84.0534260009056,28.11488303831919,678.8644653078674</coordinates>
			</Point>
		</Placemark>
		<Placemark id="087190096B40D784D3EB">
			<name>Untitled placemark</name>
			<LookAt>
				<longitude>84.06893351772041</longitude>
				<latitude>28.10795868515132</latitude>
				<altitude>829.8928088117099</altitude>
				<heading>37.92287184861485</heading>
				<tilt>65.05697280218004</tilt>
				<gx:fovy>30</gx:fovy>
				<range>188.6839922696163</range>
				<altitudeMode>absolute</altitudeMode>
			</LookAt>
			<styleUrl>#__managed_style_00BAF8CB7640D6DD2897</styleUrl>
			<Point>
				<coordinates>84.06860265455678,28.10788149225588,810.1907230609492</coordinates>
			</Point>
		</Placemark>
		<Placemark id="02E77DC38540D782D401">
			<name>Untitled placemark</name>
			<LookAt>
				<longitude>84.03079005767876</longitude>
				<latitude>28.10656923053495</latitude>
				<altitude>686.2186939982894</altitude>
				<heading>37.90634921646856</heading>
				<tilt>65.05657017314604</tilt>
				<gx:fovy>30</gx:fovy>
				<range>139.2521410670634</range>
				<altitudeMode>absolute</altitudeMode>
			</LookAt>
			<styleUrl>#__managed_style_00BAF8CB7640D6DD2897</styleUrl>
			<Point>
				<coordinates>84.03067160072148,28.10649063804977,675.1201261754635</coordinates>
			</Point>
		</Placemark>
		<Placemark id="0EB507F04540D785E1E3">
			<name>Untitled placemark</name>
			<LookAt>
				<longitude>84.07026257412876</longitude>
				<latitude>28.10731229464062</latitude>
				<altitude>835.0638442479642</altitude>
				<heading>37.92356946654233</heading>
				<tilt>65.05661830650592</tilt>
				<gx:fovy>30</gx:fovy>
				<range>145.2048902658316</range>
				<altitudeMode>absolute</altitudeMode>
			</LookAt>
			<styleUrl>#__managed_style_00BAF8CB7640D6DD2897</styleUrl>
			<Point>
				<coordinates>84.07042013767673,28.10698208070042,826.3093524937532</coordinates>
			</Point>
		</Placemark>
		<Placemark id="0FEDA6856040D7862DCB">
			<name>Untitled placemark</name>
			<LookAt>
				<longitude>84.07263609588212</longitude>
				<latitude>28.11165178886013</latitude>
				<altitude>964.0831778756994</altitude>
				<heading>37.92546237551053</heading>
				<tilt>65.0559026105492</tilt>
				<gx:fovy>30</gx:fovy>
				<range>57.42520839855389</range>
				<altitudeMode>absolute</altitudeMode>
			</LookAt>
			<styleUrl>#__managed_style_00BAF8CB7640D6DD2897</styleUrl>
			<Point>
				<coordinates>84.07268449310192,28.11162550824319,963.0542524353959</coordinates>
			</Point>
		</Placemark>
		<Placemark id="022611AE0240D7875204">
			<name>Untitled placemark</name>
			<LookAt>
				<longitude>84.02788570765742</longitude>
				<latitude>28.14022200069608</latitude>
				<altitude>920.1230793418011</altitude>
				<heading>43.29555456463719</heading>
				<tilt>37.0208449251064</tilt>
				<gx:fovy>30</gx:fovy>
				<range>124.5398353870587</range>
				<altitudeMode>absolute</altitudeMode>
			</LookAt>
			<styleUrl>#__managed_style_00BAF8CB7640D6DD2897</styleUrl>
			<Point>
				<coordinates>84.02763268722018,28.14023301950012,925.2141852832819</coordinates>
			</Point>
		</Placemark>
		<Placemark id="0EDC04D78840D787B90C">
			<name>Untitled placemark</name>
			<LookAt>
				<longitude>84.03924708793093</longitude>
				<latitude>28.13947630028611</latitude>
				<altitude>768.1102105438</altitude>
				<heading>43.30007055558041</heading>
				<tilt>37.02119082287875</tilt>
				<gx:fovy>30</gx:fovy>
				<range>188.4249710079712</range>
				<altitudeMode>absolute</altitudeMode>
			</LookAt>
			<styleUrl>#__managed_style_00BAF8CB7640D6DD2897</styleUrl>
			<Point>
				<coordinates>84.03916649674497,28.1391613503347,781.0808241503856</coordinates>
			</Point>
		</Placemark>
		<Placemark id="020B8880A740D78828C1">
			<name>Untitled placemark</name>
			<LookAt>
				<longitude>84.0488773681533</longitude>
				<latitude>28.13232752713001</latitude>
				<altitude>718.2546565154692</altitude>
				<heading>43.30496034833421</heading>
				<tilt>37.02118342120676</tilt>
				<gx:fovy>30</gx:fovy>
				<range>187.0563917097752</range>
				<altitudeMode>absolute</altitudeMode>
			</LookAt>
			<styleUrl>#__managed_style_00BAF8CB7640D6DD2897</styleUrl>
			<Point>
				<coordinates>84.0484903201819,28.13217653445039,739.7151865281772</coordinates>
			</Point>
		</Placemark>
		<Placemark id="0A7190CFDF40D7890910">
			<name>Untitled placemark</name>
			<LookAt>
				<longitude>84.07186184019319</longitude>
				<latitude>28.09513021526402</latitude>
				<altitude>702.9201283076708</altitude>
				<heading>43.31174234528866</heading>
				<tilt>37.02503272304752</tilt>
				<gx:fovy>30</gx:fovy>
				<range>898.0233186052646</range>
				<altitudeMode>absolute</altitudeMode>
			</LookAt>
			<styleUrl>#__managed_style_00BAF8CB7640D6DD2897</styleUrl>
			<Point>
				<coordinates>84.07065601530203,28.09418934956747,631.9129984958703</coordinates>
			</Point>
		</Placemark>
		<Placemark id="0A17A7432340D78A09EE">
			<name>Untitled placemark</name>
			<LookAt>
				<longitude>84.04749017389692</longitude>
				<latitude>28.090740485571</latitude>
				<altitude>588.22859495716</altitude>
				<heading>43.30127655388622</heading>
				<tilt>37.02087792288453</tilt>
				<gx:fovy>30</gx:fovy>
				<range>130.6279649436874</range>
				<altitudeMode>absolute</altitudeMode>
			</LookAt>
			<styleUrl>#__managed_style_00BAF8CB7640D6DD2897</styleUrl>
			<Point>
				<coordinates>84.04742152835985,28.09081017134036,589.0457639492142</coordinates>
			</Point>
		</Placemark>
		<Placemark id="098152A9F040D78B0F2B">
			<name>Untitled placemark</name>
			<LookAt>
				<longitude>83.98911783384709</longitude>
				<latitude>28.18798473251945</latitude>
				<altitude>848.321043504872</altitude>
				<heading>43.29029168882141</heading>
				<tilt>37.02068866903052</tilt>
				<gx:fovy>30</gx:fovy>
				<range>95.67724604512478</range>
				<altitudeMode>absolute</altitudeMode>
			</LookAt>
			<styleUrl>#__managed_style_00BAF8CB7640D6DD2897</styleUrl>
			<Point>
				<coordinates>83.9890809806578,28.18793361422495,845.910982552312</coordinates>
			</Point>
		</Placemark>
		<Placemark id="05E39AE24040D78B8ADC">
			<name>Untitled placemark</name>
			<LookAt>
				<longitude>83.98250166808967</longitude>
				<latitude>28.19359220359124</latitude>
				<altitude>760.0298149152104</altitude>
				<heading>43.28866286101468</heading>
				<tilt>37.02127030227599</tilt>
				<gx:fovy>30</gx:fovy>
				<range>203.1047469272744</range>
				<altitudeMode>absolute</altitudeMode>
			</LookAt>
			<styleUrl>#__managed_style_00BAF8CB7640D6DD2897</styleUrl>
			<Point>
				<coordinates>83.98265199596882,28.19319979311793,757.1164366828825</coordinates>
			</Point>
		</Placemark>
		<Placemark id="09092F48C040D78C3550">
			<name>Untitled placemark</name>
			<LookAt>
				<longitude>83.964925131966</longitude>
				<latitude>28.21642422543098</latitude>
				<altitude>921.3738262910242</altitude>
				<heading>43.28251263498885</heading>
				<tilt>37.02098415534596</tilt>
				<gx:fovy>30</gx:fovy>
				<range>150.2566450558879</range>
				<altitudeMode>absolute</altitudeMode>
			</LookAt>
			<styleUrl>#__managed_style_00BAF8CB7640D6DD2897</styleUrl>
			<Point>
				<coordinates>83.96504167481559,28.21602692747254,919.4441030965264</coordinates>
			</Point>
		</Placemark>
		<Placemark id="0CEEEF04F840D78CAC08">
			<name>Untitled placemark</name>
			<LookAt>
				<longitude>84.00601791169026</longitude>
				<latitude>28.21892367311486</latitude>
				<altitude>937.2297863357711</altitude>
				<heading>43.28943096555995</heading>
				<tilt>37.02109863741833</tilt>
				<gx:fovy>30</gx:fovy>
				<range>171.4026698877751</range>
				<altitudeMode>absolute</altitudeMode>
			</LookAt>
			<styleUrl>#__managed_style_00BAF8CB7640D6DD2897</styleUrl>
			<Point>
				<coordinates>84.00605047773409,28.21863340994777,928.6324781555192</coordinates>
			</Point>
		</Placemark>
		<Placemark id="0A5886566E40D78CF659">
			<name>Untitled placemark</name>
			<LookAt>
				<longitude>84.01143587259993</longitude>
				<latitude>28.22055141373936</latitude>
				<altitude>870.8266684824446</altitude>
				<heading>43.29195784857264</heading>
				<tilt>37.02122633965182</tilt>
				<gx:fovy>30</gx:fovy>
				<range>194.9881602298774</range>
				<altitudeMode>absolute</altitudeMode>
			</LookAt>
			<styleUrl>#__managed_style_00BAF8CB7640D6DD2897</styleUrl>
			<Point>
				<coordinates>84.01106930346745,28.22024841196169,906.3240852273799</coordinates>
			</Point>
		</Placemark>
		<Placemark id="08729C6F1E40D78D4A4E">
			<name>Untitled placemark</name>
			<LookAt>
				<longitude>84.00653776439636</longitude>
				<latitude>28.21175133965117</latitude>
				<altitude>901.7932754499042</altitude>
				<heading>43.2916704066839</heading>
				<tilt>37.02098347327478</tilt>
				<gx:fovy>30</gx:fovy>
				<range>150.1302112513804</range>
				<altitudeMode>absolute</altitudeMode>
			</LookAt>
			<styleUrl>#__managed_style_00BAF8CB7640D6DD2897</styleUrl>
			<Point>
				<coordinates>84.00651527077841,28.21159220393319,894.379978606489</coordinates>
			</Point>
		</Placemark>
		<Placemark id="0021EB688540D78EBD7B">
			<name>Untitled placemark</name>
			<LookAt>
				<longitude>84.03405024388458</longitude>
				<latitude>28.20841591367965</latitude>
				<altitude>942.2974436086247</altitude>
				<heading>43.34734916429297</heading>
				<tilt>37.02089267393006</tilt>
				<gx:fovy>30</gx:fovy>
				<range>133.3598738138244</range>
				<altitudeMode>absolute</altitudeMode>
			</LookAt>
			<styleUrl>#__managed_style_00BAF8CB7640D6DD2897</styleUrl>
			<Point>
				<coordinates>84.03385083393093,28.20829672207024,939.0574664526113</coordinates>
			</Point>
		</Placemark>
		<Placemark id="04C6A8837F40D78F3AA8">
			<name>Untitled placemark</name>
			<LookAt>
				<longitude>84.03964225786468</longitude>
				<latitude>28.1926322094516</latitude>
				<altitude>761.0565752559452</altitude>
				<heading>43.350576982604</heading>
				<tilt>37.02088895132506</tilt>
				<gx:fovy>30</gx:fovy>
				<range>132.6684976137221</range>
				<altitudeMode>absolute</altitudeMode>
			</LookAt>
			<styleUrl>#__managed_style_00BAF8CB7640D6DD2897</styleUrl>
			<Point>
				<coordinates>84.03937590043128,28.19245744873343,771.1630736075832</coordinates>
			</Point>
		</Placemark>
		<Placemark id="0848A7A9B940D78FB338">
			<name>Untitled placemark</name>
			<LookAt>
				<longitude>84.05417672236935</longitude>
				<latitude>28.20284900607608</latitude>
				<altitude>878.9847841032553</altitude>
				<heading>43.35898207757246</heading>
				<tilt>37.02065017374979</tilt>
				<gx:fovy>30</gx:fovy>
				<range>88.5674421143176</range>
				<altitudeMode>absolute</altitudeMode>
			</LookAt>
			<styleUrl>#__managed_style_00BAF8CB7640D6DD2897</styleUrl>
			<Point>
				<coordinates>84.05409529144697,28.20280011219389,872.0699345177148</coordinates>
			</Point>
		</Placemark>
		<Placemark id="01D6A7B53640D790904C">
			<name>Untitled placemark</name>
			<LookAt>
				<longitude>84.07094648615107</longitude>
				<latitude>28.19103422311176</latitude>
				<altitude>840.2809042230215</altitude>
				<heading>43.36420064845488</heading>
				<tilt>37.02091459745902</tilt>
				<gx:fovy>30</gx:fovy>
				<range>137.4070998588286</range>
				<altitudeMode>absolute</altitudeMode>
			</LookAt>
			<styleUrl>#__managed_style_00BAF8CB7640D6DD2897</styleUrl>
			<Point>
				<coordinates>84.07076070512757,28.19084375662406,851.6346218675135</coordinates>
			</Point>
		</Placemark>
		<Placemark id="084FEC307040D790EC1C">
			<name>Untitled placemark</name>
			<LookAt>
				<longitude>84.0761320932036</longitude>
				<latitude>28.18115414781625</latitude>
				<altitude>852.1165774104109</altitude>
				<heading>43.36715342001526</heading>
				<tilt>37.0207776215224</tilt>
				<gx:fovy>30</gx:fovy>
				<range>112.1072667912813</range>
				<altitudeMode>absolute</altitudeMode>
			</LookAt>
			<styleUrl>#__managed_style_00BAF8CB7640D6DD2897</styleUrl>
			<Point>
				<coordinates>84.07614122513958,28.18112341432926,852.5877941691676</coordinates>
			</Point>
		</Placemark>
		<Placemark id="022D01BEAC40D79122F4">
			<name>Untitled placemark</name>
			<LookAt>
				<longitude>84.06647767241728</longitude>
				<latitude>28.18056108544662</latitude>
				<altitude>736.9192777677032</altitude>
				<heading>43.36519633051184</heading>
				<tilt>37.02074313433094</tilt>
				<gx:fovy>30</gx:fovy>
				<range>105.7354202408897</range>
				<altitudeMode>absolute</altitudeMode>
			</LookAt>
			<styleUrl>#__managed_style_00BAF8CB7640D6DD2897</styleUrl>
			<Point>
				<coordinates>84.06636022474451,28.18029089074932,746.7811668570382</coordinates>
			</Point>
		</Placemark>
		<Placemark id="0972018E0740D791A504">
			<name>Untitled placemark</name>
			<LookAt>
				<longitude>84.09093299639171</longitude>
				<latitude>28.17473178563409</latitude>
				<altitude>746.9172578691802</altitude>
				<heading>43.37741158501479</heading>
				<tilt>37.0208131478412</tilt>
				<gx:fovy>30</gx:fovy>
				<range>118.6671995604775</range>
				<altitudeMode>absolute</altitudeMode>
			</LookAt>
			<styleUrl>#__managed_style_00BAF8CB7640D6DD2897</styleUrl>
			<Point>
				<coordinates>84.09086594816247,28.1745556351403,753.4949151090905</coordinates>
			</Point>
		</Placemark>
		<Placemark id="01B1724D1F40D7921306">
			<name>Untitled placemark</name>
			<LookAt>
				<longitude>84.12278428509549</longitude>
				<latitude>28.16999085174518</latitude>
				<altitude>757.801257521137</altitude>
				<heading>43.39486375418321</heading>
				<tilt>37.02112435553654</tilt>
				<gx:fovy>30</gx:fovy>
				<range>176.1480747582937</range>
				<altitudeMode>absolute</altitudeMode>
			</LookAt>
			<styleUrl>#__managed_style_00BAF8CB7640D6DD2897</styleUrl>
			<Point>
				<coordinates>84.12264755698789,28.16988568311721,748.4100512357646</coordinates>
			</Point>
		</Placemark>
		<Placemark id="00489B60EC40D792A137">
			<name>Untitled placemark</name>
			<LookAt>
				<longitude>84.11836464518838</longitude>
				<latitude>28.19276568658292</latitude>
				<altitude>1079.434154842457</altitude>
				<heading>43.39814012697972</heading>
				<tilt>37.0206533109714</tilt>
				<gx:fovy>30</gx:fovy>
				<range>89.14972714863325</range>
				<altitudeMode>absolute</altitudeMode>
			</LookAt>
			<styleUrl>#__managed_style_00BAF8CB7640D6DD2897</styleUrl>
			<Point>
				<coordinates>84.11818709575013,28.19259869693029,1094.23131993817</coordinates>
			</Point>
		</Placemark>
		<Placemark id="05521A969C40D7932988">
			<name>Untitled placemark</name>
			<LookAt>
				<longitude>84.13180334773664</longitude>
				<latitude>28.19609697267601</latitude>
				<altitude>956.8556697772108</altitude>
				<heading>43.39943508933408</heading>
				<tilt>37.02127755092675</tilt>
				<gx:fovy>30</gx:fovy>
				<range>204.449951616516</range>
				<altitudeMode>absolute</altitudeMode>
			</LookAt>
			<styleUrl>#__managed_style_00BAF8CB7640D6DD2897</styleUrl>
			<Point>
				<coordinates>84.13157647382424,28.19591121079699,968.2250144823594</coordinates>
			</Point>
		</Placemark>
		<Placemark id="0A0776255A40D793B2F4">
			<name>Untitled placemark</name>
			<LookAt>
				<longitude>84.08470138654356</longitude>
				<latitude>28.2076066998982</latitude>
				<altitude>1116.915744062593</altitude>
				<heading>43.37669956656794</heading>
				<tilt>37.02159049194338</tilt>
				<gx:fovy>30</gx:fovy>
				<range>262.2591722756624</range>
				<altitudeMode>absolute</altitudeMode>
			</LookAt>
			<styleUrl>#__managed_style_00BAF8CB7640D6DD2897</styleUrl>
			<Point>
				<coordinates>84.08402890500278,28.20721686728546,1187.898374022981</coordinates>
			</Point>
		</Placemark>
	</Folder>
	<Folder id="5DB05CE1BB000001">
		<name>992007</name>
		<open>1</open>
		<styleUrl>#__managed_style_0BC0B55BB440D2A9E73C</styleUrl>
		<Placemark id="5DB05CE1BB000002">
			<name>Pokhara</name>
			<styleUrl>#__managed_style_0BC0B55BB440D2A9E73C</styleUrl>
			<Polygon>
				<outerBoundaryIs>
					<LinearRing>
						<coordinates>
							83.79871850000001,28.2286575,0 83.7998264,28.2276914,0 83.8040815,28.2236235,0 83.8074293,28.2204519,0 83.8095977,28.2195682,0 83.81632329999999,28.210159,0 83.82342730000001,28.2144086,0 83.82813640000001,28.2144877,0 83.8294028,28.2146548,0 83.82977080000001,28.2146659,0 83.8304708,28.2147073,0 83.8323833,28.2138937,0 83.8356215,28.2133432,0 83.8388209,28.211465,0 83.83942589999999,28.2107897,0 83.8408889,28.209618,0 83.8415767,28.206888,0 83.8428845,28.2041531,0 83.8449444,28.203964,0 83.8466825,28.202489,0 83.8467254,28.1995579,0 83.8476505,28.1993085,0 83.8555708,28.193827,0 83.8578881,28.1953917,0 83.8601852,28.1959168,0 83.8627864,28.197941,0 83.86512879999999,28.1972819,0 83.8689384,28.1970412,0 83.869642,28.19779219999999,0 83.87361300000001,28.1974163,0 83.8764979,28.1929673,0 83.8788539,28.1928512,0 83.880544,28.1935419,0 83.8863616,28.1944421,0 83.8905269,28.195253,0 83.8920928,28.1940737,0 83.8945954,28.1921103,0 83.89887210000001,28.1899903,0 83.8985005,28.18779960000001,0 83.90057400000001,28.1859576,0 83.90141749999999,28.1833555,0 83.90279700000001,28.1808115,0 83.9046768,28.1774915,0 83.90709769999999,28.1751288,0 83.91267259999999,28.1723702,0 83.9152794,28.1719797,0 83.91637830000001,28.1706699,0 83.9182631,28.1712823,0 83.9212129,28.1692563,0 83.92301500000001,28.1693353,0 83.923795,28.1686432,0 83.9246709,28.1673123,0 83.9259464,28.1637198,0 83.9260117,28.163576,0 83.9270514,28.1612855,0 83.9240047,28.1584156,0 83.9223786,28.1559306,0 83.922839,28.1542514,0 83.923315,28.1532205,0 83.923483,28.1514262,0 83.9263089,28.1489943,0 83.92785430000001,28.1479507,0 83.92964360000001,28.1451944,0 83.9315641,28.1441592,0 83.9341036,28.1440336,0 83.9352923,28.1402796,0 83.93696799999999,28.1380649,0 83.9421778,28.1379635,0 83.9436748,28.1383989,0 83.9455267,28.1389375,0 83.94976459999999,28.1400039,0 83.9520483,28.1398744,0 83.95304109999999,28.1397183,0 83.9534005,28.139723,0 83.9537868,28.1397302,0 83.9543267,28.1395083,0 83.95571940000001,28.1391056,0 83.95831029999999,28.139675,0 83.9600657,28.1411375,0 83.9607982,28.14095470000001,0 83.9604527,28.1390046,0 83.96132350000001,28.1389802,0 83.9623187,28.1404428,0 83.9644196,28.1410888,0 83.96504160000001,28.1412838,0 83.9654839,28.1420029,0 83.9671149,28.1426488,0 83.96887030000001,28.1435751,0 83.96905,28.1432095,0 83.9691605,28.1427342,0 83.9695337,28.1425148,0 83.9701419,28.1415397,0 83.9708883,28.1420395,0 83.9712893,28.1420261,0 83.9719802,28.1420029,0 83.97238110000001,28.1422223,0 83.97351449999999,28.1422832,0 83.97500719999999,28.1427707,0 83.9773984,28.1431851,0 83.9792229,28.1434776,0 83.9801767,28.1433192,0 83.9802043,28.1427707,0 83.97996929999999,28.1412716,0 83.9796929,28.1402356,0 83.9806604,28.1399675,0 83.98158650000001,28.1402844,0 83.9823052,28.1404794,0 83.9826784,28.1399065,0 83.9830102,28.1390168,0 83.9833004,28.1380173,0 83.98364599999999,28.1378589,0 83.98541520000001,28.13868769999999,0 83.98606479999999,28.1389924,0 83.98665920000001,28.1384074,0 83.9865624,28.1369326,0 83.9865762,28.13644499999999,0 83.9876682,28.1365425,0 83.989548,28.1374079,0 83.99052930000001,28.1371642,0 83.990865,28.136628,0 83.9908611,28.1363231,0 83.9899212,28.1361769,0 83.98985209999999,28.1357137,0 83.99015609999999,28.135409,0 83.9897553,28.1344948,0 83.9901423,28.1342267,0 83.9907297,28.135086,0 83.9911168,28.1357868,0 83.9918562,28.1359819,0 83.9924299,28.135604,0 83.9925957,28.1349824,0 83.9935771,28.1346045,0 83.9941369,28.1344766,0 83.99444099999999,28.1341962,0 83.99485559999999,28.1334953,0 83.9952012,28.1332881,0 83.9955605,28.1333552,0 83.99664559999999,28.133922,0 83.9970533,28.1339463,0 83.9971086,28.1337574,0 83.99690819999999,28.1335075,0 83.9968667,28.1330505,0 83.9970671,28.1328737,0 83.9977099,28.132825,0 83.99868429999999,28.1328493,0 83.9992579,28.1324837,0 83.9996795,28.1314781,0 84.0003775,28.1310088,0 84.00109620000001,28.131216,0 84.0017251,28.1316487,0 84.00205,28.1313013,0 84.002202,28.1306675,0 84.0026804,28.1304684,0 84.0027,28.1301265,0 84.0023039,28.1294722,0 84.00211109999999,28.1294171,0 84.0015727,28.1293,0 84.0010523,28.1287829,0 84.00071509999999,28.12849629999999,0 84.0000285,28.1278347,0 83.9993492,28.1271646,0 83.9987921,28.126447,0 83.9987991,28.12615720000001,0 83.9988654,28.1257402,0 83.99924900000001,28.1251778,0 83.9995471,28.1248222,0 83.9995333,28.1240451,0 83.99924300000001,28.1227835,0 83.99888369999999,28.12184480000001,0 83.99917050000001,28.1210342,0 84.0002209,28.1201961,0 84.0009051,28.1197267,0 84.00120579999999,28.1187393,0 84.00147870000001,28.1181846,0 84.0021629,28.1180383,0 84.00291970000001,28.1178372,0 84.00349679999999,28.1175507,0 84.0038181,28.1173587,0 84.0042224,28.1171697,0 84.0043641,28.1170936,0 84.00399779999999,28.1168101,0 84.00417059999999,28.1162158,0 84.0047096,28.1156947,0 84.0056357,28.1153899,0 84.00631300000001,28.1153106,0 84.0065929,28.1149998,0 84.0066965,28.1137106,0 84.00745329999999,28.1132473,0 84.0080373,28.112275,0 84.0083344,28.1118148,0 84.0086489,28.1109309,0 84.0091817,28.1100038,0 84.00971920000001,28.1094089,0 84.0108578,28.10998650000001,0 84.01195250000001,28.109827,0 84.0129836,28.1099477,0 84.0136238,28.1096244,0 84.0139854,28.1089477,0 84.0136971,28.1081632,0 84.0136775,28.1077149,0 84.0136531,28.1072839,0 84.0132552,28.1070166,0 84.0125711,28.1065338,0 84.0122339,28.1057622,0 84.01278120000001,28.1053959,0 84.0137146,28.1053226,0 84.0151855,28.1052752,0 84.0160798,28.1051545,0 84.0164365,28.1050855,0 84.0175361,28.1044992,0 84.0184108,28.1042277,0 84.0192807,28.104413,0 84.02065880000001,28.1048657,0 84.0218658,28.1050639,0 84.0226526,28.104801,0 84.023928,28.10512,0 84.0253599,28.1053312,0 84.0262932,28.1049088,0 84.0270165,28.1046631,0 84.02774460000001,28.1047191,0 84.02843369999999,28.1044734,0 84.0285949,28.1041587,0 84.0285216,28.1034561,0 84.02819909999999,28.1027922,0 84.02755399999999,28.10181800000001,0 84.0267917,28.1012749,0 84.0258632,28.1008007,0 84.0256677,28.0997747,0 84.0258046,28.0987229,0 84.0261564,28.0981883,0 84.02655710000001,28.0973951,0 84.0269481,28.0969727,0 84.0262737,28.0962829,0 84.0267331,28.095619,0 84.02790589999999,28.0955501,0 84.02864870000001,28.0956277,0 84.0289593,28.095977,0 84.02910129999999,28.0962323,0 84.02925329999999,28.0965738,0 84.028811,28.0965677,0 84.02834110000001,28.0968969,0 84.0282866,28.097515,0 84.0274979,28.0979089,0 84.02744269999999,28.0986831,0 84.02813380000001,28.0990002,0 84.02834110000001,28.1000792,0 84.0297233,28.1001951,0 84.03162279999999,28.0999246,0 84.0338185,28.0987189,0 84.0352579,28.0969905,0 84.03637209999999,28.0958352,0 84.0378393,28.0958596,0 84.03908850000001,28.0966961,0 84.04108290000001,28.094973,0 84.0416393,28.0932777,0 84.0409173,28.0926368,0 84.04013809999999,28.0922153,0 84.0387072,28.0920544,0 84.0379674,28.0924079,0 84.0374163,28.0922399,0 84.0377575,28.0915239,0 84.038686,28.0912179,0 84.04096319999999,28.0907566,0 84.0435044,28.0899073,0 84.0437683,28.089058,0 84.0434604,28.0886441,0 84.0437829,28.0883509,0 84.0447408,28.0880707,0 84.0460015,28.0870748,0 84.047106,28.0853696,0 84.0473308,28.0850226,0 84.04988539999999,28.0837881,0 84.0508696,28.0837937,0 84.0517724,28.0840715,0 84.0535702,28.0863135,0 84.0555437,28.0887105,0 84.0573551,28.0879831,0 84.0583824,28.0880427,0 84.0606398,28.086564,0 84.0623566,28.0839403,0 84.0644112,28.0830458,0 84.0666957,28.0811854,0 84.06784469999999,28.0785973,0 84.06952080000001,28.0777267,0 84.0708726,28.0788478,0 84.07134739999999,28.0801736,0 84.0734404,28.0832135,0 84.07577449999999,28.0865543,0 84.07725739999999,28.0896132,0 84.0778504,28.0904151,0 84.0787809,28.0913435,0 84.07921229999999,28.0918886,0 84.0877253,28.0945077,0 84.08872049999999,28.0986046,0 84.0930255,28.1026504,0 84.0980538,28.1074216,0 84.10098549999999,28.108352,0 84.1024819,28.1104861,0 84.107739,28.110277,0 84.1115274,28.1074924,0 84.1154305,28.1068342,0 84.116654,28.1071844,0 84.11604800000001,28.1086586,0 84.1162533,28.1092879,0 84.1197229,28.109831,0 84.12155060000001,28.1120551,0 84.1229745,28.1121665,0 84.1242117,28.1129615,0 84.125164,28.1141647,0 84.1249495,28.1153603,0 84.1274205,28.115436,0 84.12797810000001,28.1170024,0 84.12814109999999,28.1189244,0 84.12688850000001,28.1200745,0 84.1260563,28.1200821,0 84.1251984,28.1208388,0 84.1246064,28.1210431,0 84.1242374,28.1217619,0 84.12287329999999,28.12253370000001,0 84.1221355,28.1224505,0 84.12159490000001,28.123699,0 84.1222384,28.1250231,0 84.12165570000001,28.1256854,0 84.1212862,28.1265383,0 84.1216021,28.12759670000001,0 84.1226674,28.1283448,0 84.12370490000001,28.1286753,0 84.1243486,28.128997,0 84.12489100000001,28.1294024,0 84.12299779999999,28.1313449,0 84.1206682,28.1308313,0 84.1163973,28.1311737,0 84.1154873,28.1332388,0 84.11128909999999,28.1342339,0 84.1111557,28.135015,0 84.1098089,28.1361063,0 84.10996660000001,28.1378824,0 84.1115075,28.1393803,0 84.110731,28.1418518,0 84.1097118,28.1434674,0 84.111277,28.1447619,0 84.1134677,28.1449049,0 84.1137765,28.1460457,0 84.1126845,28.1467518,0 84.112551,28.147597,0 84.11207779999999,28.1483887,0 84.11273300000001,28.1493408,0 84.1138857,28.1501432,0 84.11593619999999,28.1497474,0 84.1169675,28.1509348,0 84.11568920000001,28.1520847,0 84.1157364,28.1523889,0 84.11602809999999,28.154267,0 84.11543589999999,28.1553609,0 84.11632160000001,28.1570939,0 84.1166492,28.1591585,0 84.1183297,28.1597468,0 84.11878470000001,28.1612284,0 84.12112639999999,28.1614102,0 84.12336500000001,28.1618167,0 84.12479399999999,28.1621982,0 84.12543100000001,28.1624335,0 84.1261954,28.1623426,0 84.12652300000001,28.1627598,0 84.1271297,28.1628453,0 84.1272692,28.1638188,0 84.12816100000001,28.1643375,0 84.12951390000001,28.1650061,0 84.1307879,28.16499,0 84.1310912,28.1654874,0 84.13078179999999,28.1657816,0 84.1304846,28.1661185,0 84.13107909999999,28.1661934,0 84.13201340000001,28.1670705,0 84.13167970000001,28.1674823,0 84.1323288,28.1682685,0 84.1327838,28.1685145,0 84.1328202,28.1678407,0 84.1342459,28.1678834,0 84.1353441,28.1694718,0 84.140732,28.1736315,0 84.1430828,28.1735256,0 84.1445757,28.1753105,0 84.1444927,28.1758775,0 84.1438192,28.1765468,0 84.1430041,28.1772312,0 84.14370340000001,28.1780972,0 84.14364759999999,28.17955299999999,0 84.1429352,28.1807671,0 84.1435661,28.182088,0 84.1436207,28.1830452,0 84.1421587,28.1833232,0 84.1423589,28.1842911,0 84.1418917,28.1853392,0 84.1422436,28.1860878,0 84.14335989999999,28.1860862,0 84.1434787,28.186543,0 84.1424645,28.1873246,0 84.1421854,28.1876353,0 84.1420111,28.1879285,0 84.141452,28.1885344,0 84.14182820000001,28.1892406,0 84.14242489999999,28.1901661,0 84.1435488,28.1901359,0 84.1446727,28.1906047,0 84.1465259,28.1904157,0 84.1474838,28.1911431,0 84.1473301,28.1916396,0 84.1471799,28.1916774,0 84.14685,28.1917413,0 84.14649319999999,28.191772,0 84.1461734,28.1917532,0 84.1456829,28.1917704,0 84.1455181,28.1921675,0 84.1451794,28.1924756,0 84.1448584,28.1929363,0 84.14457950000001,28.1944303,0 84.1446117,28.1952246,0 84.1445473,28.1959149,0 84.14446150000001,28.1977398,0 84.14308819999999,28.1986759,0 84.14194019999999,28.1992716,0 84.140878,28.1996498,0 84.1398588,28.1997065,0 84.1392819,28.2004625,0 84.1390097,28.20043769999999,0 84.13821,28.2005652,0 84.137477,28.2007183,0 84.1365596,28.200828,0 84.1363719,28.2009074,0 84.1358516,28.2009216,0 84.13500809999999,28.200915,0 84.1342326,28.2009605,0 84.13385599999999,28.2010681,0 84.13330879999999,28.2012147,0 84.13289519999999,28.2012917,0 84.13232720000001,28.2016496,0 84.1316995,28.2021886,0 84.1311577,28.2025951,0 84.1307929,28.2030348,0 84.1301921,28.2033515,0 84.12976829999999,28.2034744,0 84.1293821,28.2035548,0 84.1287437,28.2037014,0 84.1283736,28.2036068,0 84.1278834,28.2033401,0 84.1276869,28.2032853,0 84.12732219999999,28.2033184,0 84.12714510000001,28.2034792,0 84.1268876,28.2039472,0 84.12669990000001,28.2049825,0 84.1264048,28.2052615,0 84.1262734,28.2068995,0 84.1266811,28.2079963,0 84.127475,28.2091119,0 84.12528639999999,28.2093199,0 84.1232693,28.2098304,0 84.121459,28.2104466,0 84.1208367,28.2104277,0 84.1199355,28.2104939,0 84.11859440000001,28.2103615,0 84.11813309999999,28.2103426,0 84.1167169,28.2101819,0 84.1155152,28.2102292,0 84.1138845,28.2101535,0 84.11253259999999,28.2100874,0 84.1117709,28.2101535,0 84.1100328,28.2108059,0 84.109314,28.211099,0 84.1086595,28.2115906,0 84.108681,28.2127062,0 84.1087024,28.21368,0 84.108563,28.2145876,0 84.1081586,28.2155962,0 84.1081184,28.2157912,0 84.1081023,28.2159649,0 84.1081801,28.2161445,0 84.10827260000001,28.2162993,0 84.1084027,28.2164412,0 84.10867759999999,28.2166822,0 84.1087393,28.216876,0 84.1087728,28.2169765,0 84.1088895,28.217214,0 84.1089297,28.2174433,0 84.1089123,28.2178179,0 84.1090397,28.218001,0 84.109324,28.2181346,0 84.1094045,28.2181866,0 84.1095909,28.2182267,0 84.10972769999999,28.2182906,0 84.1098176,28.2184548,0 84.10983899999999,28.2186309,0 84.1098453,28.21873829999999,0 84.10924009999999,28.2189404,0 84.10846359999999,28.2208221,0 84.1071092,28.2220408,0 84.1045664,28.2220625,0 84.10135699999999,28.2223018,0 84.09886349999999,28.2234547,0 84.0977232,28.2244759,0 84.0949552,28.2224512,0 84.0925072,28.220402,0 84.0901533,28.2181738,0 84.0898431,28.2180625,0 84.0896527,28.2175922,0 84.0894918,28.2174314,0 84.0892262,28.2174055,0 84.089119,28.2174385,0 84.0889983,28.2176938,0 84.08898480000001,28.2179963,0 84.0889822,28.2183556,0 84.0889392,28.2185966,0 84.0888413,28.218794,0 84.0886268,28.2190563,0 84.08836119999999,28.2192643,0 84.0880367,28.2194014,0 84.0878087,28.21949830000001,0 84.0875968,28.2195904,0 84.0872602,28.2196436,0 84.0870134,28.2197122,0 84.0867988,28.219724,0 84.08667010000001,28.2198043,0 84.0863777,28.22007380000001,0 84.08630530000001,28.2201517,0 84.0860907,28.2201328,0 84.08601830000001,28.2200643,0 84.0860103,28.2199509,0 84.0859942,28.2197925,0 84.08594050000001,28.2195018,0 84.0858815,28.2194238,0 84.085785,28.2193458,0 84.08567499999999,28.2191993,0 84.0855409,28.2190669,0 84.0854282,28.2189157,0 84.08519219999999,28.2187195,0 84.08516539999999,28.218365,0 84.08513050000001,28.2182516,0 84.08502319999999,28.2180979,0 84.0849776,28.2179136,0 84.0851734,28.217578,0 84.08526999999999,28.2175047,0 84.0853209,28.2174007,0 84.085278,28.2172849,0 84.0851546,28.21718329999999,0 84.084991,28.2169871,0 84.0849132,28.2168808,0 84.08470939999999,28.2166161,0 84.08464499999999,28.2164128,0 84.0846142,28.2156104,0 84.084464,28.2144665,0 84.08417970000001,28.2136298,0 84.0835842,28.2129491,0 84.0828707,28.2124291,0 84.08241750000001,28.2119186,0 84.0799042,28.2112047,0 84.077855,28.2107037,0 84.0765407,28.2105524,0 84.0755537,28.2106186,0 84.0748188,28.2103633,0 84.0743789,28.2103491,0 84.07382629999999,28.2103255,0 84.0735528,28.2103869,0 84.0730914,28.2104768,0 84.0724852,28.2104768,0 84.07182539999999,28.2103491,0 84.0709725,28.2101459,0 84.0705755,28.210004,0 84.0700981,28.2096731,0 84.0697387,28.2096968,0 84.0689769,28.2097015,0 84.0687731,28.2097488,0 84.06796300000001,28.2097771,0 84.06768940000001,28.2105335,0 84.0677377,28.2107509,0 84.06766260000001,28.211096,0 84.0674051,28.2114458,0 84.0673998,28.2118004,0 84.0674588,28.2125591,0 84.0676868,28.2126134,0 84.0681159,28.2125591,0 84.06828489999999,28.2124291,0 84.0689474,28.21228959999999,0 84.0698513,28.212344,0 84.07089740000001,28.2123794,0 84.0721017,28.2123369,0 84.0728312,28.2120367,0 84.0738102,28.2116987,0 84.074623,28.2117247,0 84.07552149999999,28.2119469,0 84.07608740000001,28.2119871,0 84.076351,28.21206099999999,0 84.07692160000001,28.2121939,0 84.0775774,28.2123978,0 84.0780173,28.2125283,0 84.07820940000001,28.2125452,0 84.07844540000001,28.212596,0 84.0786667,28.212661,0 84.0789805,28.2127792,0 84.07919649999999,28.2129056,0 84.0793681,28.2129954,0 84.0797275,28.2129954,0 84.07991869999999,28.2128417,0 84.08021309999999,28.2126196,0 84.08056740000001,28.2124895,0 84.0807089,28.2125754,0 84.08114620000001,28.2130524,0 84.0815568,28.2134871,0 84.0819779,28.2138984,0 84.082097,28.2139727,0 84.0821414,28.2143731,0 84.082167,28.2146464,0 84.08201680000001,28.2150245,0 84.0818237,28.2153932,0 84.081534,28.2157809,0 84.081298,28.21609279999999,0 84.0808152,28.2166979,0 84.0805362,28.2169531,0 84.080032,28.2173218,0 84.0798174,28.2175109,0 84.07931309999999,28.217804,0 84.0788732,28.2182105,0 84.07865870000001,28.2183618,0 84.07841190000001,28.2185508,0 84.0780257,28.2187115,0 84.0777145,28.2188439,0 84.0774892,28.2190141,0 84.0771244,28.2193544,0 84.0765665,28.2194773,0 84.0758155,28.2194773,0 84.0748177,28.21943,0 84.07420620000001,28.2192031,0 84.07331569999999,28.2187872,0 84.0723394,28.2183334,0 84.071701,28.2179411,0 84.07126649999999,28.2177425,0 84.071009,28.2176433,0 84.07063890000001,28.2177189,0 84.0702526,28.2178513,0 84.06981639999999,28.2177967,0 84.06961339999999,28.2176069,0 84.0691368,28.217128,0 84.06867010000001,28.2172037,0 84.0682893,28.2174684,0 84.06818199999999,28.2176433,0 84.0680371,28.2178465,0 84.0678494,28.2180262,0 84.0674417,28.2182909,0 84.0670769,28.2185319,0 84.0665619,28.2186501,0 84.0661381,28.2186737,0 84.06554269999999,28.2186548,0 84.0651082,28.2188061,0 84.0647487,28.2191039,0 84.0644161,28.2195907,0 84.06370269999999,28.220106,0 84.0632521,28.2203896,0 84.0629624,28.2205786,0 84.0627585,28.220919,0 84.0619968,28.2211175,0 84.06101510000001,28.2211175,0 84.0605484,28.2208433,0 84.0599261,28.2206779,0 84.05970309999999,28.220739,0 84.05946969999999,28.220567,0 84.05910230000001,28.2206067,0 84.05885550000001,28.2206256,0 84.0586114,28.2204063,0 84.0583834,28.2201151,0 84.0580106,28.2199497,0 84.05782550000001,28.2197937,0 84.0577243,28.219614,0 84.0575412,28.2194604,0 84.05714829999999,28.2193622,0 84.0568841,28.2193167,0 84.0567054,28.2192621,0 84.0565763,28.219172,0 84.0562913,28.2190484,0 84.0558863,28.2190721,0 84.0555547,28.2191487,0 84.0552184,28.2191981,0 84.0549958,28.2191489,0 84.0548,28.2193115,0 84.0545774,28.2193096,0 84.0544245,28.2194344,0 84.0539873,28.2194136,0 84.0538988,28.219321,0 84.0537056,28.2190563,0 84.0533543,28.2189788,0 84.0531156,28.2188294,0 84.0528688,28.2187632,0 84.05238869999999,28.218818,0 84.0519917,28.2188748,0 84.05171009999999,28.2188861,0 84.0514124,28.2187141,0 84.05105829999999,28.2184683,0 84.05073640000001,28.2183359,0 84.05052190000001,28.2183737,0 84.050208,28.2182527,0 84.0499935,28.2180069,0 84.0498429,28.2177456,0 84.0494999,28.2177044,0 84.04894470000001,28.217608,0 84.0487633,28.2176208,0 84.04856719999999,28.2176625,0 84.0503473,28.2195914,0 84.0523932,28.2218409,0 84.05606520000001,28.2249223,0 84.0558029,28.2265554,0 84.05561059999999,28.2290667,0 84.05352980000001,28.230484,0 84.0527429,28.23231729999999,0 84.0529178,28.2345665,0 84.0540194,28.2372471,0 84.0551035,28.2378941,0 84.0560303,28.2410982,0 84.05679960000001,28.2421457,0 84.0575772,28.2421871,0 84.0576518,28.24286770000001,0 84.05754589999999,28.24304130000001,0 84.05702700000001,28.243948,0 84.05770889999999,28.2450109,0 84.0572368,28.2466437,0 84.058251,28.2479068,0 84.05788750000001,28.248545,0 84.0574915,28.2489592,0 84.05743390000001,28.2490338,0 84.05822619999999,28.2498802,0 84.0591264,28.2502166,0 84.05959780000001,28.2508715,0 84.0608914,28.2514403,0 84.0599996,28.2522804,0 84.0598719,28.2530217,0 84.0602957,28.2533947,0 84.0615935,28.2540484,0 84.0611588,28.2548076,0 84.0611624,28.255771,0 84.0617778,28.2562164,0 84.06219710000001,28.2580534,0 84.0628773,28.2607718,0 84.06138129999999,28.2631546,0 84.0616888,28.264067,0 84.0614824,28.2645728,0 84.0616864,28.2659915,0 84.062117,28.2671057,0 84.0612002,28.2702798,0 84.0614106,28.2714159,0 84.0608593,28.2723156,0 84.0600828,28.2726644,0 84.06015650000001,28.2733319,0 84.0602263,28.2739997,0 84.0597688,28.2748294,0 84.060011,28.2763543,0 84.0604058,28.2768521,0 84.0606749,28.277745,0 84.0601276,28.2779583,0 84.0600918,28.2782586,0 84.06114150000001,28.2792699,0 84.0612491,28.2799178,0 84.06108759999999,28.2805578,0 84.0607826,28.2807395,0 84.0603699,28.2812689,0 84.05968799999999,28.2815217,0 84.0586832,28.282375,0 84.0578398,28.2823671,0 84.05679910000001,28.2834969,0 84.0564761,28.2837498,0 84.0562697,28.2845556,0 84.0556058,28.2851798,0 84.05484319999999,28.2854879,0 84.05400880000001,28.2868942,0 84.0537037,28.2876527,0 84.053393,28.28769670000001,0 84.0527278,28.2879612,0 84.0514403,28.2883769,0 84.0498525,28.2891327,0 84.04814229999999,28.2900973,0 84.0473054,28.2909098,0 84.04609739999999,28.2920236,0 84.044709,28.2931393,0 84.0433843,28.2939236,0 84.04150540000001,28.2945554,0 84.0387116,28.2959262,0 84.0378893,28.2963225,0 84.0372777,28.2964642,0 84.0370272,28.2965024,0 84.036641,28.2964269,0 84.036119,28.2964736,0 84.03573280000001,28.2967381,0 84.03526069999999,28.2969082,0 84.0350638,28.2970692,0 84.03459549999999,28.2978056,0 84.03447749999999,28.2980796,0 84.0343058,28.2982496,0 84.0338407,28.2985146,0 84.03362989999999,28.2987314,0 84.033587,28.2989676,0 84.033469,28.2991754,0 84.0331364,28.2993076,0 84.0327609,28.2994304,0 84.0325034,28.299591,0 84.0323923,28.2998182,0 84.0321601,28.3000634,0 84.0317524,28.3003279,0 84.0310942,28.301084,0 84.03085110000001,28.301537,0 84.0305293,28.3018487,0 84.0304826,28.3021609,0 84.0302181,28.3025666,0 84.02991400000001,28.3030489,0 84.0294956,28.3039746,0 84.02930619999999,28.3043331,0 84.0292096,28.3044653,0 84.0290272,28.3047298,0 84.0289843,28.3050699,0 84.02882339999999,28.305391,0 84.0284264,28.3057972,0 84.0276432,28.3064679,0 84.0272463,28.3067702,0 84.02677420000001,28.3069969,0 84.02636649999999,28.3071197,0 84.0259229,28.3072901,0 84.025712,28.30759189999999,0 84.0256155,28.307932,0 84.0257228,28.308187,0 84.02588369999999,28.3086688,0 84.0256584,28.308971,0 84.0253687,28.30933,0 84.0253328,28.3096421,0 84.02515409999999,28.3100856,0 84.0251327,28.3104445,0 84.0252722,28.3108035,0 84.0255726,28.3111907,0 84.0259695,28.3117102,0 84.0261412,28.3122392,0 84.02600169999999,28.3133443,0 84.0259695,28.3136088,0 84.02576569999999,28.3137882,0 84.02540089999999,28.313996,0 84.0251112,28.314251,0 84.0248071,28.3146104,0 84.0240131,28.315026,0 84.02322289999999,28.3154884,0 84.0229762,28.315715,0 84.02292250000001,28.316159,0 84.0229547,28.3164612,0 84.02300839999999,28.3167162,0 84.0230727,28.3170846,0 84.0231264,28.3174813,0 84.0230298,28.317963,0 84.0230835,28.3186052,0 84.0231247,28.3196771,0 84.02111499999999,28.3215662,0 84.02009320000001,28.3243697,0 84.02009320000001,28.3260338,0 84.02018390000001,28.3283507,0 84.01794,28.3293502,0 84.0176967,28.3306114,0 84.0161827,28.3322058,0 84.0138307,28.3333956,0 84.0124519,28.3341571,0 84.010262,28.3357752,0 84.0079911,28.3373219,0 84.00731519999999,28.3390351,0 84.0058824,28.3409625,0 84.0039629,28.3408435,0 84.0007998,28.3412243,0 83.99885329999999,28.3397728,0 83.9975826,28.3389638,0 83.9977719,28.3373219,0 83.9967175,28.3363225,0 83.9950499,28.3346651,0 83.9945128,28.3344014,0 83.994315,28.3341626,0 83.9943432,28.3338242,0 83.99434890000001,28.3336351,0 83.9942697,28.3334261,0 83.9942132,28.333237,0 83.9941793,28.3330728,0 83.99414539999999,28.3329086,0 83.99402670000001,28.332824,0 83.99387969999999,28.3326797,0 83.9937383,28.3324906,0 83.9936479,28.3323363,0 83.9935122,28.3322069,0 83.99335960000001,28.3321771,0 83.9930882,28.3320776,0 83.99272070000001,28.3319681,0 83.9925511,28.331784,0 83.9924381,28.3316944,0 83.9922911,28.3316397,0 83.9921102,28.3315899,0 83.991884,28.3315352,0 83.9916522,28.3315003,0 83.9914883,28.3314207,0 83.9911774,28.3312117,0 83.99091730000001,28.3310375,0 83.9904859,28.3307204,0 83.99046939999999,28.3304602,0 83.9903928,28.3301807,0 83.9902833,28.3299108,0 83.9902012,28.3297084,0 83.9900698,28.3294819,0 83.9896865,28.32913,0 83.9895058,28.3290144,0 83.9892704,28.3288264,0 83.98913899999999,28.3286963,0 83.9889474,28.32848419999999,0 83.98875580000001,28.3283397,0 83.98853130000001,28.3281758,0 83.9881206,28.3281324,0 83.98752930000001,28.3282529,0 83.9872337,28.3283589,0 83.9870913,28.3284361,0 83.9869052,28.3284601,0 83.9866533,28.3284746,0 83.986407,28.3284409,0 83.9860949,28.3284409,0 83.9857052,28.3284256,0 83.9854534,28.3283292,0 83.9851796,28.328387,0 83.9848894,28.3285027,0 83.9846924,28.3286096,0 83.9842598,28.3284063,0 83.98405169999999,28.328281,0 83.98384369999999,28.328175,0 83.9836083,28.3281268,0 83.98336740000001,28.3281364,0 83.9830881,28.3281557,0 83.9828253,28.3282039,0 83.98254059999999,28.3282328,0 83.981807,28.3283196,0 83.981588,28.3283533,0 83.9814073,28.3282762,0 83.9812814,28.3281461,0 83.98111710000001,28.3280497,0 83.9809419,28.3279388,0 83.98076399999999,28.327859,0 83.9805258,28.3280256,0 83.9802466,28.328175,0 83.9797757,28.3282473,0 83.9795074,28.3282135,0 83.9793815,28.3281316,0 83.9791738,28.3279693,0 83.9788537,28.3280147,0 83.97828320000001,28.3280994,0 83.97788009999999,28.3281764,0 83.97748319999999,28.3282854,0 83.9770189,28.328549,0 83.976792,28.328647,0 83.97662269999999,28.3286835,0 83.9762954,28.3289092,0 83.9758901,28.3294202,0 83.9756373,28.3295938,0 83.9752012,28.32982000000001,0 83.9747941,28.3299334,0 83.97439730000001,28.3300418,0 83.9739716,28.3301093,0 83.9736479,28.3301546,0 83.97336060000001,28.3301984,0 83.9730969,28.3302615,0 83.9728482,28.3302087,0 83.97250289999999,28.3301488,0 83.971953,28.3298389,0 83.9717115,28.3297566,0 83.9713575,28.3296513,0 83.97090590000001,28.3295831,0 83.9705842,28.329377,0 83.9701977,28.3290633,0 83.9699382,28.3288758,0 83.9695498,28.328434,0 83.9694648,28.3283098,0 83.9693832,28.3281729,0 83.9692397,28.3280191,0 83.969027,28.32803910000001,0 83.9686837,28.3281452,0 83.9684547,28.3284294,0 83.96804059999999,28.3282787,0 83.96776149999999,28.3283474,0 83.9674394,28.3284105,0 83.9670847,28.3285285,0 83.96682629999999,28.3286319,0 83.9664485,28.32871069999999,0 83.9661852,28.3287448,0 83.96596839999999,28.3286494,0 83.96585229999999,28.3284109,0 83.965891,28.3282336,0 83.9660691,28.3280633,0 83.9662627,28.3279951,0 83.96650270000001,28.327777,0 83.966464,28.3275316,0 83.96595430000001,28.3271474,0 83.96559379999999,28.3269607,0 83.9654029,28.326662,0 83.96538169999999,28.3263166,0 83.9655301,28.3259525,0 83.9656044,28.3254578,0 83.96538169999999,28.3246456,0 83.9651908,28.3242162,0 83.96518020000001,28.3239455,0 83.96528619999999,28.3236374,0 83.9655932,28.3232522,0 83.9655612,28.322855,0 83.9653264,28.3225374,0 83.9650635,28.3223865,0 83.9648408,28.3222372,0 83.9645439,28.3219291,0 83.96426820000001,28.321453,0 83.9640879,28.3207715,0 83.96413029999999,28.3203141,0 83.9641409,28.31995,0 83.9641091,28.3196419,0 83.96398189999999,28.3192965,0 83.96376979999999,28.3190911,0 83.9635895,28.3189978,0 83.9633244,28.3188951,0 83.9630911,28.318727,0 83.9629108,28.3184937,0 83.9627517,28.3182603,0 83.9624972,28.3179335,0 83.96210480000001,28.317112,0 83.9622639,28.3167106,0 83.9623275,28.3163745,0 83.9622957,28.3160104,0 83.9622109,28.315749,0 83.96203060000001,28.3155809,0 83.96150040000001,28.3151795,0 83.9614473,28.3148434,0 83.9614473,28.3144886,0 83.96119280000001,28.3140218,0 83.9607792,28.313611,0 83.9604611,28.3131723,0 83.9600157,28.3127801,0 83.95978239999999,28.3124907,0 83.959687,28.3121826,0 83.9596339,28.3117438,0 83.95950670000001,28.3114077,0 83.95905070000001,28.3110249,0 83.9576397,28.31028,0 83.9574215,28.31006349999999,0 83.9566806,28.3096211,0 83.9564081,28.3094937,0 83.9561867,28.3089464,0 83.95596519999999,28.3080916,0 83.9549689,28.3077168,0 83.9548582,28.3074843,0 83.9549178,28.30709450000001,0 83.9543302,28.3064122,0 83.95379370000001,28.3060523,0 83.95242260000001,28.3058873,0 83.95168169999999,28.3058273,0 83.95139210000001,28.3055649,0 83.951324,28.3053775,0 83.9508897,28.3052425,0 83.9498167,28.30528,0 83.94919849999999,28.30546379999999,0 83.948931,28.3056849,0 83.9483434,28.3060223,0 83.9480879,28.3060073,0 83.9479649,28.3061581,0 83.9478007,28.3061838,0 83.94751119999999,28.3062557,0 83.94738,28.3059582,0 83.94731,28.3056486,0 83.9467076,28.3043602,0 83.9465228,28.3040991,0 83.9458813,28.3039639,0 83.9450808,28.3041408,0 83.9444463,28.3040732,0 83.9438047,28.303715,0 83.9431984,28.3025532,0 83.9429655,28.3020704,0 83.9427931,28.3013355,0 83.9428015,28.3003039,0 83.94255560000001,28.3000702,0 83.9419429,28.2997862,0 83.9409314,28.2995273,0 83.93994290000001,28.2988962,0 83.93922600000001,28.2987299,0 83.93805,28.2988501,0 83.9361401,28.2986009,0 83.93540710000001,28.2983654,0 83.9347459,28.2980081,0 83.934628,28.2974601,0 83.93480769999999,28.2969558,0 83.9356386,28.2959841,0 83.93575010000001,28.2953876,0 83.9355121,28.2950519,0 83.93417359999999,28.2939856,0 83.9335746,28.293642,0 83.9330777,28.2934999,0 83.9325781,28.2933602,0 83.9322166,28.2933682,0 83.9319119,28.2935621,0 83.9316524,28.2940322,0 83.9309811,28.2946344,0 83.93055889999999,28.2953179,0 83.9304357,28.2958352,0 83.93063840000001,28.2967334,0 83.9305253,28.2970723,0 83.9303111,28.2972554,0 83.9300927,28.2973699,0 83.9297139,28.2974352,0 83.9294737,28.29753240000001,0 83.92888720000001,28.2977042,0 83.92791250000001,28.29800120000001,0 83.9271177,28.2982935,0 83.9268071,28.2988278,0 83.9265855,28.2996722,0 83.9263263,28.3002066,0 83.92577,28.3007836,0 83.9254184,28.3011278,0 83.92479520000001,28.3015079,0 83.9242433,28.3015451,0 83.9236597,28.3014772,0 83.92310139999999,28.3012051,0 83.92205869999999,28.3005529,0 83.920942,28.3000764,0 83.920205,28.2998738,0 83.9194609,28.2998317,0 83.9186181,28.2999115,0 83.91786089999999,28.2990214,0 83.9163588,28.2973747,0 83.9138547,28.2962202,0 83.912459,28.2956281,0 83.91071530000001,28.2946312,0 83.9104449,28.2936761,0 83.9101017,28.2931955,0 83.9092723,28.2928667,0 83.9084481,28.2924404,0 83.9073588,28.29205749999999,0 83.905579,28.2937371,0 83.90192589999999,28.29337719999999,0 83.9002739,28.2927773,0 83.89847109999999,28.2925112,0 83.89780279999999,28.292374,0 83.8967425,28.292549,0 83.89648320000001,28.2927897,0 83.8957777,28.294037,0 83.8950198,28.2943369,0 83.8941768,28.2951018,0 83.8930187,28.2965639,0 83.89188609999999,28.2965789,0 83.8904811,28.2970587,0 83.88812230000001,28.29769599999999,0 83.8853122,28.2976136,0 83.881097,28.2935796,0 83.878619,28.2918925,0 83.8782188,28.2913302,0 83.8770142,28.2902047,0 83.87735549999999,28.2902761,0 83.87785460000001,28.2904226,0 83.8781276,28.2904424,0 83.8788017,28.2904808,0 83.8792689,28.2902441,0 83.8798575,28.2899041,0 83.87942889999999,28.2891919,0 83.878334,28.2877397,0 83.87727959999999,28.2854423,0 83.8768606,28.2823831,0 83.8778338,28.2818832,0 83.87951,28.2815737,0 83.8823757,28.2803594,0 83.884187,28.2789986,0 83.88299910000001,28.2777313,0 83.88280690000001,28.277201,0 83.8834399,28.275908,0 83.8816482,28.2744529,0 83.88143359999999,28.2728182,0 83.8819057,28.2704087,0 83.8819057,28.2677535,0 83.8830858,28.2665723,0 83.88347210000001,28.2657219,0 83.88244210000001,28.2648525,0 83.8823885,28.26421940000001,0 83.8824528,28.2600047,0 83.8822275,28.2583604,0 83.8808542,28.2568106,0 83.87909689999999,28.2559175,0 83.8777461,28.2551354,0 83.8775289,28.2557544,0 83.8770348,28.2566056,0 83.8767623,28.2567898,0 83.8762768,28.2571049,0 83.87594470000001,28.25735239999999,0 83.8755997,28.2576,0 83.87502480000001,28.2582753,0 83.8748155,28.258555,0 83.8737855,28.2587479,0 83.87345329999999,28.2587367,0 83.872955,28.2586016,0 83.8722906,28.2585341,0 83.8718051,28.2586129,0 83.87117910000001,28.258928,0 83.8707447,28.2592431,0 83.87058209999999,28.2594183,0 83.8704264,28.2594806,0 83.869945,28.2597543,0 83.86941539999999,28.25988329999999,0 83.8691556,28.2599558,0 83.86815919999999,28.26011799999999,0 83.8678377,28.2605321,0 83.8675959,28.2609909,0 83.8673896,28.2611786,0 83.8668737,28.2614609,0 83.866158,28.26189889999999,0 83.8658769,28.2621014,0 83.8649826,28.2624278,0 83.8640754,28.263103,0 83.8631683,28.264037,0 83.8623123,28.2647009,0 83.86136689999999,28.2651848,0 83.8610091,28.2652748,0 83.86068969999999,28.2654661,0 83.8604583,28.265598,0 83.86005609999999,28.2657779,0 83.85962379999999,28.2658805,0 83.8592843,28.2659837,0 83.859131,28.2661525,0 83.8591867,28.2666258,0 83.8591201,28.2668118,0 83.85893799999999,28.2669451,0 83.85860719999999,28.2670078,0 83.8583644,28.2669402,0 83.8582365,28.2668605,0 83.85805070000001,28.2667803,0 83.85755949999999,28.2664114,0 83.857292,28.2660616,0 83.8569097,28.2658204,0 83.8566955,28.26582700000001,0 83.85667170000001,28.2658591,0 83.8563458,28.2662988,0 83.8561797,28.2664001,0 83.8560519,28.2666702,0 83.8559625,28.266974,0 83.85571969999999,28.2670415,0 83.8552725,28.267064,0 83.8548509,28.26707529999999,0 83.85438720000001,28.2668626,0 83.85380960000001,28.2665839,0 83.8532962,28.2663764,0 83.8529927,28.2662887,0 83.8529365,28.2661936,0 83.8528673,28.2660972,0 83.8526868,28.2659594,0 83.8524896,28.265976,0 83.8525233,28.2661161,0 83.8524132,28.2661646,0 83.85229219999999,28.2662664,0 83.8521738,28.2662906,0 83.8520472,28.2662567,0 83.85182709999999,28.2661839,0 83.8517033,28.2661646,0 83.8515106,28.266213,0 83.8513538,28.2662882,0 83.85125189999999,28.266453,0 83.8511171,28.2666057,0 83.85106759999999,28.2666808,0 83.8509052,28.2667075,0 83.85058789999999,28.2667689,0 83.850297,28.2667317,0 83.85002729999999,28.2666566,0 83.84986499999999,28.2665378,0 83.8497466,28.26647000000001,0 83.849598,28.2664069,0 83.84925130000001,28.2661258,0 83.84912749999999,28.2659125,0 83.8490449,28.2658083,0 83.8487587,28.2656313,0 83.8487133,28.2655181,0 83.8487009,28.2654236,0 83.84878809999999,28.2652666,0 83.8487768,28.2650865,0 83.8484394,28.2647462,0 83.8480769,28.2641355,0 83.8468855,28.2634075,0 83.8466525,28.2634065,0 83.8461892,28.2628919,0 83.8456896,28.2626982,0 83.8454488,28.2625889,0 83.8451728,28.2625702,0 83.8447275,28.2627254,0 83.8443663,28.2627822,0 83.8436269,28.2628053,0 83.8431143,28.2627858,0 83.8427125,28.2626673,0 83.842281,28.2626165,0 83.8421317,28.2626509,0 83.841919,28.2627167,0 83.8417401,28.2626816,0 83.8409443,28.2628603,0 83.84071419999999,28.2628727,0 83.8405078,28.2629088,0 83.8402289,28.2632745,0 83.8400793,28.2633664,0 83.83975220000001,28.2635473,0 83.839591,28.2635832,0 83.8388021,28.2636307,0 83.8383939,28.2634696,0 83.83797180000001,28.2642005,0 83.8376883,28.2643741,0 83.83720769999999,28.264537,0 83.8367112,28.2650231,0 83.8362862,28.2651847,0 83.8361975,28.2657851,0 83.8364979,28.2665222,0 83.83666959999999,28.2673159,0 83.836219,28.2682797,0 83.82632700000001,28.2673915,0 83.82272209999999,28.2676561,0 83.82177830000001,28.26690139999999,0 83.82107019999999,28.2665045,0 83.8201153,28.2659328,0 83.8196808,28.2654414,0 83.8191712,28.2651249,0 83.8190317,28.2643122,0 83.8191336,28.2638633,0 83.81941260000001,28.2634617,0 83.8196003,28.262753,0 83.81968620000001,28.2621104,0 83.8198793,28.2615245,0 83.8205064,28.2605599,0 83.8222435,28.2566446,0 83.8222725,28.2554601,0 83.8223121,28.2537044,0 83.82238839999999,28.25073069999999,0 83.8093464,28.24085820000001,0 83.8038754,28.2347335,0 83.8011719,28.2321232,0 83.79871850000001,28.2286575,0 
						</coordinates>
					</LinearRing>
				</outerBoundaryIs>
			</Polygon>
		</Placemark>
	</Folder>
	<Folder id="0CFB116C8B40D2B0CDD8">
		<name>Builtup</name>
		<styleUrl>#__managed_style_0BC0B55BB440D2A9E73C</styleUrl>
		<Placemark id="05EE58F53440D2B14A44">
			<name>Untitled placemark</name>
			<LookAt>
				<longitude>83.99725099245698</longitude>
				<latitude>28.20036522433365</latitude>
				<altitude>830.0534875107836</altitude>
				<heading>0.0003950269593220258</heading>
				<tilt>0</tilt>
				<gx:fovy>35</gx:fovy>
				<range>304.9023393921379</range>
				<altitudeMode>absolute</altitudeMode>
			</LookAt>
			<styleUrl>#__managed_style_0742E59FFE40D795B57C</styleUrl>
			<Point>
				<coordinates>83.99711078519107,28.2001584553786,829.1767355539642</coordinates>
			</Point>
		</Placemark>
		<Placemark id="0E9A93FCFD40D79692F8">
			<name>Untitled placemark</name>
			<LookAt>
				<longitude>83.96987613165007</longitude>
				<latitude>28.31592541333494</latitude>
				<altitude>1438.336561620602</altitude>
				<heading>43.3458969031417</heading>
				<tilt>37.02099753718358</tilt>
				<gx:fovy>30</gx:fovy>
				<range>152.7408085664684</range>
				<altitudeMode>absolute</altitudeMode>
			</LookAt>
			<styleUrl>#__managed_style_0742E59FFE40D795B57C</styleUrl>
			<Point>
				<coordinates>83.96970948146031,28.31592309076879,1433.909457061919</coordinates>
			</Point>
		</Placemark>
		<Placemark id="09F03BE22140D7977D74">
			<name>Untitled placemark</name>
			<LookAt>
				<longitude>83.96328707803211</longitude>
				<latitude>28.31637150256603</latitude>
				<altitude>1218.40662819543</altitude>
				<heading>43.34354480325445</heading>
				<tilt>37.02098893070946</tilt>
				<gx:fovy>30</gx:fovy>
				<range>151.1457841225274</range>
				<altitudeMode>absolute</altitudeMode>
			</LookAt>
			<styleUrl>#__managed_style_0742E59FFE40D795B57C</styleUrl>
			<Point>
				<coordinates>83.96319615988502,28.31634975672473,1215.491726369802</coordinates>
			</Point>
		</Placemark>
		<Placemark id="06CA745F0040D797E17C">
			<name>Untitled placemark</name>
			<LookAt>
				<longitude>83.96411686078515</longitude>
				<latitude>28.31062028061096</latitude>
				<altitude>1316.696415497569</altitude>
				<heading>43.34471283827006</heading>
				<tilt>37.02079035274122</tilt>
				<gx:fovy>30</gx:fovy>
				<range>114.467175191694</range>
				<altitudeMode>absolute</altitudeMode>
			</LookAt>
			<styleUrl>#__managed_style_0742E59FFE40D795B57C</styleUrl>
			<Point>
				<coordinates>83.96410140954717,28.31058676608554,1316.04582209712</coordinates>
			</Point>
		</Placemark>
		<Placemark id="0D4746025240D7985A63">
			<name>Untitled placemark</name>
			<LookAt>
				<longitude>83.96270553147741</longitude>
				<latitude>28.28756420695063</latitude>
				<altitude>1203.830689487275</altitude>
				<heading>43.34363976955884</heading>
				<tilt>37.02070016419131</tilt>
				<gx:fovy>30</gx:fovy>
				<range>97.80598106952311</range>
				<altitudeMode>absolute</altitudeMode>
			</LookAt>
			<styleUrl>#__managed_style_0742E59FFE40D795B57C</styleUrl>
			<Point>
				<coordinates>83.96274196491203,28.28740406988057,1208.439007334153</coordinates>
			</Point>
		</Placemark>
		<Placemark id="046172DC5F40D798FE74">
			<name>Untitled placemark</name>
			<LookAt>
				<longitude>83.98760007115312</longitude>
				<latitude>28.32331349587957</latitude>
				<altitude>1482.92539331013</altitude>
				<heading>43.37818706286772</heading>
				<tilt>37.02052036360879</tilt>
				<gx:fovy>30</gx:fovy>
				<range>64.5969776412494</range>
				<altitudeMode>absolute</altitudeMode>
			</LookAt>
			<styleUrl>#__managed_style_0742E59FFE40D795B57C</styleUrl>
			<Point>
				<coordinates>83.98762781221197,28.32328334213213,1485.044236866778</coordinates>
			</Point>
		</Placemark>
		<Placemark id="000DA2E89F40D79A2FF1">
			<name>Untitled placemark</name>
			<LookAt>
				<longitude>84.02896125154626</longitude>
				<latitude>28.27411973482612</latitude>
				<altitude>1495.751345138421</altitude>
				<heading>43.41397643296764</heading>
				<tilt>37.02087580684375</tilt>
				<gx:fovy>30</gx:fovy>
				<range>130.2557674643685</range>
				<altitudeMode>absolute</altitudeMode>
			</LookAt>
			<styleUrl>#__managed_style_0742E59FFE40D795B57C</styleUrl>
			<Point>
				<coordinates>84.02877872806634,28.27410608241682,1500.716644932254</coordinates>
			</Point>
		</Placemark>
		<Placemark id="01D4CE673A40D79ACADC">
			<name>Untitled placemark</name>
			<LookAt>
				<longitude>84.03721142107479</longitude>
				<latitude>28.26974708487139</latitude>
				<altitude>1608.191762248562</altitude>
				<heading>43.42413196705729</heading>
				<tilt>37.02077261310893</tilt>
				<gx:fovy>30</gx:fovy>
				<range>111.1954484436683</range>
				<altitudeMode>absolute</altitudeMode>
			</LookAt>
			<styleUrl>#__managed_style_0742E59FFE40D795B57C</styleUrl>
			<Point>
				<coordinates>84.03725647445243,28.26975711093222,1608.678823628167</coordinates>
			</Point>
		</Placemark>
		<Placemark id="0EA6BE660540D79B4EE3">
			<name>Untitled placemark</name>
			<LookAt>
				<longitude>84.04569663111545</longitude>
				<latitude>28.26472822571174</latitude>
				<altitude>1213.800454864986</altitude>
				<heading>43.42694956323266</heading>
				<tilt>37.02088173044458</tilt>
				<gx:fovy>30</gx:fovy>
				<range>131.344199119103</range>
				<altitudeMode>absolute</altitudeMode>
			</LookAt>
			<styleUrl>#__managed_style_0742E59FFE40D795B57C</styleUrl>
			<Point>
				<coordinates>84.045891518761,28.26452999964247,1197.86318311637</coordinates>
			</Point>
		</Placemark>
		<Placemark id="0DE2F644FC40D79BA019">
			<name>Untitled placemark</name>
			<LookAt>
				<longitude>84.03240995414329</longitude>
				<latitude>28.25503191667191</latitude>
				<altitude>1385.4247976175</altitude>
				<heading>43.42325810174843</heading>
				<tilt>37.02087500700074</tilt>
				<gx:fovy>30</gx:fovy>
				<range>130.1057852189115</range>
				<altitudeMode>absolute</altitudeMode>
			</LookAt>
			<styleUrl>#__managed_style_0742E59FFE40D795B57C</styleUrl>
			<Point>
				<coordinates>84.03216520902234,28.25504009337654,1395.37033168509</coordinates>
			</Point>
		</Placemark>
		<Placemark id="032CCCA8DC40D79BED9B">
			<name>Untitled placemark</name>
			<LookAt>
				<longitude>84.03534778651098</longitude>
				<latitude>28.25011946526338</latitude>
				<altitude>1343.232163131006</altitude>
				<heading>43.42348228361987</heading>
				<tilt>37.02097737788915</tilt>
				<gx:fovy>30</gx:fovy>
				<range>149.0147661045922</range>
				<altitudeMode>absolute</altitudeMode>
			</LookAt>
			<styleUrl>#__managed_style_0742E59FFE40D795B57C</styleUrl>
			<Point>
				<coordinates>84.03541923212899,28.2498979047516,1346.443243701311</coordinates>
			</Point>
		</Placemark>
		<Placemark id="0B84C5554640D79CDD06">
			<name>Untitled placemark</name>
			<LookAt>
				<longitude>84.00516018246078</longitude>
				<latitude>28.25578256535572</latitude>
				<altitude>1139.998235263791</altitude>
				<heading>56.00592060224463</heading>
				<tilt>54.28532372080377</tilt>
				<gx:fovy>30</gx:fovy>
				<range>201.0491951728546</range>
				<altitudeMode>absolute</altitudeMode>
			</LookAt>
			<styleUrl>#__managed_style_0742E59FFE40D795B57C</styleUrl>
			<Point>
				<coordinates>84.00448813424967,28.2556298658811,1162.026183601039</coordinates>
			</Point>
		</Placemark>
		<Placemark id="00C26ECA0240D79D1829">
			<name>Untitled placemark</name>
			<LookAt>
				<longitude>84.00878788663545</longitude>
				<latitude>28.2539946301203</latitude>
				<altitude>983.0948425743222</altitude>
				<heading>56.00668517277605</heading>
				<tilt>54.28539313292595</tilt>
				<gx:fovy>30</gx:fovy>
				<range>210.5519645551612</range>
				<altitudeMode>absolute</altitudeMode>
			</LookAt>
			<styleUrl>#__managed_style_0742E59FFE40D795B57C</styleUrl>
			<Point>
				<coordinates>84.00907312355331,28.25365970980383,977.5243059388443</coordinates>
			</Point>
		</Placemark>
		<Placemark id="0B60F0694F40D79DADE6">
			<name>Untitled placemark</name>
			<LookAt>
				<longitude>84.00477431645869</longitude>
				<latitude>28.25072105387222</latitude>
				<altitude>945.6114287732182</altitude>
				<heading>56.00542500487385</heading>
				<tilt>54.28465273050173</tilt>
				<gx:fovy>30</gx:fovy>
				<range>109.1350062157835</range>
				<altitudeMode>absolute</altitudeMode>
			</LookAt>
			<styleUrl>#__managed_style_0742E59FFE40D795B57C</styleUrl>
			<Point>
				<coordinates>84.0046150182188,28.25051468861908,945.9245266250317</coordinates>
			</Point>
		</Placemark>
		<Placemark id="01DC56093D40D79E047B">
			<name>Untitled placemark</name>
			<LookAt>
				<longitude>84.00381409817113</longitude>
				<latitude>28.24631619260798</latitude>
				<altitude>950.1176673670504</altitude>
				<heading>56.00530476753117</heading>
				<tilt>54.28465558016674</tilt>
				<gx:fovy>30</gx:fovy>
				<range>109.5254096993995</range>
				<altitudeMode>absolute</altitudeMode>
			</LookAt>
			<styleUrl>#__managed_style_0742E59FFE40D795B57C</styleUrl>
			<Point>
				<coordinates>84.00363007184031,28.24631859046212,950.1605339254036</coordinates>
			</Point>
		</Placemark>
		<Placemark id="070F321BC340D79E5808">
			<name>Untitled placemark</name>
			<LookAt>
				<longitude>84.00502322723324</longitude>
				<latitude>28.2346412773871</latitude>
				<altitude>1110.92640278888</altitude>
				<heading>56.00557766580116</heading>
				<tilt>54.28507909966243</tilt>
				<gx:fovy>30</gx:fovy>
				<range>167.5407371608526</range>
				<altitudeMode>absolute</altitudeMode>
			</LookAt>
			<styleUrl>#__managed_style_0742E59FFE40D795B57C</styleUrl>
			<Point>
				<coordinates>84.00502788235622,28.23449149580838,1105.586250727128</coordinates>
			</Point>
		</Placemark>
		<Placemark id="05766D858C40D799846C">
			<name>Untitled placemark</name>
			<LookAt>
				<longitude>84.01865659344001</longitude>
				<latitude>28.30922137164865</latitude>
				<altitude>2023.901463401556</altitude>
				<heading>43.39907800916347</heading>
				<tilt>37.02059290024388</tilt>
				<gx:fovy>30</gx:fovy>
				<range>78.00279101734304</range>
				<altitudeMode>absolute</altitudeMode>
			</LookAt>
			<styleUrl>#__managed_style_0742E59FFE40D795B57C</styleUrl>
			<Point>
				<coordinates>84.01856741611397,28.30923296177894,2026.457306623065</coordinates>
			</Point>
		</Placemark>
		<Placemark id="05CAD868CF40D7A178F0">
			<name>Untitled placemark</name>
			<LookAt>
				<longitude>83.88933881291658</longitude>
				<latitude>28.29075631453527</latitude>
				<altitude>1129.805597760234</altitude>
				<heading>55.94789725020607</heading>
				<tilt>54.28546601488345</tilt>
				<gx:fovy>30</gx:fovy>
				<range>220.5400265128628</range>
				<altitudeMode>absolute</altitudeMode>
			</LookAt>
			<styleUrl>#__managed_style_0742E59FFE40D795B57C</styleUrl>
			<Point>
				<coordinates>83.8890529734218,28.29061779030689,1126.137473139909</coordinates>
			</Point>
		</Placemark>
		<Placemark id="0AE6DBB99440D7A2573B">
			<name>Untitled placemark</name>
			<LookAt>
				<longitude>83.89442876211118</longitude>
				<latitude>28.27481285203506</latitude>
				<altitude>1565.86894529633</altitude>
				<heading>55.95098566931988</heading>
				<tilt>54.28579384307402</tilt>
				<gx:fovy>30</gx:fovy>
				<range>265.4633594991537</range>
				<altitudeMode>absolute</altitudeMode>
			</LookAt>
			<styleUrl>#__managed_style_0742E59FFE40D795B57C</styleUrl>
			<Point>
				<coordinates>83.89411430932849,28.27484379761785,1561.149533677684</coordinates>
			</Point>
		</Placemark>
		<Placemark id="094D2360F040D79FD134">
			<name>Untitled placemark</name>
			<LookAt>
				<longitude>83.93514161588523</longitude>
				<latitude>28.28201540000511</latitude>
				<altitude>1102.022540123859</altitude>
				<heading>55.969734381989</heading>
				<tilt>54.2862762649548</tilt>
				<gx:fovy>30</gx:fovy>
				<range>331.5247789895511</range>
				<altitudeMode>absolute</altitudeMode>
			</LookAt>
			<styleUrl>#__managed_style_0742E59FFE40D795B57C</styleUrl>
			<Point>
				<coordinates>83.93467814994003,28.28132162851555,1099.50882581776</coordinates>
			</Point>
		</Placemark>
		<Placemark id="007E27D12D40D7A01D44">
			<name>Untitled placemark</name>
			<LookAt>
				<longitude>83.93666381869741</longitude>
				<latitude>28.28000554369504</latitude>
				<altitude>1094.034235248417</altitude>
				<heading>55.96995533235495</heading>
				<tilt>54.28531064909143</tilt>
				<gx:fovy>30</gx:fovy>
				<range>199.2572422559533</range>
				<altitudeMode>absolute</altitudeMode>
			</LookAt>
			<styleUrl>#__managed_style_0742E59FFE40D795B57C</styleUrl>
			<Point>
				<coordinates>83.93622904691158,28.28040800968416,1096.5453330944</coordinates>
			</Point>
		</Placemark>
		<Placemark id="0AC428167D40D7A04D78">
			<name>Untitled placemark</name>
			<LookAt>
				<longitude>83.93304760751744</longitude>
				<latitude>28.27830679919439</latitude>
				<altitude>1094.667137553952</altitude>
				<heading>55.96824756712602</heading>
				<tilt>54.28430723537662</tilt>
				<gx:fovy>30</gx:fovy>
				<range>61.81269319095918</range>
				<altitudeMode>absolute</altitudeMode>
			</LookAt>
			<styleUrl>#__managed_style_0742E59FFE40D795B57C</styleUrl>
			<Point>
				<coordinates>83.93299899570056,28.27829337935098,1094.642668936561</coordinates>
			</Point>
		</Placemark>
		<Placemark id="0CBBAE153A40D7A0E631">
			<name>Untitled placemark</name>
			<LookAt>
				<longitude>83.92278937180342</longitude>
				<latitude>28.28384696699903</latitude>
				<altitude>1079.931213611611</altitude>
				<heading>55.96351132322781</heading>
				<tilt>54.28505357441286</tilt>
				<gx:fovy>30</gx:fovy>
				<range>164.0435619038544</range>
				<altitudeMode>absolute</altitudeMode>
			</LookAt>
			<styleUrl>#__managed_style_0742E59FFE40D795B57C</styleUrl>
			<Point>
				<coordinates>83.92273002286011,28.28379691348198,1080.046636852557</coordinates>
			</Point>
		</Placemark>
		<Placemark id="083DABAABE40D7A6A38C">
			<name>Untitled placemark</name>
			<LookAt>
				<longitude>83.87125519620237</longitude>
				<latitude>28.24533871690959</latitude>
				<altitude>820.6160925124177</altitude>
				<heading>41.86944117478789</heading>
				<tilt>27.4885360719566</tilt>
				<gx:fovy>30</gx:fovy>
				<range>214.0242702480464</range>
				<altitudeMode>absolute</altitudeMode>
			</LookAt>
			<styleUrl>#__managed_style_0742E59FFE40D795B57C</styleUrl>
			<Point>
				<coordinates>83.87095784979189,28.24557136489025,824.1198410944691</coordinates>
			</Point>
		</Placemark>
		<Placemark id="005A74A6D240D7A7461C">
			<name>Untitled placemark</name>
			<LookAt>
				<longitude>83.84686231662613</longitude>
				<latitude>28.25278127437004</latitude>
				<altitude>1528.861337384704</altitude>
				<heading>41.86356836483848</heading>
				<tilt>27.48843060345713</tilt>
				<gx:fovy>30</gx:fovy>
				<range>188.6332449158181</range>
				<altitudeMode>absolute</altitudeMode>
			</LookAt>
			<styleUrl>#__managed_style_0742E59FFE40D795B57C</styleUrl>
			<Point>
				<coordinates>83.84661498182682,28.25299594745294,1530.100797824805</coordinates>
			</Point>
		</Placemark>
		<Placemark id="0DE2EA183D40D7A7F104">
			<name>Untitled placemark</name>
			<LookAt>
				<longitude>83.82257755377434</longitude>
				<latitude>28.26529510245693</latitude>
				<altitude>1605.476114955572</altitude>
				<heading>41.84654754244546</heading>
				<tilt>27.48888372336403</tilt>
				<gx:fovy>30</gx:fovy>
				<range>297.8254534468215</range>
				<altitudeMode>absolute</altitudeMode>
			</LookAt>
			<styleUrl>#__managed_style_0742E59FFE40D795B57C</styleUrl>
			<Point>
				<coordinates>83.82180770671565,28.2654747814788,1624.15620469345</coordinates>
			</Point>
		</Placemark>
		<Placemark id="0D662BD3E140D7A83887">
			<name>Untitled placemark</name>
			<LookAt>
				<longitude>83.83156297491168</longitude>
				<latitude>28.26455888518541</latitude>
				<altitude>1374.377739063953</altitude>
				<heading>41.84959903900743</heading>
				<tilt>27.48838703075008</tilt>
				<gx:fovy>30</gx:fovy>
				<range>178.129214829969</range>
				<altitudeMode>absolute</altitudeMode>
			</LookAt>
			<styleUrl>#__managed_style_0742E59FFE40D795B57C</styleUrl>
			<Point>
				<coordinates>83.83118370006318,28.26467168372812,1390.291953670521</coordinates>
			</Point>
		</Placemark>
		<Placemark id="06CF38F8CF40D7A8AA66">
			<name>Untitled placemark</name>
			<LookAt>
				<longitude>83.83372738830673</longitude>
				<latitude>28.25338824035169</latitude>
				<altitude>1657.757302468082</altitude>
				<heading>41.85030798517717</heading>
				<tilt>27.48847041259564</tilt>
				<gx:fovy>30</gx:fovy>
				<range>198.2301269403252</range>
				<altitudeMode>absolute</altitudeMode>
			</LookAt>
			<styleUrl>#__managed_style_0742E59FFE40D795B57C</styleUrl>
			<Point>
				<coordinates>83.83338209564639,28.25337392320504,1663.294092687235</coordinates>
			</Point>
		</Placemark>
		<Placemark id="0C43B9F11D40D7A960D0">
			<name>Untitled placemark</name>
			<LookAt>
				<longitude>83.84069763019916</longitude>
				<latitude>28.24041165549287</latitude>
				<altitude>1250.707823457712</altitude>
				<heading>41.85041998915592</heading>
				<tilt>27.4884668782627</tilt>
				<gx:fovy>30</gx:fovy>
				<range>197.3658342601993</range>
				<altitudeMode>absolute</altitudeMode>
			</LookAt>
			<styleUrl>#__managed_style_0742E59FFE40D795B57C</styleUrl>
			<Point>
				<coordinates>83.84056692878357,28.24052166155083,1254.601747398593</coordinates>
			</Point>
		</Placemark>
		<Placemark id="0FCFA9866540D7A9CB7C">
			<name>Untitled placemark</name>
			<LookAt>
				<longitude>83.82301315371778</longitude>
				<latitude>28.22285632421</latitude>
				<altitude>1719.614997629152</altitude>
				<heading>41.8616044671829</heading>
				<tilt>27.48847667747643</tilt>
				<gx:fovy>30</gx:fovy>
				<range>199.7417699705693</range>
				<altitudeMode>absolute</altitudeMode>
			</LookAt>
			<styleUrl>#__managed_style_0742E59FFE40D795B57C</styleUrl>
			<Point>
				<coordinates>83.82285854069357,28.22263637230924,1729.49168190647</coordinates>
			</Point>
		</Placemark>
		<Placemark id="05396C864A40D7AE4C1C">
			<name>Untitled placemark</name>
			<LookAt>
				<longitude>83.84978206369968</longitude>
				<latitude>28.22821250305421</latitude>
				<altitude>1449.617140018973</altitude>
				<heading>41.87853442683424</heading>
				<tilt>27.48964427441026</tilt>
				<gx:fovy>30</gx:fovy>
				<range>481.0864437286365</range>
				<altitudeMode>absolute</altitudeMode>
			</LookAt>
			<styleUrl>#__managed_style_0E7730D43A40D7AF189C</styleUrl>
			<Point>
				<coordinates>83.84967260924961,28.22783585646917,1457.026033046363</coordinates>
			</Point>
		</Placemark>
		<Placemark id="0190F43AA640D7B17200">
			<name>Untitled placemark</name>
			<LookAt>
				<longitude>83.88380397130356</longitude>
				<latitude>28.21056997958792</latitude>
				<altitude>1526.334596987665</altitude>
				<heading>41.90268587981951</heading>
				<tilt>27.48830436841734</tilt>
				<gx:fovy>30</gx:fovy>
				<range>158.2143724872731</range>
				<altitudeMode>absolute</altitudeMode>
			</LookAt>
			<styleUrl>#__managed_style_0E7730D43A40D7AF189C</styleUrl>
			<Point>
				<coordinates>83.88354678802118,28.21075221171309,1525.745205264825</coordinates>
			</Point>
		</Placemark>
		<Placemark id="0DDA53FA5540D7B23A64">
			<name>Untitled placemark</name>
			<LookAt>
				<longitude>83.89606029069806</longitude>
				<latitude>28.22584193024677</latitude>
				<altitude>1018.201063546245</altitude>
				<heading>41.91515370615433</heading>
				<tilt>27.48848538810124</tilt>
				<gx:fovy>30</gx:fovy>
				<range>201.8187146491982</range>
				<altitudeMode>absolute</altitudeMode>
			</LookAt>
			<styleUrl>#__managed_style_0E7730D43A40D7AF189C</styleUrl>
			<Point>
				<coordinates>83.89575081405872,28.22593207882637,1025.684280770278</coordinates>
			</Point>
		</Placemark>
		<Placemark id="0008D83B7B40D7B2BAE8">
			<name>Untitled placemark</name>
			<LookAt>
				<longitude>83.90185306678599</longitude>
				<latitude>28.24195082917925</latitude>
				<altitude>821.1060269566265</altitude>
				<heading>41.92461660804344</heading>
				<tilt>27.48866128739481</tilt>
				<gx:fovy>30</gx:fovy>
				<range>244.1943427362639</range>
				<altitudeMode>absolute</altitudeMode>
			</LookAt>
			<styleUrl>#__managed_style_0E7730D43A40D7AF189C</styleUrl>
			<Point>
				<coordinates>83.90153361222818,28.24200872987024,820.8590683254838</coordinates>
			</Point>
		</Placemark>
		<Placemark id="0873ACA1FC40D7B3C343">
			<name>Untitled placemark</name>
			<LookAt>
				<longitude>83.92378402920012</longitude>
				<latitude>28.24863072836452</latitude>
				<altitude>1180.188259162351</altitude>
				<heading>41.97948660209624</heading>
				<tilt>27.48881091895165</tilt>
				<gx:fovy>30</gx:fovy>
				<range>280.2629751959467</range>
				<altitudeMode>absolute</altitudeMode>
			</LookAt>
			<styleUrl>#__managed_style_0E7730D43A40D7AF189C</styleUrl>
			<Point>
				<coordinates>83.92341277408261,28.24915162590767,1180.481901081714</coordinates>
			</Point>
		</Placemark>
		<Placemark id="0A5456A1C840D7B41434">
			<name>Untitled placemark</name>
			<LookAt>
				<longitude>83.93266500816945</longitude>
				<latitude>28.25482418877818</latitude>
				<altitude>1472.783732736586</altitude>
				<heading>41.98453223869626</heading>
				<tilt>27.4883746823928</tilt>
				<gx:fovy>30</gx:fovy>
				<range>175.1565370576827</range>
				<altitudeMode>absolute</altitudeMode>
			</LookAt>
			<styleUrl>#__managed_style_0E7730D43A40D7AF189C</styleUrl>
			<Point>
				<coordinates>83.9325216626026,28.25475303493549,1470.125356720096</coordinates>
			</Point>
		</Placemark>
		<Placemark id="05F6B7FB2140D7B44F90">
			<name>Untitled placemark</name>
			<LookAt>
				<longitude>83.93566453365044</longitude>
				<latitude>28.25484351127408</latitude>
				<altitude>1494.920177057429</altitude>
				<heading>41.9865372510352</heading>
				<tilt>27.48874150308504</tilt>
				<gx:fovy>30</gx:fovy>
				<range>263.5497241856137</range>
				<altitudeMode>absolute</altitudeMode>
			</LookAt>
			<styleUrl>#__managed_style_0E7730D43A40D7AF189C</styleUrl>
			<Point>
				<coordinates>83.93522944250557,28.25490314201999,1493.58324722526</coordinates>
			</Point>
		</Placemark>
		<Placemark id="004302054B40D7B4C769">
			<name>Untitled placemark</name>
			<LookAt>
				<longitude>83.94245074146983</longitude>
				<latitude>28.2513063415325</latitude>
				<altitude>1555.917111015707</altitude>
				<heading>41.98964417435317</heading>
				<tilt>27.48826208222984</tilt>
				<gx:fovy>30</gx:fovy>
				<range>148.0253955095214</range>
				<altitudeMode>absolute</altitudeMode>
			</LookAt>
			<styleUrl>#__managed_style_0E7730D43A40D7AF189C</styleUrl>
			<Point>
				<coordinates>83.94245060061962,28.25113690328731,1554.275180299592</coordinates>
			</Point>
		</Placemark>
		<Placemark id="01795E444A40D7B57C64">
			<name>Untitled placemark</name>
			<LookAt>
				<longitude>83.9687841190887</longitude>
				<latitude>28.26518089541409</latitude>
				<altitude>998.2389439002225</altitude>
				<heading>41.98901073966451</heading>
				<tilt>27.48795128802867</tilt>
				<gx:fovy>30</gx:fovy>
				<range>73.12640373844262</range>
				<altitudeMode>absolute</altitudeMode>
			</LookAt>
			<styleUrl>#__managed_style_0E7730D43A40D7AF189C</styleUrl>
			<Point>
				<coordinates>83.96879759991185,28.26512189198647,998.0218286450095</coordinates>
			</Point>
		</Placemark>
		<Placemark id="0A8FEBDFD140D7B5E0B1">
			<name>Untitled placemark</name>
			<LookAt>
				<longitude>83.97661649986757</longitude>
				<latitude>28.25390210956568</latitude>
				<altitude>958.8588162551782</altitude>
				<heading>41.99888988965167</heading>
				<tilt>27.48807967129396</tilt>
				<gx:fovy>30</gx:fovy>
				<range>104.0597841063754</range>
				<altitudeMode>absolute</altitudeMode>
			</LookAt>
			<styleUrl>#__managed_style_0E7730D43A40D7AF189C</styleUrl>
			<Point>
				<coordinates>83.97659425638365,28.25386513420359,958.711213582719</coordinates>
			</Point>
		</Placemark>
		<Placemark id="026E0B578C40D7B625CC">
			<name>Untitled placemark</name>
			<LookAt>
				<longitude>83.98330602455835</longitude>
				<latitude>28.25260051970203</latitude>
				<altitude>949.3293669945202</altitude>
				<heading>42.00215107043128</heading>
				<tilt>27.48804521089689</tilt>
				<gx:fovy>30</gx:fovy>
				<range>95.75644390213711</range>
				<altitudeMode>absolute</altitudeMode>
			</LookAt>
			<styleUrl>#__managed_style_0E7730D43A40D7AF189C</styleUrl>
			<Point>
				<coordinates>83.98330732915447,28.25262501946517,949.3083834172156</coordinates>
			</Point>
		</Placemark>
		<Placemark id="03CB38541F40D7B66C01">
			<name>Untitled placemark</name>
			<LookAt>
				<longitude>83.98855988852439</longitude>
				<latitude>28.24936281828733</latitude>
				<altitude>935.0202619975466</altitude>
				<heading>42.00693308346111</heading>
				<tilt>27.4890229161741</tilt>
				<gx:fovy>30</gx:fovy>
				<range>331.3325671580606</range>
				<altitudeMode>absolute</altitudeMode>
			</LookAt>
			<styleUrl>#__managed_style_0E7730D43A40D7AF189C</styleUrl>
			<Point>
				<coordinates>83.98826221556152,28.24940027017547,936.102139699423</coordinates>
			</Point>
		</Placemark>
		<Placemark id="03F08853AC40D7B6C444">
			<name>Untitled placemark</name>
			<LookAt>
				<longitude>83.98969135374432</longitude>
				<latitude>28.24448129562726</latitude>
				<altitude>922.30518290221</altitude>
				<heading>42.0079911682547</heading>
				<tilt>27.48871060254253</tilt>
				<gx:fovy>30</gx:fovy>
				<range>256.0806500815306</range>
				<altitudeMode>absolute</altitudeMode>
			</LookAt>
			<styleUrl>#__managed_style_0E7730D43A40D7AF189C</styleUrl>
			<Point>
				<coordinates>83.98960761822634,28.24426454998363,922.5336708752186</coordinates>
			</Point>
		</Placemark>
		<Placemark id="0FBD7E75F240D7B7300C">
			<name>Untitled placemark</name>
			<LookAt>
				<longitude>84.03897521199011</longitude>
				<latitude>28.23103516511549</latitude>
				<altitude>1257.231228904664</altitude>
				<heading>42.01346942483431</heading>
				<tilt>27.48839152949561</tilt>
				<gx:fovy>30</gx:fovy>
				<range>179.2101601201102</range>
				<altitudeMode>absolute</altitudeMode>
			</LookAt>
			<styleUrl>#__managed_style_0E7730D43A40D7AF189C</styleUrl>
			<Point>
				<coordinates>84.03890502278308,28.23098541461097,1256.69003297816</coordinates>
			</Point>
		</Placemark>
		<Placemark id="0BEBEDCDDD40D7B77077">
			<name>Untitled placemark</name>
			<LookAt>
				<longitude>84.04870419334472</longitude>
				<latitude>28.22827571652478</latitude>
				<altitude>1035.435416753571</altitude>
				<heading>42.01561956732451</heading>
				<tilt>27.48856791148662</tilt>
				<gx:fovy>30</gx:fovy>
				<range>221.7035188231239</range>
				<altitudeMode>absolute</altitudeMode>
			</LookAt>
			<styleUrl>#__managed_style_0E7730D43A40D7AF189C</styleUrl>
			<Point>
				<coordinates>84.04864394781835,28.22833486422002,1038.39679435689</coordinates>
			</Point>
		</Placemark>
		<Placemark id="00E79A376240D7B7FAEF">
			<name>Untitled placemark</name>
			<LookAt>
				<longitude>84.05105888032163</longitude>
				<latitude>28.22425789858773</latitude>
				<altitude>869.0908426560284</altitude>
				<heading>42.01564181440478</heading>
				<tilt>27.48826484454943</tilt>
				<gx:fovy>30</gx:fovy>
				<range>148.6750404419763</range>
				<altitudeMode>absolute</altitudeMode>
			</LookAt>
			<styleUrl>#__managed_style_0E7730D43A40D7AF189C</styleUrl>
			<Point>
				<coordinates>84.05092941374706,28.2241809199945,867.9459614968779</coordinates>
			</Point>
		</Placemark>
		<Placemark id="0DB01721F040D7B90F89">
			<name>Untitled placemark</name>
			<LookAt>
				<longitude>84.07403031922276</longitude>
				<latitude>28.21430047239216</latitude>
				<altitude>1207.670244860217</altitude>
				<heading>42.02385171363702</heading>
				<tilt>27.48845970186007</tilt>
				<gx:fovy>30</gx:fovy>
				<range>195.6354874023964</range>
				<altitudeMode>absolute</altitudeMode>
			</LookAt>
			<styleUrl>#__managed_style_0E7730D43A40D7AF189C</styleUrl>
			<Point>
				<coordinates>84.07355803635558,28.21446692932279,1210.448739122075</coordinates>
			</Point>
		</Placemark>
		<Placemark id="084B0222B140D7B95C8C">
			<name>Untitled placemark</name>
			<LookAt>
				<longitude>84.0759942586255</longitude>
				<latitude>28.21425160268065</latitude>
				<altitude>1223.372623080998</altitude>
				<heading>42.02465540152354</heading>
				<tilt>27.48837549751308</tilt>
				<gx:fovy>30</gx:fovy>
				<range>175.3461645868447</range>
				<altitudeMode>absolute</altitudeMode>
			</LookAt>
			<styleUrl>#__managed_style_0E7730D43A40D7AF189C</styleUrl>
			<Point>
				<coordinates>84.07576182220049,28.21419842154813,1219.510856122575</coordinates>
			</Point>
		</Placemark>
		<Placemark id="044BB36D6740D7B9ED68">
			<name>Untitled placemark</name>
			<LookAt>
				<longitude>84.07999710999086</longitude>
				<latitude>28.2134116811424</latitude>
				<altitude>1317.655334361313</altitude>
				<heading>42.02779592723932</heading>
				<tilt>27.48822667755874</tilt>
				<gx:fovy>30</gx:fovy>
				<range>139.4887148237285</range>
				<altitudeMode>absolute</altitudeMode>
			</LookAt>
			<styleUrl>#__managed_style_0E7730D43A40D7AF189C</styleUrl>
			<Point>
				<coordinates>84.07996430384624,28.2134342980882,1316.183205728674</coordinates>
			</Point>
		</Placemark>
		<Placemark id="0487BAF37840D7BB3AEB">
			<name>Untitled placemark</name>
			<LookAt>
				<longitude>84.04083704473798</longitude>
				<latitude>28.19483155315928</latitude>
				<altitude>801.5022122112772</altitude>
				<heading>41.987448012021</heading>
				<tilt>27.48849766736943</tilt>
				<gx:fovy>30</gx:fovy>
				<range>204.7705673484597</range>
				<altitudeMode>absolute</altitudeMode>
			</LookAt>
			<styleUrl>#__managed_style_0E7730D43A40D7AF189C</styleUrl>
			<Point>
				<coordinates>84.04080464852416,28.19488793282754,802.9770425323537</coordinates>
			</Point>
		</Placemark>
		<Placemark id="02C36AD99D40D7BB9723">
			<name>Untitled placemark</name>
			<LookAt>
				<longitude>84.03476442486034</longitude>
				<latitude>28.19983267506061</latitude>
				<altitude>825.9519121724246</altitude>
				<heading>41.98679671568014</heading>
				<tilt>27.48822648833363</tilt>
				<gx:fovy>30</gx:fovy>
				<range>139.4323700796849</range>
				<altitudeMode>absolute</altitudeMode>
			</LookAt>
			<styleUrl>#__managed_style_0E7730D43A40D7AF189C</styleUrl>
			<Point>
				<coordinates>84.03482132094722,28.19960526832276,818.5991266468833</coordinates>
			</Point>
		</Placemark>
		<Placemark id="0EAD55B1C440D7BBEE44">
			<name>Untitled placemark</name>
			<LookAt>
				<longitude>84.02933059617416</longitude>
				<latitude>28.20537847932495</latitude>
				<altitude>905.3061621909461</altitude>
				<heading>41.98503734644534</heading>
				<tilt>27.48811510568548</tilt>
				<gx:fovy>30</gx:fovy>
				<range>112.5967892785593</range>
				<altitudeMode>absolute</altitudeMode>
			</LookAt>
			<styleUrl>#__managed_style_0E7730D43A40D7AF189C</styleUrl>
			<Point>
				<coordinates>84.02919944173168,28.20529785064442,905.9587242755221</coordinates>
			</Point>
		</Placemark>
		<Placemark id="0F71FF9A1440D7BC452C">
			<name>Untitled placemark</name>
			<LookAt>
				<longitude>84.0274402204831</longitude>
				<latitude>28.21632350784615</latitude>
				<altitude>826.0590377068959</altitude>
				<heading>41.9858434319973</heading>
				<tilt>27.48818487730501</tilt>
				<gx:fovy>30</gx:fovy>
				<range>129.4064475134292</range>
				<altitudeMode>absolute</altitudeMode>
			</LookAt>
			<styleUrl>#__managed_style_0E7730D43A40D7AF189C</styleUrl>
			<Point>
				<coordinates>84.02717871316622,28.21640275076288,826.3999169289871</coordinates>
			</Point>
		</Placemark>
		<Placemark id="097C06382740D7BDB974">
			<name>Untitled placemark</name>
			<LookAt>
				<longitude>83.93256793938332</longitude>
				<latitude>28.18742636918293</latitude>
				<altitude>915.1479713068118</altitude>
				<heading>41.93658424061236</heading>
				<tilt>27.48810602804345</tilt>
				<gx:fovy>30</gx:fovy>
				<range>110.4097394141718</range>
				<altitudeMode>absolute</altitudeMode>
			</LookAt>
			<styleUrl>#__managed_style_0E7730D43A40D7AF189C</styleUrl>
			<Point>
				<coordinates>83.93245652790831,28.18748093137915,917.6829476213132</coordinates>
			</Point>
		</Placemark>
		<Placemark id="05C630514840D7BE58DC">
			<name>Untitled placemark</name>
			<LookAt>
				<longitude>83.92525275228637</longitude>
				<latitude>28.19785872935084</latitude>
				<altitude>1279.079504720847</altitude>
				<heading>41.93403172787191</heading>
				<tilt>27.48802303795133</tilt>
				<gx:fovy>30</gx:fovy>
				<range>90.41866594718159</range>
				<altitudeMode>absolute</altitudeMode>
			</LookAt>
			<styleUrl>#__managed_style_0E7730D43A40D7AF189C</styleUrl>
			<Point>
				<coordinates>83.92517971605351,28.19783947079692,1277.300087993658</coordinates>
			</Point>
		</Placemark>
		<Placemark id="0D299C045640D7BFA2E9">
			<name>Untitled placemark</name>
			<LookAt>
				<longitude>83.89774760907758</longitude>
				<latitude>28.19512374713061</latitude>
				<altitude>1055.224043583325</altitude>
				<heading>41.9076852951037</heading>
				<tilt>27.48909410677035</tilt>
				<gx:fovy>30</gx:fovy>
				<range>348.4924968632549</range>
				<altitudeMode>absolute</altitudeMode>
			</LookAt>
			<styleUrl>#__managed_style_0E7730D43A40D7AF189C</styleUrl>
			<Point>
				<coordinates>83.89756174458853,28.19475310409097,1063.36127245244</coordinates>
			</Point>
		</Placemark>
		<Placemark id="0DC393BAD740D7C06B40">
			<name>Untitled placemark</name>
			<LookAt>
				<longitude>83.91512361031883</longitude>
				<latitude>28.17231102565465</latitude>
				<altitude>1437.035176375655</altitude>
				<heading>41.91438111591135</heading>
				<tilt>27.4882362617357</tilt>
				<gx:fovy>30</gx:fovy>
				<range>141.8008773694601</range>
				<altitudeMode>absolute</altitudeMode>
			</LookAt>
			<styleUrl>#__managed_style_0E7730D43A40D7AF189C</styleUrl>
			<Point>
				<coordinates>83.91500813829383,28.17234984571556,1437.831779547394</coordinates>
			</Point>
		</Placemark>
		<Placemark id="0D3C13875340D7C0E29B">
			<name>Untitled placemark</name>
			<LookAt>
				<longitude>83.92566046349084</longitude>
				<latitude>28.15851388329104</latitude>
				<altitude>1460.768753356994</altitude>
				<heading>41.91956896093001</heading>
				<tilt>27.48863836053339</tilt>
				<gx:fovy>30</gx:fovy>
				<range>238.6943911185881</range>
				<altitudeMode>absolute</altitudeMode>
			</LookAt>
			<styleUrl>#__managed_style_0E7730D43A40D7AF189C</styleUrl>
			<Point>
				<coordinates>83.92535431500694,28.15859176736181,1466.692052171987</coordinates>
			</Point>
		</Placemark>
		<Placemark id="019125E05F40D7C1AED3">
			<name>Untitled placemark</name>
			<LookAt>
				<longitude>83.94010326003259</longitude>
				<latitude>28.14162066580539</latitude>
				<altitude>944.2946612498855</altitude>
				<heading>41.92787978870015</heading>
				<tilt>27.48893296323755</tilt>
				<gx:fovy>30</gx:fovy>
				<range>309.6591476415416</range>
				<altitudeMode>absolute</altitudeMode>
			</LookAt>
			<styleUrl>#__managed_style_0E7730D43A40D7AF189C</styleUrl>
			<Point>
				<coordinates>83.93953393756438,28.14128348108609,960.8151434477019</coordinates>
			</Point>
		</Placemark>
		<Placemark id="08997390F740D7C20FAC">
			<name>Untitled placemark</name>
			<LookAt>
				<longitude>83.94647503059545</longitude>
				<latitude>28.14252196760561</latitude>
				<altitude>809.6175496892595</altitude>
				<heading>41.93038772780898</heading>
				<tilt>27.48810954798252</tilt>
				<gx:fovy>30</gx:fovy>
				<range>111.2561042211928</range>
				<altitudeMode>absolute</altitudeMode>
			</LookAt>
			<styleUrl>#__managed_style_0E7730D43A40D7AF189C</styleUrl>
			<Point>
				<coordinates>83.94628839778611,28.14237400017351,813.3418785083104</coordinates>
			</Point>
		</Placemark>
		<Placemark id="0E3B92B2BE40D7C2D190">
			<name>Untitled placemark</name>
			<LookAt>
				<longitude>83.96538733066387</longitude>
				<latitude>28.14570348639506</latitude>
				<altitude>747.7287128827413</altitude>
				<heading>41.94149078791013</heading>
				<tilt>27.48819235659118</tilt>
				<gx:fovy>30</gx:fovy>
				<range>131.2070224972922</range>
				<altitudeMode>absolute</altitudeMode>
			</LookAt>
			<styleUrl>#__managed_style_0E7730D43A40D7AF189C</styleUrl>
			<Point>
				<coordinates>83.96510403954855,28.14567984107337,750.8567350502625</coordinates>
			</Point>
		</Placemark>
		<Placemark id="0DC006AFB940D7C35E86">
			<name>Untitled placemark</name>
			<LookAt>
				<longitude>83.98709138678903</longitude>
				<latitude>28.14632912835831</latitude>
				<altitude>826.6775392949098</altitude>
				<heading>41.94150396493482</heading>
				<tilt>27.48831081987636</tilt>
				<gx:fovy>30</gx:fovy>
				<range>159.7516847088082</range>
				<altitudeMode>absolute</altitudeMode>
			</LookAt>
			<styleUrl>#__managed_style_0E7730D43A40D7AF189C</styleUrl>
			<Point>
				<coordinates>83.98687715757525,28.14625517033982,827.7678234048436</coordinates>
			</Point>
		</Placemark>
		<Placemark id="0DCC85CFAE40D7C3C9F1">
			<name>Untitled placemark</name>
			<LookAt>
				<longitude>84.00133706838601</longitude>
				<latitude>28.13913732518245</latitude>
				<altitude>811.0838734055618</altitude>
				<heading>41.94903664718715</heading>
				<tilt>27.48812713046598</tilt>
				<gx:fovy>30</gx:fovy>
				<range>115.4925290097708</range>
				<altitudeMode>absolute</altitudeMode>
			</LookAt>
			<styleUrl>#__managed_style_0E7730D43A40D7AF189C</styleUrl>
			<Point>
				<coordinates>84.00126230481781,28.13915915688501,812.7118989880263</coordinates>
			</Point>
		</Placemark>
		<Placemark id="008BDEFCB740D7C402E9">
			<name>Untitled placemark</name>
			<LookAt>
				<longitude>84.01193577145766</longitude>
				<latitude>28.13310086610722</latitude>
				<altitude>813.7541463392263</altitude>
				<heading>41.95456125382025</heading>
				<tilt>27.48935699003844</tilt>
				<gx:fovy>30</gx:fovy>
				<range>411.8194000035874</range>
				<altitudeMode>absolute</altitudeMode>
			</LookAt>
			<styleUrl>#__managed_style_0E7730D43A40D7AF189C</styleUrl>
			<Point>
				<coordinates>84.01178369518702,28.13296853852094,808.4790118347472</coordinates>
			</Point>
		</Placemark>
		<Placemark id="05B7E0EC2540D7C50E43">
			<name>Untitled placemark</name>
			<LookAt>
				<longitude>83.97724021199443</longitude>
				<latitude>28.19794432857612</latitude>
				<altitude>813.0655487900935</altitude>
				<heading>41.95290409327527</heading>
				<tilt>27.4881586267812</tilt>
				<gx:fovy>30</gx:fovy>
				<range>123.0814081249446</range>
				<altitudeMode>absolute</altitudeMode>
			</LookAt>
			<styleUrl>#__managed_style_0E7730D43A40D7AF189C</styleUrl>
			<Point>
				<coordinates>83.97722773251816,28.19793006855594,813.0309714757882</coordinates>
			</Point>
		</Placemark>
		<Placemark id="0FCB57F5E640D7C58CE0">
			<name>Untitled placemark</name>
			<LookAt>
				<longitude>83.96443040415862</longitude>
				<latitude>28.20042067601144</latitude>
				<altitude>801.8060054254473</altitude>
				<heading>41.94858789858203</heading>
				<tilt>27.48825082303626</tilt>
				<gx:fovy>30</gx:fovy>
				<range>145.2952597257354</range>
				<altitudeMode>absolute</altitudeMode>
			</LookAt>
			<styleUrl>#__managed_style_0E7730D43A40D7AF189C</styleUrl>
			<Point>
				<coordinates>83.96415512320698,28.20062150214831,801.8911335819126</coordinates>
			</Point>
		</Placemark>
		<Placemark id="05AA88CBB040D7C62470">
			<name>Untitled placemark</name>
			<LookAt>
				<longitude>83.95768665402034</longitude>
				<latitude>28.21339650866296</latitude>
				<altitude>805.7817349281979</altitude>
				<heading>41.94951977463725</heading>
				<tilt>27.48839738270688</tilt>
				<gx:fovy>30</gx:fovy>
				<range>180.6079431934995</range>
				<altitudeMode>absolute</altitudeMode>
			</LookAt>
			<styleUrl>#__managed_style_0E7730D43A40D7AF189C</styleUrl>
			<Point>
				<coordinates>83.95728058742031,28.21346400704237,804.7254882305936</coordinates>
			</Point>
		</Placemark>
		<Placemark id="06A5B4EAB340D7C68910">
			<name>Untitled placemark</name>
			<LookAt>
				<longitude>83.98382045095538</longitude>
				<latitude>28.23005427952525</latitude>
				<altitude>902.3032629510673</altitude>
				<heading>41.95837623262385</heading>
				<tilt>27.48815062702275</tilt>
				<gx:fovy>30</gx:fovy>
				<range>121.1556509269394</range>
				<altitudeMode>absolute</altitudeMode>
			</LookAt>
			<styleUrl>#__managed_style_0E7730D43A40D7AF189C</styleUrl>
			<Point>
				<coordinates>83.98358782211928,28.23025106163212,902.7823207607222</coordinates>
			</Point>
		</Placemark>
		<Placemark id="031E7C73D540D7C6DCF4">
			<name>Untitled placemark</name>
			<LookAt>
				<longitude>83.99352454611744</longitude>
				<latitude>28.2239912223364</latitude>
				<altitude>878.1533362189559</altitude>
				<heading>41.96461852830504</heading>
				<tilt>27.48819951606669</tilt>
				<gx:fovy>30</gx:fovy>
				<range>132.9348198191656</range>
				<altitudeMode>absolute</altitudeMode>
			</LookAt>
			<styleUrl>#__managed_style_0E7730D43A40D7AF189C</styleUrl>
			<Point>
				<coordinates>83.99324572804794,28.22390693773518,878.1366624981448</coordinates>
			</Point>
		</Placemark>
		<Placemark id="02A9FFDCDF40D7C71809">
			<name>Untitled placemark</name>
			<LookAt>
				<longitude>83.99946386608249</longitude>
				<latitude>28.23057365044088</latitude>
				<altitude>890.316077418952</altitude>
				<heading>41.9668654768105</heading>
				<tilt>27.48825457436879</tilt>
				<gx:fovy>30</gx:fovy>
				<range>146.2011793743113</range>
				<altitudeMode>absolute</altitudeMode>
			</LookAt>
			<styleUrl>#__managed_style_0E7730D43A40D7AF189C</styleUrl>
			<Point>
				<coordinates>83.99920080964301,28.2305639919272,890.0240626437381</coordinates>
			</Point>
		</Placemark>
		<Placemark id="079444DC8F40D7C7D424">
			<name>Untitled placemark</name>
			<LookAt>
				<longitude>84.04182120166465</longitude>
				<latitude>28.11022109413495</latitude>
				<altitude>844.4741642538519</altitude>
				<heading>41.98977790065031</heading>
				<tilt>27.48879075655386</tilt>
				<gx:fovy>30</gx:fovy>
				<range>275.3904411929398</range>
				<altitudeMode>absolute</altitudeMode>
			</LookAt>
			<styleUrl>#__managed_style_0E7730D43A40D7AF189C</styleUrl>
			<Point>
				<coordinates>84.04147092650391,28.11043331777589,854.3203850200658</coordinates>
			</Point>
		</Placemark>
		<Placemark id="0D350A483740D7C88F70">
			<name>Untitled placemark</name>
			<LookAt>
				<longitude>84.04708196813881</longitude>
				<latitude>28.08761865304328</latitude>
				<altitude>552.2996651536638</altitude>
				<heading>41.98644990895686</heading>
				<tilt>27.48826743621812</tilt>
				<gx:fovy>30</gx:fovy>
				<range>149.292294679326</range>
				<altitudeMode>absolute</altitudeMode>
			</LookAt>
			<styleUrl>#__managed_style_0E7730D43A40D7AF189C</styleUrl>
			<Point>
				<coordinates>84.04720030940092,28.08750033769932,551.6467467757421</coordinates>
			</Point>
		</Placemark>
		<Placemark id="0E7BEA831040D7C94E47">
			<name>Untitled placemark</name>
			<LookAt>
				<longitude>84.08327799168346</longitude>
				<latitude>28.09882873837079</latitude>
				<altitude>582.7857257080809</altitude>
				<heading>41.98374166476375</heading>
				<tilt>27.4881961011253</tilt>
				<gx:fovy>30</gx:fovy>
				<range>132.1059077444625</range>
				<altitudeMode>absolute</altitudeMode>
			</LookAt>
			<styleUrl>#__managed_style_0E7730D43A40D7AF189C</styleUrl>
			<Point>
				<coordinates>84.08326509333979,28.09874284133669,583.0454336980592</coordinates>
			</Point>
		</Placemark>
		<Placemark id="05E40AE02F40D7C9B50E">
			<name>Untitled placemark</name>
			<LookAt>
				<longitude>84.09110975754457</longitude>
				<latitude>28.12154717677853</latitude>
				<altitude>632.4403028594459</altitude>
				<heading>41.9848475773409</heading>
				<tilt>27.48828909319105</tilt>
				<gx:fovy>30</gx:fovy>
				<range>154.5121450087391</range>
				<altitudeMode>absolute</altitudeMode>
			</LookAt>
			<styleUrl>#__managed_style_0E7730D43A40D7AF189C</styleUrl>
			<Point>
				<coordinates>84.09110796464518,28.12143854538157,632.7527132444797</coordinates>
			</Point>
		</Placemark>
		<Placemark id="0CE07A6BE740D7CA527C">
			<name>Untitled placemark</name>
			<LookAt>
				<longitude>84.10536399372565</longitude>
				<latitude>28.14285841258813</latitude>
				<altitude>629.226026439968</altitude>
				<heading>41.98485909597636</heading>
				<tilt>27.48829116472335</tilt>
				<gx:fovy>30</gx:fovy>
				<range>155.0111703117545</range>
				<altitudeMode>absolute</altitudeMode>
			</LookAt>
			<styleUrl>#__managed_style_0E7730D43A40D7AF189C</styleUrl>
			<Point>
				<coordinates>84.10548808272348,28.14258322646768,630.6732720848947</coordinates>
			</Point>
		</Placemark>
		<Placemark id="0CD4C61F9440D7CAC304">
			<name>Untitled placemark</name>
			<LookAt>
				<longitude>84.08121949525145</longitude>
				<latitude>28.16249790649039</latitude>
				<altitude>689.5996976724122</altitude>
				<heading>41.98551217881804</heading>
				<tilt>27.48837472385049</tilt>
				<gx:fovy>30</gx:fovy>
				<range>175.1453075107929</range>
				<altitudeMode>absolute</altitudeMode>
			</LookAt>
			<styleUrl>#__managed_style_0E7730D43A40D7AF189C</styleUrl>
			<Point>
				<coordinates>84.08100863467483,28.16264376355142,690.2818809114596</coordinates>
			</Point>
		</Placemark>
		<Placemark id="026C87F64240D7CB047F">
			<name>Untitled placemark</name>
			<LookAt>
				<longitude>84.1104240806234</longitude>
				<latitude>28.17768462985015</latitude>
				<altitude>778.4919571191982</altitude>
				<heading>41.98811271417016</heading>
				<tilt>27.48826470707521</tilt>
				<gx:fovy>30</gx:fovy>
				<range>148.6400538557428</range>
				<altitudeMode>absolute</altitudeMode>
			</LookAt>
			<styleUrl>#__managed_style_0E7730D43A40D7AF189C</styleUrl>
			<Point>
				<coordinates>84.11038183800085,28.17775052798454,777.6193927140304</coordinates>
			</Point>
		</Placemark>
		<Placemark id="03D619223F40D7CB7238">
			<name>Untitled placemark</name>
			<LookAt>
				<longitude>84.10828765906309</longitude>
				<latitude>28.19980501915519</latitude>
				<altitude>943.4161958596088</altitude>
				<heading>41.98598558151487</heading>
				<tilt>27.48796692616357</tilt>
				<gx:fovy>30</gx:fovy>
				<range>76.89403840236992</range>
				<altitudeMode>absolute</altitudeMode>
			</LookAt>
			<styleUrl>#__managed_style_0E7730D43A40D7AF189C</styleUrl>
			<Point>
				<coordinates>84.10820786263825,28.19979578728941,942.4554406421937</coordinates>
			</Point>
		</Placemark>
		<Placemark id="050536FA1F40D7CC4B0F">
			<name>Untitled placemark</name>
			<LookAt>
				<longitude>84.01187236743809</longitude>
				<latitude>28.17630942143339</latitude>
				<altitude>775.8923163422496</altitude>
				<heading>41.93646660213577</heading>
				<tilt>27.48900792349774</tilt>
				<gx:fovy>30</gx:fovy>
				<range>327.7122029604652</range>
				<altitudeMode>absolute</altitudeMode>
			</LookAt>
			<styleUrl>#__managed_style_0E7730D43A40D7AF189C</styleUrl>
			<Point>
				<coordinates>84.01116044330675,28.17644751825568,779.0004074733141</coordinates>
			</Point>
		</Placemark>
		<Placemark id="0E54C53DFD40D7CC973F">
			<name>Untitled placemark</name>
			<LookAt>
				<longitude>84.05856158284382</longitude>
				<latitude>28.169866910029</latitude>
				<altitude>726.8892238410449</altitude>
				<heading>41.9459892272098</heading>
				<tilt>27.4883790133373</tilt>
				<gx:fovy>30</gx:fovy>
				<range>176.1798628358156</range>
				<altitudeMode>absolute</altitudeMode>
			</LookAt>
			<styleUrl>#__managed_style_0E7730D43A40D7AF189C</styleUrl>
			<Point>
				<coordinates>84.05839387527982,28.17004518824098,727.3110982564024</coordinates>
			</Point>
		</Placemark>
		<Placemark id="032A3E558140D7CD0403">
			<name>Untitled placemark</name>
			<LookAt>
				<longitude>84.06245194706469</longitude>
				<latitude>28.18318008280688</latitude>
				<altitude>819.4705333533146</altitude>
				<heading>41.94847833578917</heading>
				<tilt>27.48807565893125</tilt>
				<gx:fovy>30</gx:fovy>
				<range>103.0910531635345</range>
				<altitudeMode>absolute</altitudeMode>
			</LookAt>
			<styleUrl>#__managed_style_0E7730D43A40D7AF189C</styleUrl>
			<Point>
				<coordinates>84.06232192662402,28.18319592355837,814.4457739124464</coordinates>
			</Point>
		</Placemark>
		<Placemark id="05BD613A8640D7CD4FA1">
			<name>Untitled placemark</name>
			<LookAt>
				<longitude>84.07539734017705</longitude>
				<latitude>28.14055139344558</latitude>
				<altitude>667.3053408786088</altitude>
				<heading>41.95548994593073</heading>
				<tilt>27.48882391561397</tilt>
				<gx:fovy>30</gx:fovy>
				<range>283.372134262063</range>
				<altitudeMode>absolute</altitudeMode>
			</LookAt>
			<styleUrl>#__managed_style_0E7730D43A40D7AF189C</styleUrl>
			<Point>
				<coordinates>84.07474610304963,28.14065625344576,668.8048059547986</coordinates>
			</Point>
		</Placemark>
		<Placemark id="0127C46EA540D7CD8487">
			<name>Untitled placemark</name>
			<LookAt>
				<longitude>84.08094705362572</longitude>
				<latitude>28.1387717429828</latitude>
				<altitude>660.2974746058607</altitude>
				<heading>41.95691945389829</heading>
				<tilt>27.48842034938112</tilt>
				<gx:fovy>30</gx:fovy>
				<range>186.1374578391587</range>
				<altitudeMode>absolute</altitudeMode>
			</LookAt>
			<styleUrl>#__managed_style_0E7730D43A40D7AF189C</styleUrl>
			<Point>
				<coordinates>84.08113286549512,28.1387279010244,659.451377968078</coordinates>
			</Point>
		</Placemark>
		<Placemark id="0C7293327540D7CDDAC0">
			<name>Untitled placemark</name>
			<LookAt>
				<longitude>84.03668590626656</longitude>
				<latitude>28.14882392207206</latitude>
				<altitude>707.4093425303787</altitude>
				<heading>41.95437438458004</heading>
				<tilt>27.48845729962805</tilt>
				<gx:fovy>30</gx:fovy>
				<range>195.041607774001</range>
				<altitudeMode>absolute</altitudeMode>
			</LookAt>
			<styleUrl>#__managed_style_0E7730D43A40D7AF189C</styleUrl>
			<Point>
				<coordinates>84.03646181819154,28.14879656367011,707.3073809407127</coordinates>
			</Point>
		</Placemark>
		<Placemark id="0EB839527D40D7CE66CC">
			<name>Untitled placemark</name>
			<LookAt>
				<longitude>83.99059456281528</longitude>
				<latitude>28.17757503642242</latitude>
				<altitude>763.8627600110684</altitude>
				<heading>41.9419861119007</heading>
				<tilt>27.48837699689565</tilt>
				<gx:fovy>30</gx:fovy>
				<range>175.695068578807</range>
				<altitudeMode>absolute</altitudeMode>
			</LookAt>
			<styleUrl>#__managed_style_0E7730D43A40D7AF189C</styleUrl>
			<Point>
				<coordinates>83.99034356405498,28.17770537080833,763.4661012210178</coordinates>
			</Point>
		</Placemark>
		<Placemark id="0C193EF19940D7CF2BE0">
			<name>Untitled placemark</name>
			<LookAt>
				<longitude>83.96920694265495</longitude>
				<latitude>28.15669486438369</latitude>
				<altitude>994.9068782728893</altitude>
				<heading>41.91750317095588</heading>
				<tilt>27.4880487093576</tilt>
				<gx:fovy>30</gx:fovy>
				<range>96.60040982762439</range>
				<altitudeMode>absolute</altitudeMode>
			</LookAt>
			<styleUrl>#__managed_style_0E7730D43A40D7AF189C</styleUrl>
			<Point>
				<coordinates>83.9689397761221,28.1566533856195,999.0564796752402</coordinates>
			</Point>
		</Placemark>
		<Placemark id="0A0ED0E03240D7D052BF">
			<name>Untitled placemark</name>
			<LookAt>
				<longitude>84.02703095165688</longitude>
				<latitude>28.12813839206726</latitude>
				<altitude>953.9459908702499</altitude>
				<heading>41.91980020180534</heading>
				<tilt>76.05391755031789</tilt>
				<gx:fovy>30</gx:fovy>
				<range>330.6949745772727</range>
				<altitudeMode>absolute</altitudeMode>
			</LookAt>
			<styleUrl>#__managed_style_0E7730D43A40D7AF189C</styleUrl>
			<Point>
				<coordinates>84.02697125694898,28.12835295908276,957.534313410354</coordinates>
			</Point>
		</Placemark>
		<Placemark id="0C240E279740D7D15388">
			<name>Untitled placemark</name>
			<LookAt>
				<longitude>84.03979878507343</longitude>
				<latitude>28.16936256792901</latitude>
				<altitude>744.5938708862689</altitude>
				<heading>41.92643440175623</heading>
				<tilt>39.04026776600518</tilt>
				<gx:fovy>30</gx:fovy>
				<range>89.76539951482664</range>
				<altitudeMode>absolute</altitudeMode>
			</LookAt>
			<styleUrl>#__managed_style_0E7730D43A40D7AF189C</styleUrl>
			<Point>
				<coordinates>84.03976099497719,28.16923572748797,744.8457736272705</coordinates>
			</Point>
		</Placemark>
		<Placemark id="0476FBD84C40D7D1F588">
			<name>Untitled placemark</name>
			<LookAt>
				<longitude>84.06103052454054</longitude>
				<latitude>28.13012361703701</latitude>
				<altitude>740.3269959705751</altitude>
				<heading>41.92776179734909</heading>
				<tilt>39.04117608250301</tilt>
				<gx:fovy>30</gx:fovy>
				<range>250.1377281848909</range>
				<altitudeMode>absolute</altitudeMode>
			</LookAt>
			<styleUrl>#__managed_style_0E7730D43A40D7AF189C</styleUrl>
			<Point>
				<coordinates>84.06114611814269,28.13002074626147,739.046414288924</coordinates>
			</Point>
		</Placemark>
		<Placemark id="045EED653B40D7D266C4">
			<name>Untitled placemark</name>
			<LookAt>
				<longitude>84.02132543209112</longitude>
				<latitude>28.19985056115723</latitude>
				<altitude>810.0740588494033</altitude>
				<heading>41.92348798418377</heading>
				<tilt>39.04088488012296</tilt>
				<gx:fovy>30</gx:fovy>
				<range>198.7252236402492</range>
				<altitudeMode>absolute</altitudeMode>
			</LookAt>
			<styleUrl>#__managed_style_0E7730D43A40D7AF189C</styleUrl>
			<Point>
				<coordinates>84.02121770873042,28.19962456144499,811.5479338145623</coordinates>
			</Point>
		</Placemark>
	</Folder>
	<Folder id="0C14A7483140D7AAC0F7">
		<name>Water</name>
		<styleUrl>#__managed_style_0BC0B55BB440D2A9E73C</styleUrl>
		<Placemark id="09AC5A5EA240D7AB1C8C">
			<name>Untitled placemark</name>
			<LookAt>
				<longitude>83.81053035135595</longitude>
				<latitude>28.21996337838175</latitude>
				<altitude>2061.222160058904</altitude>
				<heading>41.85248222074397</heading>
				<tilt>27.48827669104761</tilt>
				<gx:fovy>30</gx:fovy>
				<range>151.5575921191521</range>
				<altitudeMode>absolute</altitudeMode>
			</LookAt>
			<styleUrl>#__managed_style_014FF59ABF40D7AB42D7</styleUrl>
			<Point>
				<coordinates>83.81026151157883,28.22021008444453,2063.814278926804</coordinates>
			</Point>
		</Placemark>
		<Placemark id="0A647D5FC740D7AB8E20">
			<name>Untitled placemark</name>
			<LookAt>
				<longitude>83.81040118046384</longitude>
				<latitude>28.21975452250869</latitude>
				<altitude>2065.195468662533</altitude>
				<heading>41.85227192890633</heading>
				<tilt>27.48804810968411</tilt>
				<gx:fovy>30</gx:fovy>
				<range>96.4716466743812</range>
				<altitudeMode>absolute</altitudeMode>
			</LookAt>
			<styleUrl>#__managed_style_014FF59ABF40D7AB42D7</styleUrl>
			<Point>
				<coordinates>83.81020946472354,28.21975792982949,2068.040039900533</coordinates>
			</Point>
		</Placemark>
		<Placemark id="0FB8867B5240D7D4A7C7">
			<name>Untitled placemark</name>
			<LookAt>
				<longitude>83.94774098935424</longitude>
				<latitude>28.22188207530451</latitude>
				<altitude>796.2053295516444</altitude>
				<heading>41.91105484603502</heading>
				<tilt>39.05128876081559</tilt>
				<gx:fovy>30</gx:fovy>
				<range>2035.650540505594</range>
				<altitudeMode>absolute</altitudeMode>
			</LookAt>
			<styleUrl>#__managed_style_014FF59ABF40D7AB42D7</styleUrl>
			<Point>
				<coordinates>83.94538168086898,28.22436743574249,796.2055798114339</coordinates>
			</Point>
		</Placemark>
		<Placemark id="0A62764E2340D7D5E9A4">
			<name>Untitled placemark</name>
			<LookAt>
				<longitude>83.9366665090473</longitude>
				<latitude>28.22578497090618</latitude>
				<altitude>799.3342813397994</altitude>
				<heading>36.23857746383899</heading>
				<tilt>69.18833245246719</tilt>
				<gx:fovy>30</gx:fovy>
				<range>551.8303177296912</range>
				<altitudeMode>absolute</altitudeMode>
			</LookAt>
			<styleUrl>#__managed_style_014FF59ABF40D7AB42D7</styleUrl>
			<Point>
				<coordinates>83.93558238564333,28.22645895049039,799.5919910653532</coordinates>
			</Point>
		</Placemark>
		<Placemark id="0ADD2333B140D7D64AB4">
			<name>Untitled placemark</name>
			<LookAt>
				<longitude>83.92868551667705</longitude>
				<latitude>28.22208737943581</latitude>
				<altitude>799.3343303262442</altitude>
				<heading>36.23608312571422</heading>
				<tilt>69.18816071412742</tilt>
				<gx:fovy>30</gx:fovy>
				<range>531.3977341724968</range>
				<altitudeMode>absolute</altitudeMode>
			</LookAt>
			<styleUrl>#__managed_style_014FF59ABF40D7AB42D7</styleUrl>
			<Point>
				<coordinates>83.92770817553016,28.22120409283187,799.3343293954056</coordinates>
			</Point>
		</Placemark>
		<Placemark id="0EAF39940440D7D6EF23">
			<name>Untitled placemark</name>
			<LookAt>
				<longitude>83.92594890858177</longitude>
				<latitude>28.21748359810678</latitude>
				<altitude>815.0490322607925</altitude>
				<heading>36.23299835249215</heading>
				<tilt>30.50635552414575</tilt>
				<gx:fovy>30</gx:fovy>
				<range>138.82254426293</range>
				<altitudeMode>absolute</altitudeMode>
			</LookAt>
			<styleUrl>#__managed_style_014FF59ABF40D7AB42D7</styleUrl>
			<Point>
				<coordinates>83.92587152797314,28.21722138768228,815.1808287257659</coordinates>
			</Point>
		</Placemark>
		<Placemark id="03F38111CB40D7D73C7C">
			<name>Untitled placemark</name>
			<LookAt>
				<longitude>83.92048163000045</longitude>
				<latitude>28.22720127160695</latitude>
				<altitude>799.2827765365654</altitude>
				<heading>36.23282964756585</heading>
				<tilt>30.5065692583239</tilt>
				<gx:fovy>30</gx:fovy>
				<range>185.6465331071195</range>
				<altitudeMode>absolute</altitudeMode>
			</LookAt>
			<styleUrl>#__managed_style_014FF59ABF40D7AB42D7</styleUrl>
			<Point>
				<coordinates>83.92055382683807,28.22680048536747,799.9584655237464</coordinates>
			</Point>
		</Placemark>
		<Placemark id="011E8A7AD440D7D76EDC">
			<name>Untitled placemark</name>
			<LookAt>
				<longitude>83.90832190724701</longitude>
				<latitude>28.2310841650473</latitude>
				<altitude>801.7450419152127</altitude>
				<heading>36.22739004791722</heading>
				<tilt>30.50658324248261</tilt>
				<gx:fovy>30</gx:fovy>
				<range>188.7102293120915</range>
				<altitudeMode>absolute</altitudeMode>
			</LookAt>
			<styleUrl>#__managed_style_014FF59ABF40D7AB42D7</styleUrl>
			<Point>
				<coordinates>83.90843559582787,28.23092199538118,802.1220154186972</coordinates>
			</Point>
		</Placemark>
		<Placemark id="07F4128FF040D7D799FC">
			<name>Untitled placemark</name>
			<LookAt>
				<longitude>83.90230211463152</longitude>
				<latitude>28.23797017699294</latitude>
				<altitude>799.8496396681937</altitude>
				<heading>36.22175922564534</heading>
				<tilt>30.50598781065266</tilt>
				<gx:fovy>30</gx:fovy>
				<range>58.26448665457066</range>
				<altitudeMode>absolute</altitudeMode>
			</LookAt>
			<styleUrl>#__managed_style_014FF59ABF40D7AB42D7</styleUrl>
			<Point>
				<coordinates>83.90231256502855,28.23788004348488,799.7979259510987</coordinates>
			</Point>
		</Placemark>
		<Placemark id="082BB5946640D7D83CDF">
			<name>Untitled placemark</name>
			<LookAt>
				<longitude>83.95960435920919</longitude>
				<latitude>28.2049009986077</latitude>
				<altitude>795.9405214217475</altitude>
				<heading>36.2441031851067</heading>
				<tilt>30.50636224372927</tilt>
				<gx:fovy>30</gx:fovy>
				<range>140.294263878277</range>
				<altitudeMode>absolute</altitudeMode>
			</LookAt>
			<styleUrl>#__managed_style_014FF59ABF40D7AB42D7</styleUrl>
			<Point>
				<coordinates>83.95944812697851,28.20498220596297,795.9405538355861</coordinates>
			</Point>
		</Placemark>
		<Placemark id="027C905B8B40D7D8BD2E">
			<name>Untitled placemark</name>
			<LookAt>
				<longitude>83.96931014982924</longitude>
				<latitude>28.19692641974875</latitude>
				<altitude>796.0668446389457</altitude>
				<heading>36.24989084875567</heading>
				<tilt>30.50633218304717</tilt>
				<gx:fovy>30</gx:fovy>
				<range>133.7086387401905</range>
				<altitudeMode>absolute</altitudeMode>
			</LookAt>
			<styleUrl>#__managed_style_014FF59ABF40D7AB42D7</styleUrl>
			<Point>
				<coordinates>83.96921530473965,28.19672009006979,797.6044167695871</coordinates>
			</Point>
		</Placemark>
		<Placemark id="0559F8B72A40D7D9B92C">
			<name>Untitled placemark</name>
			<LookAt>
				<longitude>83.98354456358611</longitude>
				<latitude>28.19352352923586</latitude>
				<altitude>745.8817037825831</altitude>
				<heading>36.26279012707105</heading>
				<tilt>30.50653553639925</tilt>
				<gx:fovy>30</gx:fovy>
				<range>178.2565062056528</range>
				<altitudeMode>absolute</altitudeMode>
			</LookAt>
			<styleUrl>#__managed_style_014FF59ABF40D7AB42D7</styleUrl>
			<Point>
				<coordinates>83.98313314549462,28.19346648168764,737.1933819299373</coordinates>
			</Point>
		</Placemark>
		<Placemark id="0D5D26906340D7DA0C36">
			<name>Untitled placemark</name>
			<LookAt>
				<longitude>83.98752632054267</longitude>
				<latitude>28.1864367170223</latitude>
				<altitude>726.5517664709399</altitude>
				<heading>36.2634208318235</heading>
				<tilt>30.50644601980864</tilt>
				<gx:fovy>30</gx:fovy>
				<range>158.6451397601741</range>
				<altitudeMode>absolute</altitudeMode>
			</LookAt>
			<styleUrl>#__managed_style_014FF59ABF40D7AB42D7</styleUrl>
			<Point>
				<coordinates>83.98726536712755,28.18638281013809,726.8363407996329</coordinates>
			</Point>
		</Placemark>
		<Placemark id="07DA88148E40D7DA5771">
			<name>Untitled placemark</name>
			<LookAt>
				<longitude>83.99759981933673</longitude>
				<latitude>28.17133638567059</latitude>
				<altitude>676.8391009166965</altitude>
				<heading>36.26717440897853</heading>
				<tilt>30.50693451347082</tilt>
				<gx:fovy>30</gx:fovy>
				<range>265.6597896537278</range>
				<altitudeMode>absolute</altitudeMode>
			</LookAt>
			<styleUrl>#__managed_style_014FF59ABF40D7AB42D7</styleUrl>
			<Point>
				<coordinates>83.99730071999414,28.17150061308568,677.4572307393552</coordinates>
			</Point>
		</Placemark>
		<Placemark id="0E6281B02140D7DA7FD0">
			<name>Untitled placemark</name>
			<LookAt>
				<longitude>83.9973486257535</longitude>
				<latitude>28.17110769968825</latitude>
				<altitude>677.4814466199069</altitude>
				<heading>36.26690878034472</heading>
				<tilt>30.50617397918089</tilt>
				<gx:fovy>30</gx:fovy>
				<range>99.04710674883972</range>
				<altitudeMode>absolute</altitudeMode>
			</LookAt>
			<styleUrl>#__managed_style_014FF59ABF40D7AB42D7</styleUrl>
			<Point>
				<coordinates>83.99725993362119,28.1710636077979,678.0116395879987</coordinates>
			</Point>
		</Placemark>
		<Placemark id="0B4BEEBBAF40D7DAA653">
			<name>Untitled placemark</name>
			<LookAt>
				<longitude>83.99813728070635</longitude>
				<latitude>28.1707409748868</latitude>
				<altitude>672.2401164403847</altitude>
				<heading>36.26716265028604</heading>
				<tilt>30.50647978448042</tilt>
				<gx:fovy>30</gx:fovy>
				<range>166.0407176966874</range>
				<altitudeMode>absolute</altitudeMode>
			</LookAt>
			<styleUrl>#__managed_style_014FF59ABF40D7AB42D7</styleUrl>
			<Point>
				<coordinates>83.99825247742791,28.1705503813202,670.0190223379891</coordinates>
			</Point>
		</Placemark>
		<Placemark id="0C5D8963BB40D7DAEE48">
			<name>Untitled placemark</name>
			<LookAt>
				<longitude>83.999908031575</longitude>
				<latitude>28.16967718307661</latitude>
				<altitude>680.0380729469148</altitude>
				<heading>36.26826445172702</heading>
				<tilt>30.50598390667097</tilt>
				<gx:fovy>30</gx:fovy>
				<range>57.40732108624799</range>
				<altitudeMode>absolute</altitudeMode>
			</LookAt>
			<styleUrl>#__managed_style_014FF59ABF40D7AB42D7</styleUrl>
			<Point>
				<coordinates>83.99998041836155,28.16957343533732,681.2829632461098</coordinates>
			</Point>
		</Placemark>
		<Placemark id="03116DF11C40D7DBB178">
			<name>Untitled placemark</name>
			<LookAt>
				<longitude>83.99155907901397</longitude>
				<latitude>28.17249453198968</latitude>
				<altitude>682.2970201135446</altitude>
				<heading>36.27503089536663</heading>
				<tilt>30.5064807741757</tilt>
				<gx:fovy>30</gx:fovy>
				<range>166.2578106810906</range>
				<altitudeMode>absolute</altitudeMode>
			</LookAt>
			<styleUrl>#__managed_style_014FF59ABF40D7AB42D7</styleUrl>
			<Point>
				<coordinates>83.99118823673695,28.17271432053758,682.4024340620895</coordinates>
			</Point>
		</Placemark>
		<Placemark id="0D76E3EAF640D7DBE0B1">
			<name>Untitled placemark</name>
			<LookAt>
				<longitude>83.99315349052661</longitude>
				<latitude>28.17021066635355</latitude>
				<altitude>678.3284125237642</altitude>
				<heading>36.27527407584241</heading>
				<tilt>30.50628801703176</tilt>
				<gx:fovy>30</gx:fovy>
				<range>124.0297659579483</range>
				<altitudeMode>absolute</altitudeMode>
			</LookAt>
			<styleUrl>#__managed_style_014FF59ABF40D7AB42D7</styleUrl>
			<Point>
				<coordinates>83.99313763715149,28.17002872622929,678.3844470651217</coordinates>
			</Point>
		</Placemark>
		<Placemark id="024E3B71D840D7DC1351">
			<name>Untitled placemark</name>
			<LookAt>
				<longitude>83.99909652156288</longitude>
				<latitude>28.166827772287</latitude>
				<altitude>672.3334063032714</altitude>
				<heading>36.27852060580289</heading>
				<tilt>30.50637517610778</tilt>
				<gx:fovy>30</gx:fovy>
				<range>143.1238547409157</range>
				<altitudeMode>absolute</altitudeMode>
			</LookAt>
			<styleUrl>#__managed_style_014FF59ABF40D7AB42D7</styleUrl>
			<Point>
				<coordinates>83.99896075161973,28.1665742222211,670.8364127225177</coordinates>
			</Point>
		</Placemark>
		<Placemark id="0BDBA7032D40D7DC5AF3">
			<name>Untitled placemark</name>
			<LookAt>
				<longitude>84.00274915802117</longitude>
				<latitude>28.1636099611575</latitude>
				<altitude>666.2513502650995</altitude>
				<heading>36.27982800033472</heading>
				<tilt>30.5063632369385</tilt>
				<gx:fovy>30</gx:fovy>
				<range>140.5081699427683</range>
				<altitudeMode>absolute</altitudeMode>
			</LookAt>
			<styleUrl>#__managed_style_014FF59ABF40D7AB42D7</styleUrl>
			<Point>
				<coordinates>84.00279605765776,28.16343358487714,663.9500626719049</coordinates>
			</Point>
		</Placemark>
		<Placemark id="0EACDAAA1540D7DCABD7">
			<name>Untitled placemark</name>
			<LookAt>
				<longitude>84.00606012380618</longitude>
				<latitude>28.16610410956818</latitude>
				<altitude>661.2566494445736</altitude>
				<heading>36.28080350256337</heading>
				<tilt>30.50624506284446</tilt>
				<gx:fovy>30</gx:fovy>
				<range>114.6193477202905</range>
				<altitudeMode>absolute</altitudeMode>
			</LookAt>
			<styleUrl>#__managed_style_014FF59ABF40D7AB42D7</styleUrl>
			<Point>
				<coordinates>84.00619876003434,28.16600144478832,661.1485270922547</coordinates>
			</Point>
		</Placemark>
		<Placemark id="0A048BBC4D40D7DE2BC9">
			<name>Untitled placemark</name>
			<LookAt>
				<longitude>84.01195628343267</longitude>
				<latitude>28.15978320327001</latitude>
				<altitude>653.6916772040579</altitude>
				<heading>36.29377761557409</heading>
				<tilt>30.50641453702816</tilt>
				<gx:fovy>30</gx:fovy>
				<range>151.7463504883381</range>
				<altitudeMode>absolute</altitudeMode>
			</LookAt>
			<styleUrl>#__managed_style_014FF59ABF40D7AB42D7</styleUrl>
			<Point>
				<coordinates>84.0118435485372,28.15994887896496,655.2148059428946</coordinates>
			</Point>
		</Placemark>
		<Placemark id="0FEA2BF3AB40D7DE688E">
			<name>Untitled placemark</name>
			<LookAt>
				<longitude>84.02043043901357</longitude>
				<latitude>28.16285563110639</latitude>
				<altitude>645.3290480739681</altitude>
				<heading>36.29847879249089</heading>
				<tilt>30.50632373641077</tilt>
				<gx:fovy>30</gx:fovy>
				<range>131.8542685482134</range>
				<altitudeMode>absolute</altitudeMode>
			</LookAt>
			<styleUrl>#__managed_style_014FF59ABF40D7AB42D7</styleUrl>
			<Point>
				<coordinates>84.02043546604564,28.16283590414712,645.3290604012142</coordinates>
			</Point>
		</Placemark>
		<Placemark id="0930217A3B40D7DE9C44">
			<name>Untitled placemark</name>
			<LookAt>
				<longitude>84.02538904760492</longitude>
				<latitude>28.15824129570455</latitude>
				<altitude>638.9804637698378</altitude>
				<heading>36.30111575016867</heading>
				<tilt>30.50710860277991</tilt>
				<gx:fovy>30</gx:fovy>
				<range>303.7963275282891</range>
				<altitudeMode>absolute</altitudeMode>
			</LookAt>
			<styleUrl>#__managed_style_014FF59ABF40D7AB42D7</styleUrl>
			<Point>
				<coordinates>84.02499170500363,28.15819261552991,639.2211991320881</coordinates>
			</Point>
		</Placemark>
		<Placemark id="052B725A2340D7DECDE4">
			<name>Untitled placemark</name>
			<LookAt>
				<longitude>84.02907724860736</longitude>
				<latitude>28.15877695943568</latitude>
				<altitude>633.7387860833511</altitude>
				<heading>36.30225636347657</heading>
				<tilt>30.50627981213179</tilt>
				<gx:fovy>30</gx:fovy>
				<range>122.2314507900228</range>
				<altitudeMode>absolute</altitudeMode>
			</LookAt>
			<styleUrl>#__managed_style_014FF59ABF40D7AB42D7</styleUrl>
			<Point>
				<coordinates>84.02895595575025,28.15855383150998,633.0690379234364</coordinates>
			</Point>
		</Placemark>
		<Placemark id="043F0AAA6440D7DF137C">
			<name>Untitled placemark</name>
			<LookAt>
				<longitude>84.02961689602252</longitude>
				<latitude>28.15593889367666</latitude>
				<altitude>632.6887584899142</altitude>
				<heading>36.3031389980638</heading>
				<tilt>30.50706639806824</tilt>
				<gx:fovy>30</gx:fovy>
				<range>294.5501805260938</range>
				<altitudeMode>absolute</altitudeMode>
			</LookAt>
			<styleUrl>#__managed_style_014FF59ABF40D7AB42D7</styleUrl>
			<Point>
				<coordinates>84.02874636145482,28.15600924587294,631.2119451797867</coordinates>
			</Point>
		</Placemark>
		<Placemark id="071F71874C40D7DF468C">
			<name>Untitled placemark</name>
			<LookAt>
				<longitude>84.03764966039462</longitude>
				<latitude>28.15697243320377</latitude>
				<altitude>634.777453038675</altitude>
				<heading>36.30348367904521</heading>
				<tilt>30.50684331491664</tilt>
				<gx:fovy>30</gx:fovy>
				<range>245.679053396052</range>
				<altitudeMode>absolute</altitudeMode>
			</LookAt>
			<styleUrl>#__managed_style_014FF59ABF40D7AB42D7</styleUrl>
			<Point>
				<coordinates>84.03724882049376,28.15681696442562,628.7347434538804</coordinates>
			</Point>
		</Placemark>
		<Placemark id="0F02DB347F40D7DF8203">
			<name>Untitled placemark</name>
			<LookAt>
				<longitude>84.0400212348806</longitude>
				<latitude>28.15519427741351</latitude>
				<altitude>625.4092782760688</altitude>
				<heading>36.30450117010744</heading>
				<tilt>30.50670994999683</tilt>
				<gx:fovy>30</gx:fovy>
				<range>216.4622292143031</range>
				<altitudeMode>absolute</altitudeMode>
			</LookAt>
			<styleUrl>#__managed_style_014FF59ABF40D7AB42D7</styleUrl>
			<Point>
				<coordinates>84.04015254707855,28.15506685965718,625.4092368282854</coordinates>
			</Point>
		</Placemark>
		<Placemark id="01BE1BAB0840D7E049EF">
			<name>Untitled placemark</name>
			<LookAt>
				<longitude>84.06644716663767</longitude>
				<latitude>28.1374425697717</latitude>
				<altitude>575.8980440079059</altitude>
				<heading>36.3112629253146</heading>
				<tilt>30.50678489633111</tilt>
				<gx:fovy>30</gx:fovy>
				<range>232.8790387288246</range>
				<altitudeMode>absolute</altitudeMode>
			</LookAt>
			<styleUrl>#__managed_style_014FF59ABF40D7AB42D7</styleUrl>
			<Point>
				<coordinates>84.06647427791098,28.13724796533629,575.8817011266718</coordinates>
			</Point>
		</Placemark>
		<Placemark id="0EEA4660CC40D7E086A3">
			<name>Untitled placemark</name>
			<LookAt>
				<longitude>84.06948701976729</longitude>
				<latitude>28.13742033994283</latitude>
				<altitude>572.8822516002793</altitude>
				<heading>36.31215919325142</heading>
				<tilt>30.50611810523497</tilt>
				<gx:fovy>30</gx:fovy>
				<range>86.80523185179482</range>
				<altitudeMode>absolute</altitudeMode>
			</LookAt>
			<styleUrl>#__managed_style_014FF59ABF40D7AB42D7</styleUrl>
			<Point>
				<coordinates>84.06953206310213,28.13737076587943,572.8822480056577</coordinates>
			</Point>
		</Placemark>
		<Placemark id="0317F7D8BB40D7E115E0">
			<name>Untitled placemark</name>
			<LookAt>
				<longitude>84.03524809686994</longitude>
				<latitude>28.1612206338293</latitude>
				<altitude>649.5631856179907</altitude>
				<heading>36.2935896312746</heading>
				<tilt>30.50621413908415</tilt>
				<gx:fovy>30</gx:fovy>
				<range>107.8446397266271</range>
				<altitudeMode>absolute</altitudeMode>
			</LookAt>
			<styleUrl>#__managed_style_014FF59ABF40D7AB42D7</styleUrl>
			<Point>
				<coordinates>84.03497330462439,28.16125687019835,651.1129815500265</coordinates>
			</Point>
		</Placemark>
		<Placemark id="07C1902E0640D7E16274">
			<name>Untitled placemark</name>
			<LookAt>
				<longitude>84.03483709512244</longitude>
				<latitude>28.16575051770962</latitude>
				<altitude>660.8484444598089</altitude>
				<heading>36.29234139275874</heading>
				<tilt>30.50613747069901</tilt>
				<gx:fovy>30</gx:fovy>
				<range>91.04888805137307</range>
				<altitudeMode>absolute</altitudeMode>
			</LookAt>
			<styleUrl>#__managed_style_014FF59ABF40D7AB42D7</styleUrl>
			<Point>
				<coordinates>84.03461815564468,28.16588846294651,661.2339417899971</coordinates>
			</Point>
		</Placemark>
		<Placemark id="068E09D7AE40D7E1C0E4">
			<name>Untitled placemark</name>
			<LookAt>
				<longitude>84.0325382966396</longitude>
				<latitude>28.17852684274802</latitude>
				<altitude>685.6353537989531</altitude>
				<heading>36.2893394542952</heading>
				<tilt>30.50627525534329</tilt>
				<gx:fovy>30</gx:fovy>
				<range>121.2341998111697</range>
				<altitudeMode>absolute</altitudeMode>
			</LookAt>
			<styleUrl>#__managed_style_014FF59ABF40D7AB42D7</styleUrl>
			<Point>
				<coordinates>84.03231999801432,28.17846416324698,686.1125539489171</coordinates>
			</Point>
		</Placemark>
		<Placemark id="0B8C8EB55640D7E296B4">
			<name>Untitled placemark</name>
			<LookAt>
				<longitude>84.02859768342621</longitude>
				<latitude>28.18775100908983</latitude>
				<altitude>754.7981248925654</altitude>
				<heading>73.87518389776042</heading>
				<tilt>0</tilt>
				<gx:fovy>30</gx:fovy>
				<range>96.15282141198804</range>
				<altitudeMode>absolute</altitudeMode>
			</LookAt>
			<styleUrl>#__managed_style_014FF59ABF40D7AB42D7</styleUrl>
			<Point>
				<coordinates>84.02855453721591,28.18781593812884,754.8343170874329</coordinates>
			</Point>
		</Placemark>
		<Placemark id="0479ACEEE640D7E2F590">
			<name>Untitled placemark</name>
			<LookAt>
				<longitude>84.02772615393614</longitude>
				<latitude>28.19324057689101</latitude>
				<altitude>766.7686983910277</altitude>
				<heading>73.8758514351849</heading>
				<tilt>0</tilt>
				<gx:fovy>30</gx:fovy>
				<range>247.0313040754991</range>
				<altitudeMode>absolute</altitudeMode>
			</LookAt>
			<styleUrl>#__managed_style_014FF59ABF40D7AB42D7</styleUrl>
			<Point>
				<coordinates>84.02719797591141,28.19329060262668,763.6651851866695</coordinates>
			</Point>
		</Placemark>
		<Placemark id="00E174D69D40D7E39608">
			<name>Untitled placemark</name>
			<LookAt>
				<longitude>84.02593784007574</longitude>
				<latitude>28.19973762254198</latitude>
				<altitude>774.8240179875705</altitude>
				<heading>73.87574627440326</heading>
				<tilt>0</tilt>
				<gx:fovy>30</gx:fovy>
				<range>125.7973592179223</range>
				<altitudeMode>absolute</altitudeMode>
			</LookAt>
			<styleUrl>#__managed_style_014FF59ABF40D7AB42D7</styleUrl>
			<Point>
				<coordinates>84.02582825574335,28.19990180504716,774.8932163415487</coordinates>
			</Point>
		</Placemark>
		<Placemark id="08C7BC810940D7E3E5A7">
			<name>Untitled placemark</name>
			<LookAt>
				<longitude>84.02855033179812</longitude>
				<latitude>28.20959289139436</latitude>
				<altitude>791.6537053817393</altitude>
				<heading>73.87577409868362</heading>
				<tilt>0</tilt>
				<gx:fovy>30</gx:fovy>
				<range>94.66975636175449</range>
				<altitudeMode>absolute</altitudeMode>
			</LookAt>
			<styleUrl>#__managed_style_014FF59ABF40D7AB42D7</styleUrl>
			<Point>
				<coordinates>84.02858465814606,28.20957927672688,791.7378116372264</coordinates>
			</Point>
		</Placemark>
		<Placemark id="0415F1912C40D7E422EB">
			<name>Untitled placemark</name>
			<LookAt>
				<longitude>84.02853352288551</longitude>
				<latitude>28.21321690383827</latitude>
				<altitude>805.0646586932257</altitude>
				<heading>73.8765764976947</heading>
				<tilt>0</tilt>
				<gx:fovy>30</gx:fovy>
				<range>110.7555028414208</range>
				<altitudeMode>absolute</altitudeMode>
			</LookAt>
			<styleUrl>#__managed_style_014FF59ABF40D7AB42D7</styleUrl>
			<Point>
				<coordinates>84.02839740818587,28.21328515990687,804.9378900032468</coordinates>
			</Point>
		</Placemark>
		<Placemark id="0E1C02C96940D7E49E98">
			<name>Untitled placemark</name>
			<LookAt>
				<longitude>84.03031060343545</longitude>
				<latitude>28.21692889169685</latitude>
				<altitude>812.0288585526844</altitude>
				<heading>73.87609781489162</heading>
				<tilt>0</tilt>
				<gx:fovy>30</gx:fovy>
				<range>230.5388892318661</range>
				<altitudeMode>absolute</altitudeMode>
			</LookAt>
			<styleUrl>#__managed_style_014FF59ABF40D7AB42D7</styleUrl>
			<Point>
				<coordinates>84.0299190001559,28.21689633634044,809.4660874287455</coordinates>
			</Point>
		</Placemark>
		<Placemark id="03C3DDC16C40D7E829BB">
			<name>Untitled placemark</name>
			<LookAt>
				<longitude>84.08908649133636</longitude>
				<latitude>28.1799899630029</latitude>
				<altitude>688.5900800381401</altitude>
				<heading>32.445368162493</heading>
				<tilt>59.62034862758505</tilt>
				<gx:fovy>35</gx:fovy>
				<range>152.2009443333809</range>
				<altitudeMode>absolute</altitudeMode>
			</LookAt>
			<styleUrl>#__managed_style_014FF59ABF40D7AB42D7</styleUrl>
			<Point>
				<coordinates>84.0887749082712,28.18010461552232,691.0598262769838</coordinates>
			</Point>
		</Placemark>
		<Placemark id="0F2119F27B40D7E8570C">
			<name>Untitled placemark</name>
			<LookAt>
				<longitude>84.0937140757258</longitude>
				<latitude>28.18294810349762</latitude>
				<altitude>687.0385044897363</altitude>
				<heading>32.44746143228892</heading>
				<tilt>59.62064739427367</tilt>
				<gx:fovy>35</gx:fovy>
				<range>190.7144542727292</range>
				<altitudeMode>absolute</altitudeMode>
			</LookAt>
			<styleUrl>#__managed_style_014FF59ABF40D7AB42D7</styleUrl>
			<Point>
				<coordinates>84.09319074130566,28.18294500634934,690.0538532508933</coordinates>
			</Point>
		</Placemark>
		<Placemark id="0B0D990B0440D7E89B20">
			<name>Untitled placemark</name>
			<LookAt>
				<longitude>84.09515908665863</longitude>
				<latitude>28.18741682208099</latitude>
				<altitude>696.3668869159367</altitude>
				<heading>32.44714162720825</heading>
				<tilt>59.61977248858104</tilt>
				<gx:fovy>35</gx:fovy>
				<range>77.93185018010263</range>
				<altitudeMode>absolute</altitudeMode>
			</LookAt>
			<styleUrl>#__managed_style_014FF59ABF40D7AB42D7</styleUrl>
			<Point>
				<coordinates>84.09506636327562,28.18757427248469,689.6761966052094</coordinates>
			</Point>
		</Placemark>
		<Placemark id="0A675BD83440D7E8CC7F">
			<name>Untitled placemark</name>
			<LookAt>
				<longitude>84.09760979423298</longitude>
				<latitude>28.18505795421733</latitude>
				<altitude>698.0506609115589</altitude>
				<heading>32.44791008462539</heading>
				<tilt>59.61999669258908</tilt>
				<gx:fovy>35</gx:fovy>
				<range>106.833702375352</range>
				<altitudeMode>absolute</altitudeMode>
			</LookAt>
			<styleUrl>#__managed_style_014FF59ABF40D7AB42D7</styleUrl>
			<Point>
				<coordinates>84.09760928848708,28.18488648412663,701.3066114030346</coordinates>
			</Point>
		</Placemark>
		<Placemark id="0768B7A63340D7E8FC09">
			<name>Untitled placemark</name>
			<LookAt>
				<longitude>84.09752128918907</longitude>
				<latitude>28.18184952325456</latitude>
				<altitude>691.2649336712218</altitude>
				<heading>32.44927243497025</heading>
				<tilt>59.62092289262326</tilt>
				<gx:fovy>35</gx:fovy>
				<range>226.2286437893272</range>
				<altitudeMode>absolute</altitudeMode>
			</LookAt>
			<styleUrl>#__managed_style_014FF59ABF40D7AB42D7</styleUrl>
			<Point>
				<coordinates>84.0973106863147,28.18132718744306,698.250232673442</coordinates>
			</Point>
		</Placemark>
		<Placemark id="0842545C1540D7E921E9">
			<name>Untitled placemark</name>
			<LookAt>
				<longitude>84.10054858842796</longitude>
				<latitude>28.1809776539919</latitude>
				<altitude>705.5042177090667</altitude>
				<heading>32.45199565873219</heading>
				<tilt>59.62076663320715</tilt>
				<gx:fovy>35</gx:fovy>
				<range>206.0859424673254</range>
				<altitudeMode>absolute</altitudeMode>
			</LookAt>
			<styleUrl>#__managed_style_014FF59ABF40D7AB42D7</styleUrl>
			<Point>
				<coordinates>84.10043891988749,28.1807864411695,700.3432095722728</coordinates>
			</Point>
		</Placemark>
		<Placemark id="05F038EC2440D7E95F09">
			<name>Untitled placemark</name>
			<LookAt>
				<longitude>84.10554473661729</longitude>
				<latitude>28.17833734252934</latitude>
				<altitude>704.5702080818356</altitude>
				<heading>32.45593895685734</heading>
				<tilt>59.62133574902612</tilt>
				<gx:fovy>35</gx:fovy>
				<range>279.4499281880053</range>
				<altitudeMode>absolute</altitudeMode>
			</LookAt>
			<styleUrl>#__managed_style_014FF59ABF40D7AB42D7</styleUrl>
			<Point>
				<coordinates>84.10497792573354,28.17806666455352,694.6013297919393</coordinates>
			</Point>
		</Placemark>
		<Placemark id="0255A6BDCB40D7E98E84">
			<name>Untitled placemark</name>
			<LookAt>
				<longitude>84.11114806029921</longitude>
				<latitude>28.17373454612513</latitude>
				<altitude>688.9449892762128</altitude>
				<heading>32.46208754550402</heading>
				<tilt>59.62206129740183</tilt>
				<gx:fovy>35</gx:fovy>
				<range>372.9785644172808</range>
				<altitudeMode>absolute</altitudeMode>
			</LookAt>
			<styleUrl>#__managed_style_014FF59ABF40D7AB42D7</styleUrl>
			<Point>
				<coordinates>84.11240491026753,28.17338767099201,687.2024588906409</coordinates>
			</Point>
		</Placemark>
		<Placemark id="0013E6B41B40D7E9BB03">
			<name>Untitled placemark</name>
			<LookAt>
				<longitude>84.10509351427943</longitude>
				<latitude>28.16904741306543</latitude>
				<altitude>687.4995453755845</altitude>
				<heading>32.46381017238805</heading>
				<tilt>59.62547277086151</tilt>
				<gx:fovy>35</gx:fovy>
				<range>812.7461627016603</range>
				<altitudeMode>absolute</altitudeMode>
			</LookAt>
			<styleUrl>#__managed_style_014FF59ABF40D7AB42D7</styleUrl>
			<Point>
				<coordinates>84.10510295506178,28.16707033487495,708.0540695338726</coordinates>
			</Point>
		</Placemark>
		<Placemark id="0F187A266E40D7E9EAF1">
			<name>Untitled placemark</name>
			<LookAt>
				<longitude>84.09468126268159</longitude>
				<latitude>28.16926165624202</latitude>
				<altitude>687.3475761248895</altitude>
				<heading>32.46022652236682</heading>
				<tilt>59.62080256512893</tilt>
				<gx:fovy>35</gx:fovy>
				<range>210.7172903713945</range>
				<altitudeMode>absolute</altitudeMode>
			</LookAt>
			<styleUrl>#__managed_style_014FF59ABF40D7AB42D7</styleUrl>
			<Point>
				<coordinates>84.09411982516251,28.16874475796663,687.3475784717912</coordinates>
			</Point>
		</Placemark>
		<Placemark id="0956BC3B7440D7EB090F">
			<name>Untitled placemark</name>
			<LookAt>
				<longitude>84.11281250324863</longitude>
				<latitude>28.15654967412242</latitude>
				<altitude>625.6183354492703</altitude>
				<heading>32.46407544359008</heading>
				<tilt>59.62047450090479</tilt>
				<gx:fovy>35</gx:fovy>
				<range>168.4254145396153</range>
				<altitudeMode>absolute</altitudeMode>
			</LookAt>
			<styleUrl>#__managed_style_014FF59ABF40D7AB42D7</styleUrl>
			<Point>
				<coordinates>84.11239601434467,28.1569250596484,625.567991083532</coordinates>
			</Point>
		</Placemark>
		<Placemark id="043208FD9840D7EB29E9">
			<name>Untitled placemark</name>
			<LookAt>
				<longitude>84.11106342609986</longitude>
				<latitude>28.15282286163381</latitude>
				<altitude>635.8839831830137</altitude>
				<heading>32.46320770976345</heading>
				<tilt>59.62056642173422</tilt>
				<gx:fovy>35</gx:fovy>
				<range>180.2749738010971</range>
				<altitudeMode>absolute</altitudeMode>
			</LookAt>
			<styleUrl>#__managed_style_014FF59ABF40D7AB42D7</styleUrl>
			<Point>
				<coordinates>84.110677151695,28.15289543592039,629.1018073623096</coordinates>
			</Point>
		</Placemark>
		<Placemark id="0A084555DB40D7EB642E">
			<name>Untitled placemark</name>
			<LookAt>
				<longitude>84.10592488945271</longitude>
				<latitude>28.14585620757371</latitude>
				<altitude>626.5960848053587</altitude>
				<heading>32.46030931512647</heading>
				<tilt>59.61966361152805</tilt>
				<gx:fovy>35</gx:fovy>
				<range>63.89595955981349</range>
				<altitudeMode>absolute</altitudeMode>
			</LookAt>
			<styleUrl>#__managed_style_014FF59ABF40D7AB42D7</styleUrl>
			<Point>
				<coordinates>84.10575663075102,28.14575350852358,626.9298536933768</coordinates>
			</Point>
		</Placemark>
		<Placemark id="0D1B90294A40D7EB8B41">
			<name>Untitled placemark</name>
			<LookAt>
				<longitude>84.11282578459252</longitude>
				<latitude>28.1464197216005</latitude>
				<altitude>626.5702231950073</altitude>
				<heading>32.464568063199</heading>
				<tilt>59.6210893285435</tilt>
				<gx:fovy>35</gx:fovy>
				<range>247.6811344287489</range>
				<altitudeMode>absolute</altitudeMode>
			</LookAt>
			<styleUrl>#__managed_style_014FF59ABF40D7AB42D7</styleUrl>
			<Point>
				<coordinates>84.1128976804977,28.14554169011824,626.071261324826</coordinates>
			</Point>
		</Placemark>
		<Placemark id="03FC67A30240D7EBC494">
			<name>Untitled placemark</name>
			<LookAt>
				<longitude>84.11232295327498</longitude>
				<latitude>28.14725982285679</latitude>
				<altitude>626.8044327940983</altitude>
				<heading>32.46428293064561</heading>
				<tilt>59.61953949082576</tilt>
				<gx:fovy>35</gx:fovy>
				<range>47.89590935657998</range>
				<altitudeMode>absolute</altitudeMode>
			</LookAt>
			<styleUrl>#__managed_style_014FF59ABF40D7AB42D7</styleUrl>
			<Point>
				<coordinates>84.11235221398833,28.14716838881989,626.1964152148778</coordinates>
			</Point>
		</Placemark>
		<Placemark id="040DA2174040D7EBEF64">
			<name>Untitled placemark</name>
			<LookAt>
				<longitude>84.11440513326852</longitude>
				<latitude>28.15458400503125</latitude>
				<altitude>625.7183564610441</altitude>
				<heading>32.46650315699181</heading>
				<tilt>59.61972083515425</tilt>
				<gx:fovy>35</gx:fovy>
				<range>71.27249130405291</range>
				<altitudeMode>absolute</altitudeMode>
			</LookAt>
			<styleUrl>#__managed_style_014FF59ABF40D7AB42D7</styleUrl>
			<Point>
				<coordinates>84.11444675222798,28.15445422959197,625.718350711913</coordinates>
			</Point>
		</Placemark>
		<Placemark id="09B6BEBF2140D7EC6E1B">
			<name>Untitled placemark</name>
			<LookAt>
				<longitude>84.11790040910751</longitude>
				<latitude>28.16323850165476</latitude>
				<altitude>625.4092740420261</altitude>
				<heading>32.46810410919433</heading>
				<tilt>59.62011931560451</tilt>
				<gx:fovy>35</gx:fovy>
				<range>122.6394692491522</range>
				<altitudeMode>absolute</altitudeMode>
			</LookAt>
			<styleUrl>#__managed_style_014FF59ABF40D7AB42D7</styleUrl>
			<Point>
				<coordinates>84.1178418286175,28.1633061655644,626.148660116884</coordinates>
			</Point>
		</Placemark>
		<Placemark id="051353B75F40D7F30894">
			<name>Untitled placemark</name>
			<LookAt>
				<longitude>84.02304708756823</longitude>
				<latitude>28.22677733517003</latitude>
				<altitude>853.3236430019988</altitude>
				<heading>50.45169789631589</heading>
				<tilt>30.09161758733241</tilt>
				<gx:fovy>35</gx:fovy>
				<range>229.0197366594293</range>
				<altitudeMode>absolute</altitudeMode>
			</LookAt>
			<styleUrl>#__managed_style_014FF59ABF40D7AB42D7</styleUrl>
			<Point>
				<coordinates>84.02310933437721,28.22663675502791,852.9639116420278</coordinates>
			</Point>
		</Placemark>
		<Placemark id="04ACD998F040D7F34D28">
			<name>Untitled placemark</name>
			<LookAt>
				<longitude>84.02533532570941</longitude>
				<latitude>28.23072404594884</latitude>
				<altitude>865.2702237368401</altitude>
				<heading>50.4527979148631</heading>
				<tilt>30.09097266141545</tilt>
				<gx:fovy>35</gx:fovy>
				<range>85.9670487373478</range>
				<altitudeMode>absolute</altitudeMode>
			</LookAt>
			<styleUrl>#__managed_style_014FF59ABF40D7AB42D7</styleUrl>
			<Point>
				<coordinates>84.02519197704447,28.23069276492727,863.7724096317223</coordinates>
			</Point>
		</Placemark>
		<Placemark id="0654E74F7840D7F40F63">
			<name>Untitled placemark</name>
			<LookAt>
				<longitude>83.99362856315041</longitude>
				<latitude>28.21223724168119</latitude>
				<altitude>829.360407738738</altitude>
				<heading>50.42498283609911</heading>
				<tilt>30.0909415148207</tilt>
				<gx:fovy>35</gx:fovy>
				<range>79.05787590099864</range>
				<altitudeMode>absolute</altitudeMode>
			</LookAt>
			<styleUrl>#__managed_style_014FF59ABF40D7AB42D7</styleUrl>
			<Point>
				<coordinates>83.9936840753259,28.21212381864849,830.5166276174391</coordinates>
			</Point>
		</Placemark>
		<Placemark id="0648BC971840D7F446D0">
			<name>Untitled placemark</name>
			<LookAt>
				<longitude>83.99261199917238</longitude>
				<latitude>28.21647522977079</latitude>
				<altitude>824.2236973538572</altitude>
				<heading>50.42531802622825</heading>
				<tilt>30.09077178860698</tilt>
				<gx:fovy>35</gx:fovy>
				<range>41.41053023292443</range>
				<altitudeMode>absolute</altitudeMode>
			</LookAt>
			<styleUrl>#__managed_style_014FF59ABF40D7AB42D7</styleUrl>
			<Point>
				<coordinates>83.99261206859155,28.2164338786754,824.0052161891271</coordinates>
			</Point>
		</Placemark>
		<Placemark id="082092042E40D7F49F94">
			<name>Untitled placemark</name>
			<LookAt>
				<longitude>83.9936056905906</longitude>
				<latitude>28.23236512971077</latitude>
				<altitude>841.7258056272088</altitude>
				<heading>50.42679099337697</heading>
				<tilt>30.09102054744545</tilt>
				<gx:fovy>35</gx:fovy>
				<range>96.58845598075459</range>
				<altitudeMode>absolute</altitudeMode>
			</LookAt>
			<styleUrl>#__managed_style_014FF59ABF40D7AB42D7</styleUrl>
			<Point>
				<coordinates>83.99347145039779,28.23241020264996,842.0718137150691</coordinates>
			</Point>
		</Placemark>
		<Placemark id="016E3CF49E40D7F4C2E0">
			<name>Untitled placemark</name>
			<LookAt>
				<longitude>83.99254471833881</longitude>
				<latitude>28.23316006188589</latitude>
				<altitude>843.067942432128</altitude>
				<heading>50.42681386608377</heading>
				<tilt>30.09120523108618</tilt>
				<gx:fovy>35</gx:fovy>
				<range>137.5536170531814</range>
				<altitudeMode>absolute</altitudeMode>
			</LookAt>
			<styleUrl>#__managed_style_014FF59ABF40D7AB42D7</styleUrl>
			<Point>
				<coordinates>83.99217659635237,28.23334457402644,843.3678491021182</coordinates>
			</Point>
		</Placemark>
		<Placemark id="0E1EAF7D7A40D7F4E61E">
			<name>Untitled placemark</name>
			<LookAt>
				<longitude>83.99371711444363</longitude>
				<latitude>28.23570792959175</latitude>
				<altitude>852.0894881794965</altitude>
				<heading>50.42746586114048</heading>
				<tilt>30.09141232361351</tilt>
				<gx:fovy>35</gx:fovy>
				<range>183.4896025331</range>
				<altitudeMode>absolute</altitudeMode>
			</LookAt>
			<styleUrl>#__managed_style_014FF59ABF40D7AB42D7</styleUrl>
			<Point>
				<coordinates>83.99334319507795,28.23600568301675,844.7723806906183</coordinates>
			</Point>
		</Placemark>
		<Placemark id="0801EDC75A40D7F500F3">
			<name>Untitled placemark</name>
			<LookAt>
				<longitude>83.99422715260526</longitude>
				<latitude>28.23682183999961</latitude>
				<altitude>853.584913045324</altitude>
				<heading>50.42752195391294</heading>
				<tilt>30.09108572405534</tilt>
				<gx:fovy>35</gx:fovy>
				<range>111.0456516190061</range>
				<altitudeMode>absolute</altitudeMode>
			</LookAt>
			<styleUrl>#__managed_style_014FF59ABF40D7AB42D7</styleUrl>
			<Point>
				<coordinates>83.99393853708813,28.2369290359822,849.7637915425845</coordinates>
			</Point>
		</Placemark>
		<Placemark id="0EF842158940D7F55430">
			<name>Untitled placemark</name>
			<LookAt>
				<longitude>83.99458208437903</longitude>
				<latitude>28.24016761361408</latitude>
				<altitude>852.0119078908781</altitude>
				<heading>50.42780908992696</heading>
				<tilt>30.09096932541572</tilt>
				<gx:fovy>35</gx:fovy>
				<range>85.22692425139213</range>
				<altitudeMode>absolute</altitudeMode>
			</LookAt>
			<styleUrl>#__managed_style_014FF59ABF40D7AB42D7</styleUrl>
			<Point>
				<coordinates>83.99445023932499,28.24017713926223,852.677551125925</coordinates>
			</Point>
		</Placemark>
		<Placemark id="06D22CD04140D7F59417">
			<name>Untitled placemark</name>
			<LookAt>
				<longitude>83.98896752966159</longitude>
				<latitude>28.25163559211806</latitude>
				<altitude>877.1912836048602</altitude>
				<heading>50.42496582602364</heading>
				<tilt>30.09126136661558</tilt>
				<gx:fovy>35</gx:fovy>
				<range>150.0060024964114</range>
				<altitudeMode>absolute</altitudeMode>
			</LookAt>
			<styleUrl>#__managed_style_014FF59ABF40D7AB42D7</styleUrl>
			<Point>
				<coordinates>83.98852844259689,28.25182494106988,878.0653514007352</coordinates>
			</Point>
		</Placemark>
		<Placemark id="02696591B340D7F69191">
			<name>Untitled placemark</name>
			<LookAt>
				<longitude>83.98841902414469</longitude>
				<latitude>28.26347813353208</latitude>
				<altitude>927.8738378487793</altitude>
				<heading>50.42047348117745</heading>
				<tilt>30.09125430658802</tilt>
				<gx:fovy>35</gx:fovy>
				<range>148.4411784644362</range>
				<altitudeMode>absolute</altitudeMode>
			</LookAt>
			<styleUrl>#__managed_style_014FF59ABF40D7AB42D7</styleUrl>
			<Point>
				<coordinates>83.98808703970883,28.26348126440366,912.538434095282</coordinates>
			</Point>
		</Placemark>
		<Placemark id="01F720485040D7F9AF8E">
			<name>Untitled placemark</name>
			<LookAt>
				<longitude>83.95924932338647</longitude>
				<latitude>28.18447925216542</latitude>
				<altitude>711.6019387728143</altitude>
				<heading>50.45195051928521</heading>
				<tilt>30.05135220747414</tilt>
				<gx:fovy>35</gx:fovy>
				<range>171.9832919293367</range>
				<altitudeMode>absolute</altitudeMode>
			</LookAt>
			<styleUrl>#__managed_style_014FF59ABF40D7AB42D7</styleUrl>
			<Point>
				<coordinates>83.95897205442157,28.18474425274852,711.494220601104</coordinates>
			</Point>
		</Placemark>
		<Placemark id="0D1008694440D7F9D61C">
			<name>Untitled placemark</name>
			<LookAt>
				<longitude>83.96045294720879</longitude>
				<latitude>28.18384144239284</latitude>
				<altitude>710.8715998695913</altitude>
				<heading>50.45277408356561</heading>
				<tilt>30.05090515376496</tilt>
				<gx:fovy>35</gx:fovy>
				<range>72.70358058772217</range>
				<altitudeMode>absolute</altitudeMode>
			</LookAt>
			<styleUrl>#__managed_style_014FF59ABF40D7AB42D7</styleUrl>
			<Point>
				<coordinates>83.96033918819671,28.18379446046303,711.4805253362022</coordinates>
			</Point>
		</Placemark>
		<Placemark id="030A36DA5740D7F9F413">
			<name>Untitled placemark</name>
			<LookAt>
				<longitude>83.96181675858443</longitude>
				<latitude>28.18185100205984</latitude>
				<altitude>710.2608941655815</altitude>
				<heading>50.45372576783571</heading>
				<tilt>30.05093155715664</tilt>
				<gx:fovy>35</gx:fovy>
				<range>78.56711920655471</range>
				<altitudeMode>absolute</altitudeMode>
			</LookAt>
			<styleUrl>#__managed_style_014FF59ABF40D7AB42D7</styleUrl>
			<Point>
				<coordinates>83.96163059414482,28.18185691212059,709.4628826194098</coordinates>
			</Point>
		</Placemark>
		<Placemark id="0C413D9F4B40D7FA150E">
			<name>Untitled placemark</name>
			<LookAt>
				<longitude>83.96185386952531</longitude>
				<latitude>28.18003253324182</latitude>
				<altitude>708.4029507896059</altitude>
				<heading>50.45329304136001</heading>
				<tilt>30.05153698622498</tilt>
				<gx:fovy>35</gx:fovy>
				<range>213.0180379494414</range>
				<altitudeMode>absolute</altitudeMode>
			</LookAt>
			<styleUrl>#__managed_style_014FF59ABF40D7AB42D7</styleUrl>
			<Point>
				<coordinates>83.96163538291187,28.18013038520233,708.4777069463087</coordinates>
			</Point>
		</Placemark>
		<Placemark id="03BA14189640D7FA3A17">
			<name>Untitled placemark</name>
			<LookAt>
				<longitude>83.96639983922141</longitude>
				<latitude>28.18009956586541</latitude>
				<altitude>707.4750950484218</altitude>
				<heading>50.45651067413749</heading>
				<tilt>30.05168638315023</tilt>
				<gx:fovy>35</gx:fovy>
				<range>246.195403954589</range>
				<altitudeMode>absolute</altitudeMode>
			</LookAt>
			<styleUrl>#__managed_style_014FF59ABF40D7AB42D7</styleUrl>
			<Point>
				<coordinates>83.96645210972999,28.18025315545999,702.4772622670741</coordinates>
			</Point>
		</Placemark>
		<Placemark id="072A1BD86D40D7FA85D4">
			<name>Untitled placemark</name>
			<LookAt>
				<longitude>83.97059255052132</longitude>
				<latitude>28.17918978986793</latitude>
				<altitude>697.3239071107471</altitude>
				<heading>50.45807468629561</heading>
				<tilt>30.05108438724359</tilt>
				<gx:fovy>35</gx:fovy>
				<range>112.5067211274472</range>
				<altitudeMode>absolute</altitudeMode>
			</LookAt>
			<styleUrl>#__managed_style_014FF59ABF40D7AB42D7</styleUrl>
			<Point>
				<coordinates>83.97049755634993,28.17909286264828,696.604910575453</coordinates>
			</Point>
		</Placemark>
		<Placemark id="086EB5A31D40D7FAACC8">
			<name>Untitled placemark</name>
			<LookAt>
				<longitude>83.97227770935055</longitude>
				<latitude>28.17702513440519</latitude>
				<altitude>694.4617447411327</altitude>
				<heading>50.45889842367314</heading>
				<tilt>30.0510365875659</tilt>
				<gx:fovy>35</gx:fovy>
				<range>101.8915544526681</range>
				<altitudeMode>absolute</altitudeMode>
			</LookAt>
			<styleUrl>#__managed_style_014FF59ABF40D7AB42D7</styleUrl>
			<Point>
				<coordinates>83.9722190985439,28.17696842067533,694.2218742807667</coordinates>
			</Point>
		</Placemark>
		<Placemark id="02668E979D40D7FAD440">
			<name>Untitled placemark</name>
			<LookAt>
				<longitude>83.97465065479375</longitude>
				<latitude>28.17440559016184</latitude>
				<altitude>693.1211843878518</altitude>
				<heading>50.46042474590475</heading>
				<tilt>30.05072258626654</tilt>
				<gx:fovy>35</gx:fovy>
				<range>32.15972453325776</range>
				<altitudeMode>absolute</altitudeMode>
			</LookAt>
			<styleUrl>#__managed_style_014FF59ABF40D7AB42D7</styleUrl>
			<Point>
				<coordinates>83.9746481537335,28.17437665303132,693.3385742829049</coordinates>
			</Point>
		</Placemark>
		<Placemark id="03E9EC651C40D7FCCD68">
			<name>Untitled placemark</name>
			<LookAt>
				<longitude>84.06911358902823</longitude>
				<latitude>28.18127085131141</latitude>
				<altitude>697.0834044892805</altitude>
				<heading>50.49855547581092</heading>
				<tilt>30.05106013841098</tilt>
				<gx:fovy>35</gx:fovy>
				<range>107.1216724585975</range>
				<altitudeMode>absolute</altitudeMode>
			</LookAt>
			<styleUrl>#__managed_style_014FF59ABF40D7AB42D7</styleUrl>
			<Point>
				<coordinates>84.06893824250157,28.18138442295753,697.0833843786389</coordinates>
			</Point>
		</Placemark>
		<Placemark id="03A24289B540D7FCF990">
			<name>Untitled placemark</name>
			<LookAt>
				<longitude>84.07080251851315</longitude>
				<latitude>28.17999320994078</latitude>
				<altitude>697.6522512253321</altitude>
				<heading>50.49942222465427</heading>
				<tilt>30.05122423392506</tilt>
				<gx:fovy>35</gx:fovy>
				<range>143.5632093143795</range>
				<altitudeMode>absolute</altitudeMode>
			</LookAt>
			<styleUrl>#__managed_style_014FF59ABF40D7AB42D7</styleUrl>
			<Point>
				<coordinates>84.07079285407727,28.17957157100059,698.1557496946814</coordinates>
			</Point>
		</Placemark>
		<Placemark id="07E011FB2440D7FE68F8">
			<name>Untitled placemark</name>
			<LookAt>
				<longitude>84.05109830936705</longitude>
				<latitude>28.19444399470713</latitude>
				<altitude>745.2197705011567</altitude>
				<heading>50.49210651127345</heading>
				<tilt>30.05115217412405</tilt>
				<gx:fovy>35</gx:fovy>
				<range>127.5615106043915</range>
				<altitudeMode>absolute</altitudeMode>
			</LookAt>
			<styleUrl>#__managed_style_014FF59ABF40D7AB42D7</styleUrl>
			<Point>
				<coordinates>84.05088326285198,28.1945892091186,744.9588735147606</coordinates>
			</Point>
		</Placemark>
		<Placemark id="03B1B81B2E40D7FEB453">
			<name>Untitled placemark</name>
			<LookAt>
				<longitude>84.04996473838445</longitude>
				<latitude>28.19306915561216</latitude>
				<altitude>744.9588532584103</altitude>
				<heading>50.49146351651333</heading>
				<tilt>30.05104997432481</tilt>
				<gx:fovy>35</gx:fovy>
				<range>104.8653099833246</range>
				<altitudeMode>absolute</altitudeMode>
			</LookAt>
			<styleUrl>#__managed_style_014FF59ABF40D7AB42D7</styleUrl>
			<Point>
				<coordinates>84.04979598721964,28.19300918818185,744.9588772480178</coordinates>
			</Point>
		</Placemark>
		<Placemark id="0E45C8158340D7FED838">
			<name>Untitled placemark</name>
			<LookAt>
				<longitude>84.04922900090348</longitude>
				<latitude>28.19137894089555</latitude>
				<altitude>746.967853114324</altitude>
				<heading>50.49088355979175</heading>
				<tilt>30.05126288414217</tilt>
				<gx:fovy>35</gx:fovy>
				<range>152.1476822100522</range>
				<altitudeMode>absolute</altitudeMode>
			</LookAt>
			<styleUrl>#__managed_style_014FF59ABF40D7AB42D7</styleUrl>
			<Point>
				<coordinates>84.04880193385875,28.1913708755787,747.1223812857261</coordinates>
			</Point>
		</Placemark>
	</Folder>
	<Folder id="0F47ED0C1340D8024923">
		<name>Cropland</name>
		<styleUrl>#__managed_style_0BC0B55BB440D2A9E73C</styleUrl>
		<Placemark id="00B0177D4740D807A238">
			<name>Untitled placemark</name>
			<LookAt>
				<longitude>83.82536130541885</longitude>
				<latitude>28.26523227779748</latitude>
				<altitude>1550.392571136752</altitude>
				<heading>-4.540986900773235</heading>
				<tilt>47.74713879322141</tilt>
				<gx:fovy>35</gx:fovy>
				<range>135.0227390910914</range>
				<altitudeMode>absolute</altitudeMode>
			</LookAt>
			<styleUrl>#__managed_style_066A1C928C40D806A1A3</styleUrl>
			<Point>
				<coordinates>83.82553925227732,28.26509476302513,1541.162745366012</coordinates>
			</Point>
		</Placemark>
		<Placemark id="0BCC2C269C40D80437D8">
			<name>Untitled placemark</name>
			<LookAt>
				<longitude>83.812857600328</longitude>
				<latitude>28.23398675887266</latitude>
				<altitude>1866.770719791022</altitude>
				<heading>-4.541004495930701</heading>
				<tilt>47.74755387216949</tilt>
				<gx:fovy>35</gx:fovy>
				<range>197.4043090751366</range>
				<altitudeMode>absolute</altitudeMode>
			</LookAt>
			<styleUrl>#__managed_style_066A1C928C40D806A1A3</styleUrl>
			<Point>
				<coordinates>83.81246257877423,28.23361565806066,1865.770520772615</coordinates>
			</Point>
		</Placemark>
		<Placemark id="04E66F1F3040D807127C">
			<name>Untitled placemark</name>
			<LookAt>
				<longitude>83.83630282551658</longitude>
				<latitude>28.25323114972788</latitude>
				<altitude>1554.876464285413</altitude>
				<heading>-4.54097469526579</heading>
				<tilt>47.74685236078284</tilt>
				<gx:fovy>35</gx:fovy>
				<range>91.98205876239626</range>
				<altitudeMode>absolute</altitudeMode>
			</LookAt>
			<styleUrl>#__managed_style_066A1C928C40D806A1A3</styleUrl>
			<Point>
				<coordinates>83.83627818103321,28.25318245800815,1553.708211673389</coordinates>
			</Point>
		</Placemark>
		<Placemark id="0B6E46ECEB40D80835F0">
			<name>Untitled placemark</name>
			<LookAt>
				<longitude>83.89394232660275</longitude>
				<latitude>28.27249606696134</latitude>
				<altitude>1504.658825802088</altitude>
				<heading>-4.54099742492531</heading>
				<tilt>47.74738568779956</tilt>
				<gx:fovy>35</gx:fovy>
				<range>172.1210943463302</range>
				<altitudeMode>absolute</altitudeMode>
			</LookAt>
			<styleUrl>#__managed_style_066A1C928C40D806A1A3</styleUrl>
			<Point>
				<coordinates>83.89397787983974,28.27227068549792,1498.132009916532</coordinates>
			</Point>
		</Placemark>
		<Placemark id="00F85E85B040D808B45C">
			<name>Untitled placemark</name>
			<LookAt>
				<longitude>83.8931896311573</longitude>
				<latitude>28.28701915483445</latitude>
				<altitude>1109.643729614646</altitude>
				<heading>-4.540985500488105</heading>
				<tilt>47.74710510784281</tilt>
				<gx:fovy>35</gx:fovy>
				<range>129.9520250247588</range>
				<altitudeMode>absolute</altitudeMode>
			</LookAt>
			<styleUrl>#__managed_style_066A1C928C40D806A1A3</styleUrl>
			<Point>
				<coordinates>83.89313757950013,28.2869137980057,1109.172487952419</coordinates>
			</Point>
		</Placemark>
		<Placemark id="05C5BEDBEC40D808EA17">
			<name>Untitled placemark</name>
			<LookAt>
				<longitude>83.89672046439151</longitude>
				<latitude>28.28594218820979</latitude>
				<altitude>1103.677582452068</altitude>
				<heading>-4.540978621771422</heading>
				<tilt>47.74694368692912</tilt>
				<gx:fovy>35</gx:fovy>
				<range>105.6977102867313</range>
				<altitudeMode>absolute</altitudeMode>
			</LookAt>
			<styleUrl>#__managed_style_066A1C928C40D806A1A3</styleUrl>
			<Point>
				<coordinates>83.89666404154895,28.28576204323761,1104.583030851555</coordinates>
			</Point>
		</Placemark>
		<Placemark id="06248042C640D8094824">
			<name>Untitled placemark</name>
			<LookAt>
				<longitude>83.89813042604925</longitude>
				<latitude>28.28539260262394</latitude>
				<altitude>1100.575991657273</altitude>
				<heading>-4.540996857171621</heading>
				<tilt>47.74737174272747</tilt>
				<gx:fovy>35</gx:fovy>
				<range>170.0148763597099</range>
				<altitudeMode>absolute</altitudeMode>
			</LookAt>
			<styleUrl>#__managed_style_066A1C928C40D806A1A3</styleUrl>
			<Point>
				<coordinates>83.8985571481865,28.28516700530692,1101.645034221694</coordinates>
			</Point>
		</Placemark>
		<Placemark id="0C62924B7040D80980CE">
			<name>Untitled placemark</name>
			<LookAt>
				<longitude>83.89810624451729</longitude>
				<latitude>28.28354815311898</latitude>
				<altitude>1107.102582159631</altitude>
				<heading>-4.540977827949839</heading>
				<tilt>47.72391899289406</tilt>
				<gx:fovy>35</gx:fovy>
				<range>102.9461468123373</range>
				<altitudeMode>absolute</altitudeMode>
			</LookAt>
			<styleUrl>#__managed_style_066A1C928C40D806A1A3</styleUrl>
			<Point>
				<coordinates>83.89805700020779,28.28356550215552,1106.166994708552</coordinates>
			</Point>
		</Placemark>
		<Placemark id="0C0E03CB9240D809CE5B">
			<name>Untitled placemark</name>
			<LookAt>
				<longitude>83.89877616849415</longitude>
				<latitude>28.27608360085596</latitude>
				<altitude>1442.197580276705</altitude>
				<heading>-4.540973614360718</heading>
				<tilt>47.72382026333743</tilt>
				<gx:fovy>35</gx:fovy>
				<range>88.11080864053112</range>
				<altitudeMode>absolute</altitudeMode>
			</LookAt>
			<styleUrl>#__managed_style_066A1C928C40D806A1A3</styleUrl>
			<Point>
				<coordinates>83.8988774433483,28.27600454268859,1441.041926229071</coordinates>
			</Point>
		</Placemark>
		<Placemark id="080953863240D80B444C">
			<name>Untitled placemark</name>
			<LookAt>
				<longitude>83.85123480999417</longitude>
				<latitude>28.22432830232788</latitude>
				<altitude>1531.55930587749</altitude>
				<heading>-4.541175308918025</heading>
				<tilt>28.58157515598542</tilt>
				<gx:fovy>35</gx:fovy>
				<range>124.7933403800562</range>
				<altitudeMode>absolute</altitudeMode>
			</LookAt>
			<styleUrl>#__managed_style_066A1C928C40D806A1A3</styleUrl>
			<Point>
				<coordinates>83.85143997378707,28.2240411246799,1544.811641535008</coordinates>
			</Point>
		</Placemark>
		<Placemark id="0324E5934240D80BA9C4">
			<name>Untitled placemark</name>
			<LookAt>
				<longitude>83.88056871297766</longitude>
				<latitude>28.2094820587407</latitude>
				<altitude>1558.866798894086</altitude>
				<heading>-4.541177049524364</heading>
				<tilt>28.58161647372299</tilt>
				<gx:fovy>35</gx:fovy>
				<range>134.3997599866998</range>
				<altitudeMode>absolute</altitudeMode>
			</LookAt>
			<styleUrl>#__managed_style_066A1C928C40D806A1A3</styleUrl>
			<Point>
				<coordinates>83.88050732745718,28.20920107488377,1559.384441554274</coordinates>
			</Point>
		</Placemark>
		<Placemark id="043F6769A540D80BF2E8">
			<name>Untitled placemark</name>
			<LookAt>
				<longitude>83.88631366618688</longitude>
				<latitude>28.19598030273914</latitude>
				<altitude>1359.506896678992</altitude>
				<heading>-4.541171367939872</heading>
				<tilt>28.58148294618963</tilt>
				<gx:fovy>35</gx:fovy>
				<range>103.3530527466974</range>
				<altitudeMode>absolute</altitudeMode>
			</LookAt>
			<styleUrl>#__managed_style_066A1C928C40D806A1A3</styleUrl>
			<Point>
				<coordinates>83.88598726571686,28.19587991796834,1366.120192008724</coordinates>
			</Point>
		</Placemark>
		<Placemark id="0A96A2587C40D80C83F4">
			<name>Untitled placemark</name>
			<LookAt>
				<longitude>83.89627292852308</longitude>
				<latitude>28.19181729872908</latitude>
				<altitude>1188.745245325056</altitude>
				<heading>-4.541177323372279</heading>
				<tilt>28.58162335561485</tilt>
				<gx:fovy>35</gx:fovy>
				<range>135.991840875522</range>
				<altitudeMode>absolute</altitudeMode>
			</LookAt>
			<styleUrl>#__managed_style_066A1C928C40D806A1A3</styleUrl>
			<Point>
				<coordinates>83.89619241441204,28.19158549590028,1193.392469115118</coordinates>
			</Point>
		</Placemark>
		<Placemark id="037E2110C540D80CCFD6">
			<name>Untitled placemark</name>
			<LookAt>
				<longitude>83.89998100682391</longitude>
				<latitude>28.18970805176898</latitude>
				<altitude>1147.734079561344</altitude>
				<heading>-4.541169938577524</heading>
				<tilt>28.58144937856479</tilt>
				<gx:fovy>35</gx:fovy>
				<range>95.54608980474768</range>
				<altitudeMode>absolute</altitudeMode>
			</LookAt>
			<styleUrl>#__managed_style_066A1C928C40D806A1A3</styleUrl>
			<Point>
				<coordinates>83.90009519799226,28.18952994145284,1138.442155378691</coordinates>
			</Point>
		</Placemark>
		<Placemark id="04BDEDD2DA40D80D1F7C">
			<name>Untitled placemark</name>
			<LookAt>
				<longitude>83.91526450117021</longitude>
				<latitude>28.17265088666052</latitude>
				<altitude>1446.69175497534</altitude>
				<heading>-4.541178951810896</heading>
				<tilt>28.58166222927541</tilt>
				<gx:fovy>35</gx:fovy>
				<range>145.034836219329</range>
				<altitudeMode>absolute</altitudeMode>
			</LookAt>
			<styleUrl>#__managed_style_066A1C928C40D806A1A3</styleUrl>
			<Point>
				<coordinates>83.91526705000156,28.17242939548499,1441.231985057651</coordinates>
			</Point>
		</Placemark>
		<Placemark id="023B00DA4740D80D5787">
			<name>Untitled placemark</name>
			<LookAt>
				<longitude>83.90880863456914</longitude>
				<latitude>28.17488564161001</latitude>
				<altitude>1404.525480051189</altitude>
				<heading>-4.541174989376366</heading>
				<tilt>28.58156873443444</tilt>
				<gx:fovy>35</gx:fovy>
				<range>123.2980375573607</range>
				<altitudeMode>absolute</altitudeMode>
			</LookAt>
			<styleUrl>#__managed_style_066A1C928C40D806A1A3</styleUrl>
			<Point>
				<coordinates>83.90898728005138,28.17479503359952,1401.553006013736</coordinates>
			</Point>
		</Placemark>
		<Placemark id="0310EB486240D80F91FB">
			<name>Untitled placemark</name>
			<LookAt>
				<longitude>83.94097807361463</longitude>
				<latitude>28.29404280975139</latitude>
				<altitude>1150.574387602198</altitude>
				<heading>-4.541233814457422</heading>
				<tilt>28.58294634151924</tilt>
				<gx:fovy>35</gx:fovy>
				<range>443.5490699751246</range>
				<altitudeMode>absolute</altitudeMode>
			</LookAt>
			<styleUrl>#__managed_style_066A1C928C40D806A1A3</styleUrl>
			<Point>
				<coordinates>83.94091486402883,28.29401483009296,1150.171018413323</coordinates>
			</Point>
		</Placemark>
		<Placemark id="00DC622C7840D80FDB1E">
			<name>Untitled placemark</name>
			<LookAt>
				<longitude>83.94970746510869</longitude>
				<latitude>28.30054229279259</latitude>
				<altitude>1175.148316959449</altitude>
				<heading>-4.541178726081976</heading>
				<tilt>28.58165360150481</tilt>
				<gx:fovy>35</gx:fovy>
				<range>143.0229974173017</range>
				<altitudeMode>absolute</altitudeMode>
			</LookAt>
			<styleUrl>#__managed_style_066A1C928C40D806A1A3</styleUrl>
			<Point>
				<coordinates>83.94995045701228,28.3004928923661,1174.259912795579</coordinates>
			</Point>
		</Placemark>
		<Placemark id="054D755F8F40D8100406">
			<name>Untitled placemark</name>
			<LookAt>
				<longitude>83.95262645464084</longitude>
				<latitude>28.30202821505572</latitude>
				<altitude>1179.210759457754</altitude>
				<heading>-4.541173699328264</heading>
				<tilt>28.58153565984193</tilt>
				<gx:fovy>35</gx:fovy>
				<range>115.6047781234702</range>
				<altitudeMode>absolute</altitudeMode>
			</LookAt>
			<styleUrl>#__managed_style_066A1C928C40D806A1A3</styleUrl>
			<Point>
				<coordinates>83.95282233789419,28.3018632195229,1170.957336343095</coordinates>
			</Point>
		</Placemark>
		<Placemark id="01A8D8602F40D81040FC">
			<name>Untitled placemark</name>
			<LookAt>
				<longitude>83.95426254550532</longitude>
				<latitude>28.30500951039544</latitude>
				<altitude>1208.225545757847</altitude>
				<heading>-4.541209323098433</heading>
				<tilt>28.58237107154999</tilt>
				<gx:fovy>35</gx:fovy>
				<range>309.8173811123706</range>
				<altitudeMode>absolute</altitudeMode>
			</LookAt>
			<styleUrl>#__managed_style_066A1C928C40D806A1A3</styleUrl>
			<Point>
				<coordinates>83.95424229183349,28.30481432506734,1207.782570577127</coordinates>
			</Point>
		</Placemark>
		<Placemark id="02FD7E7A5540D8107B57">
			<name>Untitled placemark</name>
			<LookAt>
				<longitude>83.96165355448427</longitude>
				<latitude>28.31011011131007</latitude>
				<altitude>1281.83315268673</altitude>
				<heading>-4.541170545023693</heading>
				<tilt>28.58146153159481</tilt>
				<gx:fovy>35</gx:fovy>
				<range>98.37350776744643</range>
				<altitudeMode>absolute</altitudeMode>
			</LookAt>
			<styleUrl>#__managed_style_066A1C928C40D806A1A3</styleUrl>
			<Point>
				<coordinates>83.96165403586662,28.3101292742037,1282.036251720197</coordinates>
			</Point>
		</Placemark>
		<Placemark id="058E80295540D810A654">
			<name>Untitled placemark</name>
			<LookAt>
				<longitude>83.9610776254452</longitude>
				<latitude>28.31322567369163</latitude>
				<altitude>1170.577016995268</altitude>
				<heading>-4.541165403928676</heading>
				<tilt>28.58134094754647</tilt>
				<gx:fovy>35</gx:fovy>
				<range>70.33922788263226</range>
				<altitudeMode>absolute</altitudeMode>
			</LookAt>
			<styleUrl>#__managed_style_066A1C928C40D806A1A3</styleUrl>
			<Point>
				<coordinates>83.96098796818954,28.31317353134571,1169.266454856843</coordinates>
			</Point>
		</Placemark>
		<Placemark id="068506FE3240D810FA27">
			<name>Untitled placemark</name>
			<LookAt>
				<longitude>83.9716453833627</longitude>
				<latitude>28.32949395434734</latitude>
				<altitude>1208.995580463284</altitude>
				<heading>-4.541249870448193</heading>
				<tilt>28.58331970577833</tilt>
				<gx:fovy>35</gx:fovy>
				<range>530.3508947198134</range>
				<altitudeMode>absolute</altitudeMode>
			</LookAt>
			<styleUrl>#__managed_style_066A1C928C40D806A1A3</styleUrl>
			<Point>
				<coordinates>83.97145719333909,28.32872004168753,1209.799564253234</coordinates>
			</Point>
		</Placemark>
		<Placemark id="0E3ED4900740D8113399">
			<name>Untitled placemark</name>
			<LookAt>
				<longitude>83.97539606438988</longitude>
				<latitude>28.3294040463001</latitude>
				<altitude>1212.791326546278</altitude>
				<heading>-4.541199722843669</heading>
				<tilt>28.58214478732994</tilt>
				<gx:fovy>35</gx:fovy>
				<range>257.2122500150726</range>
				<altitudeMode>absolute</altitudeMode>
			</LookAt>
			<styleUrl>#__managed_style_066A1C928C40D806A1A3</styleUrl>
			<Point>
				<coordinates>83.97565999868668,28.32885319933093,1214.69839861272</coordinates>
			</Point>
		</Placemark>
		<Placemark id="0E13BD212F40D80E1D19">
			<name>Untitled placemark</name>
			<LookAt>
				<longitude>83.87274556587444</longitude>
				<latitude>28.24424057839978</latitude>
				<altitude>814.7058148668035</altitude>
				<heading>-4.541170189953211</heading>
				<tilt>28.58145435139784</tilt>
				<gx:fovy>35</gx:fovy>
				<range>96.69711256655319</range>
				<altitudeMode>absolute</altitudeMode>
			</LookAt>
			<styleUrl>#__managed_style_066A1C928C40D806A1A3</styleUrl>
			<Point>
				<coordinates>83.87272217966429,28.24414610767352,815.0629991028205</coordinates>
			</Point>
		</Placemark>
		<Placemark id="0FA9C4F18A40D80E7324">
			<name>Untitled placemark</name>
			<LookAt>
				<longitude>83.88728471950888</longitude>
				<latitude>28.24699646315946</latitude>
				<altitude>806.5170967032442</altitude>
				<heading>-4.541184494585065</heading>
				<tilt>28.58179059662194</tilt>
				<gx:fovy>35</gx:fovy>
				<range>174.8605822914579</range>
				<altitudeMode>absolute</altitudeMode>
			</LookAt>
			<styleUrl>#__managed_style_066A1C928C40D806A1A3</styleUrl>
			<Point>
				<coordinates>83.88776658384707,28.24669267369819,806.9203474252183</coordinates>
			</Point>
		</Placemark>
		<Placemark id="0A1F8B60FF40D80EA95B">
			<name>Untitled placemark</name>
			<LookAt>
				<longitude>83.89371289422257</longitude>
				<latitude>28.26105693567428</latitude>
				<altitude>1264.385582236925</altitude>
				<heading>-4.541185328099535</heading>
				<tilt>28.58180973790745</tilt>
				<gx:fovy>35</gx:fovy>
				<range>179.3230582065917</range>
				<altitudeMode>absolute</altitudeMode>
			</LookAt>
			<styleUrl>#__managed_style_066A1C928C40D806A1A3</styleUrl>
			<Point>
				<coordinates>83.8940565189657,28.26083760776027,1258.282815410928</coordinates>
			</Point>
		</Placemark>
		<Placemark id="0650A1EA5840D80EE80E">
			<name>Untitled placemark</name>
			<LookAt>
				<longitude>83.91393099224572</longitude>
				<latitude>28.2642337061585</latitude>
				<altitude>1509.91120459497</altitude>
				<heading>-4.541191469080994</heading>
				<tilt>28.58195390265135</tilt>
				<gx:fovy>35</gx:fovy>
				<range>212.8462224053874</range>
				<altitudeMode>absolute</altitudeMode>
			</LookAt>
			<styleUrl>#__managed_style_066A1C928C40D806A1A3</styleUrl>
			<Point>
				<coordinates>83.91445650652288,28.26386336661989,1491.759330913461</coordinates>
			</Point>
		</Placemark>
		<Placemark id="02E90FD52240D80F19E0">
			<name>Untitled placemark</name>
			<LookAt>
				<longitude>83.91728446851344</longitude>
				<latitude>28.26782422877264</latitude>
				<altitude>1617.858287286405</altitude>
				<heading>-4.541191883739169</heading>
				<tilt>28.58196350622975</tilt>
				<gx:fovy>35</gx:fovy>
				<range>215.0825594348135</range>
				<altitudeMode>absolute</altitudeMode>
			</LookAt>
			<styleUrl>#__managed_style_066A1C928C40D806A1A3</styleUrl>
			<Point>
				<coordinates>83.91700213491224,28.26759117575573,1606.238029893253</coordinates>
			</Point>
		</Placemark>
		<Placemark id="03A7C1DAA740D813036C">
			<name>Untitled placemark</name>
			<LookAt>
				<longitude>83.98645176439982</longitude>
				<latitude>28.32742992317101</latitude>
				<altitude>1277.96923411741</altitude>
				<heading>-4.538640377746689</heading>
				<tilt>42.09795814575249</tilt>
				<gx:fovy>35</gx:fovy>
				<range>516.9196149564233</range>
				<altitudeMode>absolute</altitudeMode>
			</LookAt>
			<styleUrl>#__managed_style_066A1C928C40D806A1A3</styleUrl>
			<Point>
				<coordinates>83.98658295552211,28.32690104004433,1289.422643507188</coordinates>
			</Point>
		</Placemark>
		<Placemark id="05103ACE3140D819F501">
			<name>Untitled placemark</name>
			<LookAt>
				<longitude>83.98311020726273</longitude>
				<latitude>28.14122492777924</latitude>
				<altitude>660.0029155968194</altitude>
				<heading>7.247186409833526</heading>
				<tilt>5.771229285559005</tilt>
				<gx:fovy>35</gx:fovy>
				<range>108.8553221243092</range>
				<altitudeMode>absolute</altitudeMode>
			</LookAt>
			<styleUrl>#__managed_style_066A1C928C40D806A1A3</styleUrl>
			<Point>
				<coordinates>83.9829865289913,28.14112086652339,654.4635120524111</coordinates>
			</Point>
		</Placemark>
		<Placemark id="026F9AC13840D81372E6">
			<name>Untitled placemark</name>
			<LookAt>
				<longitude>83.9938141020197</longitude>
				<latitude>28.30060331460284</latitude>
				<altitude>1361.637912781493</altitude>
				<heading>-4.538547763687739</heading>
				<tilt>42.09578785278475</tilt>
				<gx:fovy>35</gx:fovy>
				<range>156.8548324528274</range>
				<altitudeMode>absolute</altitudeMode>
			</LookAt>
			<styleUrl>#__managed_style_066A1C928C40D806A1A3</styleUrl>
			<Point>
				<coordinates>83.99408974063287,28.30043218906057,1356.346393372234</coordinates>
			</Point>
		</Placemark>
		<Placemark id="004E913FAB40D813BEE8">
			<name>Untitled placemark</name>
			<LookAt>
				<longitude>83.97628743783608</longitude>
				<latitude>28.29885441264998</latitude>
				<altitude>1344.330699697056</altitude>
				<heading>-4.538539901172513</heading>
				<tilt>42.0956033706647</tilt>
				<gx:fovy>35</gx:fovy>
				<range>126.2472132438961</range>
				<altitudeMode>absolute</altitudeMode>
			</LookAt>
			<styleUrl>#__managed_style_066A1C928C40D806A1A3</styleUrl>
			<Point>
				<coordinates>83.97636632912494,28.29869351629258,1346.031379547389</coordinates>
			</Point>
		</Placemark>
		<Placemark id="013880EDB240D81401B0">
			<name>Untitled placemark</name>
			<LookAt>
				<longitude>83.95748810565989</longitude>
				<latitude>28.2864224875397</latitude>
				<altitude>1113.208402279266</altitude>
				<heading>-4.538531321216512</heading>
				<tilt>42.09540227047163</tilt>
				<gx:fovy>35</gx:fovy>
				<range>92.87956494240463</range>
				<altitudeMode>absolute</altitudeMode>
			</LookAt>
			<styleUrl>#__managed_style_066A1C928C40D806A1A3</styleUrl>
			<Point>
				<coordinates>83.95755232494098,28.28637965873869,1113.243266987882</coordinates>
			</Point>
		</Placemark>
		<Placemark id="00146E42A340D8142F31">
			<name>Untitled placemark</name>
			<LookAt>
				<longitude>83.95707180878502</longitude>
				<latitude>28.28332499962771</latitude>
				<altitude>1213.059830252723</altitude>
				<heading>-4.538540860123932</heading>
				<tilt>42.09562638806778</tilt>
				<gx:fovy>35</gx:fovy>
				<range>130.0633122680847</range>
				<altitudeMode>absolute</altitudeMode>
			</LookAt>
			<styleUrl>#__managed_style_066A1C928C40D806A1A3</styleUrl>
			<Point>
				<coordinates>83.95705031870722,28.28324991556579,1215.31552695485</coordinates>
			</Point>
		</Placemark>
		<Placemark id="0A73267BE240D81464CB">
			<name>Untitled placemark</name>
			<LookAt>
				<longitude>83.94133048631825</longitude>
				<latitude>28.27603860769098</latitude>
				<altitude>1075.566635353542</altitude>
				<heading>-4.538558880058978</heading>
				<tilt>42.09605000204373</tilt>
				<gx:fovy>35</gx:fovy>
				<range>200.338824930077</range>
				<altitudeMode>absolute</altitudeMode>
			</LookAt>
			<styleUrl>#__managed_style_066A1C928C40D806A1A3</styleUrl>
			<Point>
				<coordinates>83.94092350367468,28.27582870121838,1073.886079763661</coordinates>
			</Point>
		</Placemark>
		<Placemark id="0049AC0A0E40D814BBAE">
			<name>Untitled placemark</name>
			<LookAt>
				<longitude>83.9458415526811</longitude>
				<latitude>28.2630407949318</latitude>
				<altitude>1044.28174771381</altitude>
				<heading>-4.538536792748539</heading>
				<tilt>42.09553144059651</tilt>
				<gx:fovy>35</gx:fovy>
				<range>114.3080146168904</range>
				<altitudeMode>absolute</altitudeMode>
			</LookAt>
			<styleUrl>#__managed_style_066A1C928C40D806A1A3</styleUrl>
			<Point>
				<coordinates>83.94580807157556,28.26292440571769,1044.352448223508</coordinates>
			</Point>
		</Placemark>
		<Placemark id="058214E3EB40D814F861">
			<name>Untitled placemark</name>
			<LookAt>
				<longitude>83.94394812143334</longitude>
				<latitude>28.24889599684367</latitude>
				<altitude>1522.455337848038</altitude>
				<heading>-4.538547088547298</heading>
				<tilt>42.09577402003297</tilt>
				<gx:fovy>35</gx:fovy>
				<range>154.5637731113129</range>
				<altitudeMode>absolute</altitudeMode>
			</LookAt>
			<styleUrl>#__managed_style_066A1C928C40D806A1A3</styleUrl>
			<Point>
				<coordinates>83.94359232610223,28.24873004124235,1517.43555959072</coordinates>
			</Point>
		</Placemark>
		<Placemark id="0BD548188440D81F1F70">
			<name>Untitled placemark</name>
			<LookAt>
				<longitude>83.9724987460194</longitude>
				<latitude>28.22053914887913</latitude>
				<altitude>855.5664951111596</altitude>
				<heading>7.244446372139397</heading>
				<tilt>5.771269253334419</tilt>
				<gx:fovy>35</gx:fovy>
				<range>153.0624788791829</range>
				<altitudeMode>absolute</altitudeMode>
			</LookAt>
			<styleUrl>#__managed_style_066A1C928C40D806A1A3</styleUrl>
			<Point>
				<coordinates>83.97220600508099,28.22051998561509,854.9494301650827</coordinates>
			</Point>
		</Placemark>
		<Placemark id="0EFD6812C040D81F5DD4">
			<name>Untitled placemark</name>
			<LookAt>
				<longitude>83.96648839131093</longitude>
				<latitude>28.21828673771189</latitude>
				<altitude>854.2522649535364</altitude>
				<heading>7.242342014575555</heading>
				<tilt>5.771199657222081</tilt>
				<gx:fovy>35</gx:fovy>
				<range>76.09183271652911</range>
				<altitudeMode>absolute</altitudeMode>
			</LookAt>
			<styleUrl>#__managed_style_066A1C928C40D806A1A3</styleUrl>
			<Point>
				<coordinates>83.96632128894375,28.21828402851632,857.2917708859219</coordinates>
			</Point>
		</Placemark>
		<Placemark id="09BDFFEBB040D81F9424">
			<name>Untitled placemark</name>
			<LookAt>
				<longitude>83.96241894661985</longitude>
				<latitude>28.20722937230232</latitude>
				<altitude>811.9271086736392</altitude>
				<heading>7.239097318629813</heading>
				<tilt>5.771265573899473</tilt>
				<gx:fovy>35</gx:fovy>
				<range>148.9922606556138</range>
				<altitudeMode>absolute</altitudeMode>
			</LookAt>
			<styleUrl>#__managed_style_066A1C928C40D806A1A3</styleUrl>
			<Point>
				<coordinates>83.96187623508557,28.20719617693205,809.8616328367499</coordinates>
			</Point>
		</Placemark>
		<Placemark id="0FF4EB6B8140D8209CF7">
			<name>Untitled placemark</name>
			<LookAt>
				<longitude>83.99409347694572</longitude>
				<latitude>28.18983647362316</latitude>
				<altitude>808.1801702167554</altitude>
				<heading>22.34237040802057</heading>
				<tilt>61.11512856050868</tilt>
				<gx:fovy>35</gx:fovy>
				<range>172.6271656395511</range>
				<altitudeMode>absolute</altitudeMode>
			</LookAt>
			<styleUrl>#__managed_style_066A1C928C40D806A1A3</styleUrl>
			<Point>
				<coordinates>83.99407107069929,28.18954766650164,807.3815995548532</coordinates>
			</Point>
		</Placemark>
		<Placemark id="0F553492DB40D821461C">
			<name>Untitled placemark</name>
			<LookAt>
				<longitude>83.99339435583828</longitude>
				<latitude>28.20465872632175</latitude>
				<altitude>840.2899755540217</altitude>
				<heading>22.34345148552278</heading>
				<tilt>61.11504698834951</tilt>
				<gx:fovy>35</gx:fovy>
				<range>162.2673465769185</range>
				<altitudeMode>absolute</altitudeMode>
			</LookAt>
			<styleUrl>#__managed_style_066A1C928C40D806A1A3</styleUrl>
			<Point>
				<coordinates>83.9929220005554,28.20460211912079,839.225457680259</coordinates>
			</Point>
		</Placemark>
		<Placemark id="09FEB0ABE440D821F97C">
			<name>Untitled placemark</name>
			<LookAt>
				<longitude>83.99497051789231</longitude>
				<latitude>28.18124167230843</latitude>
				<altitude>791.9061789574188</altitude>
				<heading>22.33956541551385</heading>
				<tilt>61.11514331197487</tilt>
				<gx:fovy>35</gx:fovy>
				<range>174.500332864609</range>
				<altitudeMode>absolute</altitudeMode>
			</LookAt>
			<styleUrl>#__managed_style_066A1C928C40D806A1A3</styleUrl>
			<Point>
				<coordinates>83.99483494295264,28.18107328527032,791.3044052033465</coordinates>
			</Point>
		</Placemark>
		<Placemark id="0A8692422A40D82244C7">
			<name>Untitled placemark</name>
			<LookAt>
				<longitude>83.9859801413254</longitude>
				<latitude>28.17658090062654</latitude>
				<altitude>764.9351538874474</altitude>
				<heading>22.33695117871949</heading>
				<tilt>61.11520733536048</tilt>
				<gx:fovy>35</gx:fovy>
				<range>182.6312780848093</range>
				<altitudeMode>absolute</altitudeMode>
			</LookAt>
			<styleUrl>#__managed_style_066A1C928C40D806A1A3</styleUrl>
			<Point>
				<coordinates>83.98546262608792,28.17665016951185,756.8247973808174</coordinates>
			</Point>
		</Placemark>
		<Placemark id="076714DA5640D822D3EC">
			<name>Untitled placemark</name>
			<LookAt>
				<longitude>84.0042294251851</longitude>
				<latitude>28.16913514043695</latitude>
				<altitude>728.4105030006624</altitude>
				<heading>22.34006162568329</heading>
				<tilt>61.1148495732342</tilt>
				<gx:fovy>35</gx:fovy>
				<range>137.1907369688051</range>
				<altitudeMode>absolute</altitudeMode>
			</LookAt>
			<styleUrl>#__managed_style_066A1C928C40D806A1A3</styleUrl>
			<Point>
				<coordinates>84.00423862586348,28.16896922302818,724.47598094955</coordinates>
			</Point>
		</Placemark>
		<Placemark id="08B148855E40D81A8FE4">
			<name>Untitled placemark</name>
			<LookAt>
				<longitude>83.9898060460484</longitude>
				<latitude>28.1394446345251</latitude>
				<altitude>685.7992006328227</altitude>
				<heading>7.249341462321429</heading>
				<tilt>5.77121991694413</tilt>
				<gx:fovy>35</gx:fovy>
				<range>98.49495838809162</range>
				<altitudeMode>absolute</altitudeMode>
			</LookAt>
			<styleUrl>#__managed_style_066A1C928C40D806A1A3</styleUrl>
			<Point>
				<coordinates>83.98988101645524,28.13932654467563,685.8489267349663</coordinates>
			</Point>
		</Placemark>
		<Placemark id="058BD3E74940D81AB814">
			<name>Untitled placemark</name>
			<LookAt>
				<longitude>83.98890760069156</longitude>
				<latitude>28.14228691554775</latitude>
				<altitude>747.3432409667116</altitude>
				<heading>7.24968373979953</heading>
				<tilt>5.771229030108078</tilt>
				<gx:fovy>35</gx:fovy>
				<range>108.5746413960624</range>
				<altitudeMode>absolute</altitudeMode>
			</LookAt>
			<styleUrl>#__managed_style_066A1C928C40D806A1A3</styleUrl>
			<Point>
				<coordinates>83.98904952701967,28.14227521359446,751.2333714062527</coordinates>
			</Point>
		</Placemark>
		<Placemark id="0EF884E6DC40D81AF648">
			<name>Untitled placemark</name>
			<LookAt>
				<longitude>83.97378802121094</longitude>
				<latitude>28.15962870878587</latitude>
				<altitude>1108.408035112876</altitude>
				<heading>7.249791050460662</heading>
				<tilt>5.771354485088614</tilt>
				<gx:fovy>35</gx:fovy>
				<range>247.3347915615159</range>
				<altitudeMode>absolute</altitudeMode>
			</LookAt>
			<styleUrl>#__managed_style_066A1C928C40D806A1A3</styleUrl>
			<Point>
				<coordinates>83.97344370271809,28.15927233805344,1092.695826061833</coordinates>
			</Point>
		</Placemark>
		<Placemark id="007CA4D5F840D81B457B">
			<name>Untitled placemark</name>
			<LookAt>
				<longitude>83.95430799875936</longitude>
				<latitude>28.16815284185222</latitude>
				<altitude>979.2192099056703</altitude>
				<heading>7.249298726981139</heading>
				<tilt>5.771246468687501</tilt>
				<gx:fovy>35</gx:fovy>
				<range>127.8655775303923</range>
				<altitudeMode>absolute</altitudeMode>
			</LookAt>
			<styleUrl>#__managed_style_066A1C928C40D806A1A3</styleUrl>
			<Point>
				<coordinates>83.95413033031303,28.16803935543363,971.9732262090953</coordinates>
			</Point>
		</Placemark>
		<Placemark id="062A0BE18B40D81B993C">
			<name>Untitled placemark</name>
			<LookAt>
				<longitude>83.94711400052961</longitude>
				<latitude>28.15757968701504</latitude>
				<altitude>1175.596166744109</altitude>
				<heading>7.243425472859901</heading>
				<tilt>5.771310632651978</tilt>
				<gx:fovy>35</gx:fovy>
				<range>198.8360820979869</range>
				<altitudeMode>absolute</altitudeMode>
			</LookAt>
			<styleUrl>#__managed_style_066A1C928C40D806A1A3</styleUrl>
			<Point>
				<coordinates>83.94672261562576,28.15734334658473,1161.859637070556</coordinates>
			</Point>
		</Placemark>
		<Placemark id="01B6E5473740D81C8556">
			<name>Untitled placemark</name>
			<LookAt>
				<longitude>83.94833757488709</longitude>
				<latitude>28.19727592278315</latitude>
				<altitude>925.6064651579482</altitude>
				<heading>7.243436303274298</heading>
				<tilt>5.771212304252882</tilt>
				<gx:fovy>35</gx:fovy>
				<range>90.07981523894161</range>
				<altitudeMode>absolute</altitudeMode>
			</LookAt>
			<styleUrl>#__managed_style_066A1C928C40D806A1A3</styleUrl>
			<Point>
				<coordinates>83.94833783376544,28.1972870086206,925.9435711463668</coordinates>
			</Point>
		</Placemark>
		<Placemark id="03554DD86240D817A5C8">
			<name>Untitled placemark</name>
			<LookAt>
				<longitude>83.9489441102676</longitude>
				<latitude>28.14275657345815</latitude>
				<altitude>784.2461430518533</altitude>
				<heading>-4.520435195622</heading>
				<tilt>58.4626030549599</tilt>
				<gx:fovy>35</gx:fovy>
				<range>255.5058456174083</range>
				<altitudeMode>absolute</altitudeMode>
			</LookAt>
			<styleUrl>#__managed_style_066A1C928C40D806A1A3</styleUrl>
			<Point>
				<coordinates>83.94882749147474,28.14169630711673,827.6089997808982</coordinates>
			</Point>
		</Placemark>
		<Placemark id="0BF972C06240D817DE9C">
			<name>Untitled placemark</name>
			<LookAt>
				<longitude>83.93340185017387</longitude>
				<latitude>28.14930220038412</latitude>
				<altitude>1024.688841896608</altitude>
				<heading>-4.520381783904726</heading>
				<tilt>58.46133586804155</tilt>
				<gx:fovy>35</gx:fovy>
				<range>90.16198562307181</range>
				<altitudeMode>absolute</altitudeMode>
			</LookAt>
			<styleUrl>#__managed_style_066A1C928C40D806A1A3</styleUrl>
			<Point>
				<coordinates>83.93332255207586,28.14897437578023,1038.74926926517</coordinates>
			</Point>
		</Placemark>
		<Placemark id="0F5DB1280340D8180996">
			<name>Untitled placemark</name>
			<LookAt>
				<longitude>83.9370162451122</longitude>
				<latitude>28.1501135088339</latitude>
				<altitude>918.1912121670206</altitude>
				<heading>-4.520324538233345</heading>
				<tilt>58.46136816564685</tilt>
				<gx:fovy>35</gx:fovy>
				<range>94.37505318589503</range>
				<altitudeMode>absolute</altitudeMode>
			</LookAt>
			<styleUrl>#__managed_style_066A1C928C40D806A1A3</styleUrl>
			<Point>
				<coordinates>83.93706698481492,28.14991004761545,919.2149087740114</coordinates>
			</Point>
		</Placemark>
		<Placemark id="0323B640F840D81855C3">
			<name>Untitled placemark</name>
			<LookAt>
				<longitude>83.96596494243008</longitude>
				<latitude>28.143283064561</latitude>
				<altitude>661.1286840129768</altitude>
				<heading>-4.520353081106507</heading>
				<tilt>58.46204543584351</tilt>
				<gx:fovy>35</gx:fovy>
				<range>182.7422640193436</range>
				<altitudeMode>absolute</altitudeMode>
			</LookAt>
			<styleUrl>#__managed_style_066A1C928C40D806A1A3</styleUrl>
			<Point>
				<coordinates>83.96584343652803,28.14306018834311,662.1354934725673</coordinates>
			</Point>
		</Placemark>
		<Placemark id="01EEA2D53C40D8189C36">
			<name>Untitled placemark</name>
			<LookAt>
				<longitude>83.96765009703489</longitude>
				<latitude>28.1451214029464</latitude>
				<altitude>674.920426819368</altitude>
				<heading>7.238979161538351</heading>
				<tilt>5.77123042229152</tilt>
				<gx:fovy>35</gx:fovy>
				<range>110.1125794127802</range>
				<altitudeMode>absolute</altitudeMode>
			</LookAt>
			<styleUrl>#__managed_style_066A1C928C40D806A1A3</styleUrl>
			<Point>
				<coordinates>83.96770873123972,28.14496389006472,676.3635363520883</coordinates>
			</Point>
		</Placemark>
		<Placemark id="0207A49AB140D81A24C0">
			<name>Untitled placemark</name>
			<LookAt>
				<longitude>83.98439733276223</longitude>
				<latitude>28.13851290656179</latitude>
				<altitude>613.0711671486974</altitude>
				<heading>7.248591625779745</heading>
				<tilt>5.771282767304907</tilt>
				<gx:fovy>35</gx:fovy>
				<range>168.0011485833347</range>
				<altitudeMode>absolute</altitudeMode>
			</LookAt>
			<styleUrl>#__managed_style_066A1C928C40D806A1A3</styleUrl>
			<Point>
				<coordinates>83.98420764647099,28.13834600880867,613.1121933018263</coordinates>
			</Point>
		</Placemark>
		<Placemark id="09DE703F9440D81A6588">
			<name>Untitled placemark</name>
			<LookAt>
				<longitude>83.98782645035286</longitude>
				<latitude>28.13707724056652</latitude>
				<altitude>605.2300444174292</altitude>
				<heading>7.249122577008612</heading>
				<tilt>5.771221047594169</tilt>
				<gx:fovy>35</gx:fovy>
				<range>99.74404557278834</range>
				<altitudeMode>absolute</altitudeMode>
			</LookAt>
			<styleUrl>#__managed_style_066A1C928C40D806A1A3</styleUrl>
			<Point>
				<coordinates>83.98784184816623,28.13689530131283,604.9236586478718</coordinates>
			</Point>
		</Placemark>
		<Placemark id="0F6E5300F240D81BCE50">
			<name>Untitled placemark</name>
			<LookAt>
				<longitude>83.93620657777591</longitude>
				<latitude>28.17198042762857</latitude>
				<altitude>992.4144905751117</altitude>
				<heading>7.238370437252404</heading>
				<tilt>5.771229614211626</tilt>
				<gx:fovy>35</gx:fovy>
				<range>109.2251902548924</range>
				<altitudeMode>absolute</altitudeMode>
			</LookAt>
			<styleUrl>#__managed_style_066A1C928C40D806A1A3</styleUrl>
			<Point>
				<coordinates>83.93622810132341,28.17191654217064,992.4563450260976</coordinates>
			</Point>
		</Placemark>
		<Placemark id="01F074644740D8155060">
			<name>Untitled placemark</name>
			<LookAt>
				<longitude>83.92509820288214</longitude>
				<latitude>28.21434305690009</latitude>
				<altitude>963.127541201364</altitude>
				<heading>-4.538567698036379</heading>
				<tilt>42.0962608401978</tilt>
				<gx:fovy>35</gx:fovy>
				<range>235.3131038583888</range>
				<altitudeMode>absolute</altitudeMode>
			</LookAt>
			<styleUrl>#__managed_style_066A1C928C40D806A1A3</styleUrl>
			<Point>
				<coordinates>83.92450205414342,28.21395565574586,978.8082126454574</coordinates>
			</Point>
		</Placemark>
		<Placemark id="082BD125BA40D8158AFE">
			<name>Untitled placemark</name>
			<LookAt>
				<longitude>83.93022931920272</longitude>
				<latitude>28.19718412810481</latitude>
				<altitude>1301.378218983965</altitude>
				<heading>-4.538540490096213</heading>
				<tilt>42.09562049907934</tilt>
				<gx:fovy>35</gx:fovy>
				<range>129.0881147750224</range>
				<altitudeMode>absolute</altitudeMode>
			</LookAt>
			<styleUrl>#__managed_style_066A1C928C40D806A1A3</styleUrl>
			<Point>
				<coordinates>83.93008915614239,28.19704483745925,1294.234435566436</coordinates>
			</Point>
		</Placemark>
		<Placemark id="0CD715D1EA40D81619A0">
			<name>Untitled placemark</name>
			<LookAt>
				<longitude>83.90111361597555</longitude>
				<latitude>28.2016430557129</latitude>
				<altitude>1232.259943001845</altitude>
				<heading>-4.53817280499804</heading>
				<tilt>69.19532351760836</tilt>
				<gx:fovy>35</gx:fovy>
				<range>206.5106719755932</range>
				<altitudeMode>absolute</altitudeMode>
			</LookAt>
			<styleUrl>#__managed_style_066A1C928C40D806A1A3</styleUrl>
			<Point>
				<coordinates>83.90137474940462,28.20141183143594,1222.682930308246</coordinates>
			</Point>
		</Placemark>
		<Placemark id="00B57AF4BC40D8167A97">
			<name>Untitled placemark</name>
			<LookAt>
				<longitude>83.9151705399272</longitude>
				<latitude>28.18942282395515</latitude>
				<altitude>866.0716476030969</altitude>
				<heading>-4.527756431317655</heading>
				<tilt>69.19410865615602</tilt>
				<gx:fovy>35</gx:fovy>
				<range>61.96838871465845</range>
				<altitudeMode>absolute</altitudeMode>
			</LookAt>
			<styleUrl>#__managed_style_066A1C928C40D806A1A3</styleUrl>
			<Point>
				<coordinates>83.91506170807936,28.18929022992951,861.7438188576077</coordinates>
			</Point>
		</Placemark>
		<Placemark id="01D683062240D816B28F">
			<name>Untitled placemark</name>
			<LookAt>
				<longitude>83.91907932062865</longitude>
				<latitude>28.18752190405623</latitude>
				<altitude>849.6986178915928</altitude>
				<heading>-4.526539184301948</heading>
				<tilt>69.1942020863914</tilt>
				<gx:fovy>35</gx:fovy>
				<range>73.08346723562863</range>
				<altitudeMode>absolute</altitudeMode>
			</LookAt>
			<styleUrl>#__managed_style_066A1C928C40D806A1A3</styleUrl>
			<Point>
				<coordinates>83.91912332697657,28.1873881948483,846.8782707872036</coordinates>
			</Point>
		</Placemark>
		<Placemark id="0A3DF987E840D8173094">
			<name>Untitled placemark</name>
			<LookAt>
				<longitude>83.92715776636084</longitude>
				<latitude>28.17925227325645</latitude>
				<altitude>818.7171913037577</altitude>
				<heading>-4.5203923819797</heading>
				<tilt>58.4615860132085</tilt>
				<gx:fovy>35</gx:fovy>
				<range>122.7990354319445</range>
				<altitudeMode>absolute</altitudeMode>
			</LookAt>
			<styleUrl>#__managed_style_066A1C928C40D806A1A3</styleUrl>
			<Point>
				<coordinates>83.92715577469831,28.178963154124,821.3506768419729</coordinates>
			</Point>
		</Placemark>
		<Placemark id="0591B5EF0E40D8175DFE">
			<name>Untitled placemark</name>
			<LookAt>
				<longitude>83.93456172959759</longitude>
				<latitude>28.1778179490199</latitude>
				<altitude>846.6509596361486</altitude>
				<heading>-4.520385475617244</heading>
				<tilt>58.46142248445615</tilt>
				<gx:fovy>35</gx:fovy>
				<range>101.4615983957447</range>
				<altitudeMode>absolute</altitudeMode>
			</LookAt>
			<styleUrl>#__managed_style_066A1C928C40D806A1A3</styleUrl>
			<Point>
				<coordinates>83.93450357117828,28.17739559749675,864.0216259384396</coordinates>
			</Point>
		</Placemark>
		<Placemark id="0F228FB73B40D8299D7C">
			<name>Untitled placemark</name>
			<LookAt>
				<longitude>84.01241441444378</longitude>
				<latitude>28.11675173672758</latitude>
				<altitude>572.3826829378872</altitude>
				<heading>55.31598218271549</heading>
				<tilt>0</tilt>
				<gx:fovy>35</gx:fovy>
				<range>94.97416515734585</range>
				<altitudeMode>absolute</altitudeMode>
			</LookAt>
			<styleUrl>#__managed_style_066A1C928C40D806A1A3</styleUrl>
			<Point>
				<coordinates>84.01239471150637,28.11671702758978,571.965324107096</coordinates>
			</Point>
		</Placemark>
		<Placemark id="011DF406B540D82A4758">
			<name>Untitled placemark</name>
			<LookAt>
				<longitude>84.04605045490057</longitude>
				<latitude>28.09230341724084</latitude>
				<altitude>552.4099086793038</altitude>
				<heading>55.33574029489893</heading>
				<tilt>0</tilt>
				<gx:fovy>35</gx:fovy>
				<range>106.5605543668971</range>
				<altitudeMode>absolute</altitudeMode>
			</LookAt>
			<styleUrl>#__managed_style_066A1C928C40D806A1A3</styleUrl>
			<Point>
				<coordinates>84.04594974960794,28.09231116232166,551.1951671319445</coordinates>
			</Point>
		</Placemark>
		<Placemark id="08C3D9A27540D82AB5E0">
			<name>Untitled placemark</name>
			<LookAt>
				<longitude>84.06952680289612</longitude>
				<latitude>28.10065210944216</latitude>
				<altitude>598.3482575599597</altitude>
				<heading>55.34591093837633</heading>
				<tilt>0</tilt>
				<gx:fovy>35</gx:fovy>
				<range>135.4364128844645</range>
				<altitudeMode>absolute</altitudeMode>
			</LookAt>
			<styleUrl>#__managed_style_066A1C928C40D806A1A3</styleUrl>
			<Point>
				<coordinates>84.06943362884263,28.10079359678621,595.5142427494342</coordinates>
			</Point>
		</Placemark>
		<Placemark id="081D16957140D82B1163">
			<name>Untitled placemark</name>
			<LookAt>
				<longitude>84.10412660788062</longitude>
				<latitude>28.13543827189855</latitude>
				<altitude>634.0531327033065</altitude>
				<heading>55.37058557958209</heading>
				<tilt>0</tilt>
				<gx:fovy>35</gx:fovy>
				<range>95.55502476930087</range>
				<altitudeMode>absolute</altitudeMode>
			</LookAt>
			<styleUrl>#__managed_style_066A1C928C40D806A1A3</styleUrl>
			<Point>
				<coordinates>84.1040876518049,28.13539183995275,634.0515098766643</coordinates>
			</Point>
		</Placemark>
		<Placemark id="00FBC3189440D82BE80E">
			<name>Untitled placemark</name>
			<LookAt>
				<longitude>84.05711055491118</longitude>
				<latitude>28.12995967032156</latitude>
				<altitude>750.9932967286585</altitude>
				<heading>55.3200659169909</heading>
				<tilt>0</tilt>
				<gx:fovy>35</gx:fovy>
				<range>107.6107545714876</range>
				<altitudeMode>absolute</altitudeMode>
			</LookAt>
			<styleUrl>#__managed_style_066A1C928C40D806A1A3</styleUrl>
			<Point>
				<coordinates>84.05715706900857,28.12976716789944,752.6379878538517</coordinates>
			</Point>
		</Placemark>
		<Placemark id="08D24FD4F640D82C1091">
			<name>Untitled placemark</name>
			<LookAt>
				<longitude>84.05633079029421</longitude>
				<latitude>28.13097967935274</latitude>
				<altitude>764.5411976954538</altitude>
				<heading>55.31985447231931</heading>
				<tilt>0</tilt>
				<gx:fovy>35</gx:fovy>
				<range>181.8431122297807</range>
				<altitudeMode>absolute</altitudeMode>
			</LookAt>
			<styleUrl>#__managed_style_066A1C928C40D806A1A3</styleUrl>
			<Point>
				<coordinates>84.05584492900871,28.13137599546501,755.1193945089504</coordinates>
			</Point>
		</Placemark>
		<Placemark id="05AE6159D740D82C544E">
			<name>Untitled placemark</name>
			<LookAt>
				<longitude>84.06352016372009</longitude>
				<latitude>28.13565400170737</latitude>
				<altitude>621.9523356449855</altitude>
				<heading>55.32335867532513</heading>
				<tilt>0</tilt>
				<gx:fovy>35</gx:fovy>
				<range>77.14412469946183</range>
				<altitudeMode>absolute</altitudeMode>
			</LookAt>
			<styleUrl>#__managed_style_066A1C928C40D806A1A3</styleUrl>
			<Point>
				<coordinates>84.06344694019523,28.13572368930568,621.9356324358286</coordinates>
			</Point>
		</Placemark>
		<Placemark id="0DCBC3F25740D82CE05B">
			<name>Untitled placemark</name>
			<LookAt>
				<longitude>84.10013610084857</longitude>
				<latitude>28.15483995819562</latitude>
				<altitude>671.8476955281023</altitude>
				<heading>55.3406914190976</heading>
				<tilt>73.77259511872873</tilt>
				<gx:fovy>35</gx:fovy>
				<range>241.0996928473469</range>
				<altitudeMode>absolute</altitudeMode>
			</LookAt>
			<styleUrl>#__managed_style_066A1C928C40D806A1A3</styleUrl>
			<Point>
				<coordinates>84.09994961700846,28.1543337501569,671.720580103557</coordinates>
			</Point>
		</Placemark>
		<Placemark id="0E3F12B59740D82D2433">
			<name>Untitled placemark</name>
			<LookAt>
				<longitude>84.07492283369616</longitude>
				<latitude>28.16076346185955</latitude>
				<altitude>695.9975806299407</altitude>
				<heading>55.32409290107626</heading>
				<tilt>73.77156165114356</tilt>
				<gx:fovy>35</gx:fovy>
				<range>121.4015189009479</range>
				<altitudeMode>absolute</altitudeMode>
			</LookAt>
			<styleUrl>#__managed_style_066A1C928C40D806A1A3</styleUrl>
			<Point>
				<coordinates>84.07443286259145,28.16058823706846,696.9907947002209</coordinates>
			</Point>
		</Placemark>
		<Placemark id="026097274D40D82D71A4">
			<name>Untitled placemark</name>
			<LookAt>
				<longitude>84.07354853158849</longitude>
				<latitude>28.19396187887932</latitude>
				<altitude>921.3629443996369</altitude>
				<heading>55.32746171120495</heading>
				<tilt>73.77187875863666</tilt>
				<gx:fovy>35</gx:fovy>
				<range>158.135383228655</range>
				<altitudeMode>absolute</altitudeMode>
			</LookAt>
			<styleUrl>#__managed_style_066A1C928C40D806A1A3</styleUrl>
			<Point>
				<coordinates>84.07312334621513,28.19412907993123,910.848052035086</coordinates>
			</Point>
		</Placemark>
		<Placemark id="07B3F4B14C40D82E18C6">
			<name>Untitled placemark</name>
			<LookAt>
				<longitude>84.09052601174925</longitude>
				<latitude>28.21062522821127</latitude>
				<altitude>1193.867058143849</altitude>
				<heading>55.34299636193324</heading>
				<tilt>69.9737191214473</tilt>
				<gx:fovy>35</gx:fovy>
				<range>95.86946946541504</range>
				<altitudeMode>absolute</altitudeMode>
			</LookAt>
			<styleUrl>#__managed_style_066A1C928C40D806A1A3</styleUrl>
			<Point>
				<coordinates>84.09033653316072,28.21073711897732,1190.321935171746</coordinates>
			</Point>
		</Placemark>
		<Placemark id="0B9EA5E2E540D82F0574">
			<name>Untitled placemark</name>
			<LookAt>
				<longitude>84.00372070781137</longitude>
				<latitude>28.22441264277737</latitude>
				<altitude>876.8423948458319</altitude>
				<heading>55.29595641494387</heading>
				<tilt>53.02982632569653</tilt>
				<gx:fovy>35</gx:fovy>
				<range>606.961668091608</range>
				<altitudeMode>absolute</altitudeMode>
			</LookAt>
			<styleUrl>#__managed_style_066A1C928C40D806A1A3</styleUrl>
			<Point>
				<coordinates>84.00249653150391,28.22442825653042,877.5671606766156</coordinates>
			</Point>
		</Placemark>
		<Placemark id="08ECCEB09640D82F4847">
			<name>Untitled placemark</name>
			<LookAt>
				<longitude>84.02041991151999</longitude>
				<latitude>28.24470613209316</latitude>
				<altitude>1016.555849639151</altitude>
				<heading>55.30651375340545</heading>
				<tilt>53.02750419101699</tilt>
				<gx:fovy>35</gx:fovy>
				<range>283.7176890909177</range>
				<altitudeMode>absolute</altitudeMode>
			</LookAt>
			<styleUrl>#__managed_style_066A1C928C40D806A1A3</styleUrl>
			<Point>
				<coordinates>84.01965913538096,28.24476338398073,1034.711539487496</coordinates>
			</Point>
		</Placemark>
		<Placemark id="0D6C1DEF2840D82FB4FC">
			<name>Untitled placemark</name>
			<LookAt>
				<longitude>84.03028357797417</longitude>
				<latitude>28.2583394448784</latitude>
				<altitude>1259.030413955451</altitude>
				<heading>55.31539930864411</heading>
				<tilt>53.0270037990261</tilt>
				<gx:fovy>35</gx:fovy>
				<range>214.0677746020447</range>
				<altitudeMode>absolute</altitudeMode>
			</LookAt>
			<styleUrl>#__managed_style_066A1C928C40D806A1A3</styleUrl>
			<Point>
				<coordinates>84.02964446077223,28.25802770545507,1271.48084378732</coordinates>
			</Point>
		</Placemark>
		<Placemark id="053E31699840D82FD9F8">
			<name>Untitled placemark</name>
			<LookAt>
				<longitude>84.03034627247899</longitude>
				<latitude>28.25994692997759</latitude>
				<altitude>1282.482626895172</altitude>
				<heading>55.31509658739032</heading>
				<tilt>53.0260135395941</tilt>
				<gx:fovy>35</gx:fovy>
				<range>76.21181155961496</range>
				<altitudeMode>absolute</altitudeMode>
			</LookAt>
			<styleUrl>#__managed_style_066A1C928C40D806A1A3</styleUrl>
			<Point>
				<coordinates>84.0301232770274,28.25993422563754,1277.448841526444</coordinates>
			</Point>
		</Placemark>
		<Placemark id="05918C9DB540D83036D9">
			<name>Untitled placemark</name>
			<LookAt>
				<longitude>84.04455345993665</longitude>
				<latitude>28.27115883338002</latitude>
				<altitude>1467.804418506294</altitude>
				<heading>55.32252340982421</heading>
				<tilt>53.02778527648039</tilt>
				<gx:fovy>35</gx:fovy>
				<range>322.8695912382319</range>
				<altitudeMode>absolute</altitudeMode>
			</LookAt>
			<styleUrl>#__managed_style_066A1C928C40D806A1A3</styleUrl>
			<Point>
				<coordinates>84.04380689025126,28.27156074966776,1498.760756432102</coordinates>
			</Point>
		</Placemark>
		<Placemark id="08D2F2F8A640D83072A4">
			<name>Untitled placemark</name>
			<LookAt>
				<longitude>84.05104312757065</longitude>
				<latitude>28.28243845233156</latitude>
				<altitude>1340.386805279179</altitude>
				<heading>55.32428356678341</heading>
				<tilt>53.0266941496298</tilt>
				<gx:fovy>35</gx:fovy>
				<range>170.9629676503209</range>
				<altitudeMode>absolute</altitudeMode>
			</LookAt>
			<styleUrl>#__managed_style_066A1C928C40D806A1A3</styleUrl>
			<Point>
				<coordinates>84.05042103100739,28.28242482997918,1353.598843416617</coordinates>
			</Point>
		</Placemark>
		<Placemark id="0615E2B23D40D8312894">
			<name>Untitled placemark</name>
			<LookAt>
				<longitude>84.03604989499708</longitude>
				<latitude>28.18361700133466</latitude>
				<altitude>770.5069478751536</altitude>
				<heading>55.29978616251897</heading>
				<tilt>53.0262203405593</tilt>
				<gx:fovy>35</gx:fovy>
				<range>104.9927056582056</range>
				<altitudeMode>absolute</altitudeMode>
			</LookAt>
			<styleUrl>#__managed_style_066A1C928C40D806A1A3</styleUrl>
			<Point>
				<coordinates>84.03593130317415,28.18363592444002,770.3028775158023</coordinates>
			</Point>
		</Placemark>
		<Placemark id="032601E31F40D83187A6">
			<name>Untitled placemark</name>
			<LookAt>
				<longitude>84.03622794051914</longitude>
				<latitude>28.21767660771638</latitude>
				<altitude>815.2421774815402</altitude>
				<heading>55.31233045338272</heading>
				<tilt>53.02604081212235</tilt>
				<gx:fovy>35</gx:fovy>
				<range>80.0026354117017</range>
				<altitudeMode>absolute</altitudeMode>
			</LookAt>
			<styleUrl>#__managed_style_066A1C928C40D806A1A3</styleUrl>
			<Point>
				<coordinates>84.0361738549048,28.21769139533648,815.2421910791406</coordinates>
			</Point>
		</Placemark>
		<Placemark id="0AAA90A44F40D8325F6F">
			<name>Untitled placemark</name>
			<LookAt>
				<longitude>84.01793354821905</longitude>
				<latitude>28.20101081454886</latitude>
				<altitude>819.4126194812675</altitude>
				<heading>55.33972123056584</heading>
				<tilt>53.02680294271866</tilt>
				<gx:fovy>35</gx:fovy>
				<range>186.093281334779</range>
				<altitudeMode>absolute</altitudeMode>
			</LookAt>
			<styleUrl>#__managed_style_066A1C928C40D806A1A3</styleUrl>
			<Point>
				<coordinates>84.01754510620303,28.20082218418745,819.2601228199419</coordinates>
			</Point>
		</Placemark>
	</Folder>
</Document>
</kml>
